Grade,BraTS_2018_subject_ID,2,subset,seg,sampling_mask,flair,t1,t1ce,t2,exists,error,BraTS_2020_subject_ID,BraTS_2017_subject_ID,TCGA_TCIA_subject_ID,BraTS_2019_subject_ID
HGG,Brats18_2013_10_1,Brats18_2013_10_1,MICCAI_BraTS2020_TrainingData,/home/feiner/datasets/BraTS/ssn/MICCAI_BraTS2020_TrainingData/BraTS20_Training_130/BraTS20_Training_130_seg.nii.gz,/home/feiner/datasets/BraTS/ssn/MICCAI_BraTS2020_TrainingData/BraTS20_Training_130/BraTS20_Training_130_brain_mask.nii.gz,/home/feiner/datasets/BraTS/ssn/MICCAI_BraTS2020_TrainingData/BraTS20_Training_130/BraTS20_Training_130_flair.nii.gz,/home/feiner/datasets/BraTS/ssn/MICCAI_BraTS2020_TrainingData/BraTS20_Training_130/BraTS20_Training_130_t1.nii.gz,/home/feiner/datasets/BraTS/ssn/MICCAI_BraTS2020_TrainingData/BraTS20_Training_130/BraTS20_Training_130_t1ce.nii.gz,/home/feiner/datasets/BraTS/ssn/MICCAI_BraTS2020_TrainingData/BraTS20_Training_130/BraTS20_Training_130_t2.nii.gz,True,,BraTS20_Training_130,Brats17_2013_10_1,,BraTS19_2013_10_1
HGG,Brats18_2013_11_1,Brats18_2013_11_1,MICCAI_BraTS2020_TrainingData,/home/feiner/datasets/BraTS/ssn/MICCAI_BraTS2020_TrainingData/BraTS20_Training_147/BraTS20_Training_147_seg.nii.gz,/home/feiner/datasets/BraTS/ssn/MICCAI_BraTS2020_TrainingData/BraTS20_Training_147/BraTS20_Training_147_brain_mask.nii.gz,/home/feiner/datasets/BraTS/ssn/MICCAI_BraTS2020_TrainingData/BraTS20_Training_147/BraTS20_Training_147_flair.nii.gz,/home/feiner/datasets/BraTS/ssn/MICCAI_BraTS2020_TrainingData/BraTS20_Training_147/BraTS20_Training_147_t1.nii.gz,/home/feiner/datasets/BraTS/ssn/MICCAI_BraTS2020_TrainingData/BraTS20_Training_147/BraTS20_Training_147_t1ce.nii.gz,/home/feiner/datasets/BraTS/ssn/MICCAI_BraTS2020_TrainingData/BraTS20_Training_147/BraTS20_Training_147_t2.nii.gz,True,,BraTS20_Training_147,Brats17_2013_11_1,,BraTS19_2013_11_1
HGG,Brats18_2013_12_1,Brats18_2013_12_1,MICCAI_BraTS2020_TrainingData,/home/feiner/datasets/BraTS/ssn/MICCAI_BraTS2020_TrainingData/BraTS20_Training_138/BraTS20_Training_138_seg.nii.gz,/home/feiner/datasets/BraTS/ssn/MICCAI_BraTS2020_TrainingData/BraTS20_Training_138/BraTS20_Training_138_brain_mask.nii.gz,/home/feiner/datasets/BraTS/ssn/MICCAI_BraTS2020_TrainingData/BraTS20_Training_138/BraTS20_Training_138_flair.nii.gz,/home/feiner/datasets/BraTS/ssn/MICCAI_BraTS2020_TrainingData/BraTS20_Training_138/BraTS20_Training_138_t1.nii.gz,/home/feiner/datasets/BraTS/ssn/MICCAI_BraTS2020_TrainingData/BraTS20_Training_138/BraTS20_Training_138_t1ce.nii.gz,/home/feiner/datasets/BraTS/ssn/MICCAI_BraTS2020_TrainingData/BraTS20_Training_138/BraTS20_Training_138_t2.nii.gz,True,,BraTS20_Training_138,Brats17_2013_12_1,,BraTS19_2013_12_1
HGG,Brats18_2013_13_1,Brats18_2013_13_1,MICCAI_BraTS2020_TrainingData,/home/feiner/datasets/BraTS/ssn/MICCAI_BraTS2020_TrainingData/BraTS20_Training_139/BraTS20_Training_139_seg.nii.gz,/home/feiner/datasets/BraTS/ssn/MICCAI_BraTS2020_TrainingData/BraTS20_Training_139/BraTS20_Training_139_brain_mask.nii.gz,/home/feiner/datasets/BraTS/ssn/MICCAI_BraTS2020_TrainingData/BraTS20_Training_139/BraTS20_Training_139_flair.nii.gz,/home/feiner/datasets/BraTS/ssn/MICCAI_BraTS2020_TrainingData/BraTS20_Training_139/BraTS20_Training_139_t1.nii.gz,/home/feiner/datasets/BraTS/ssn/MICCAI_BraTS2020_TrainingData/BraTS20_Training_139/BraTS20_Training_139_t1ce.nii.gz,/home/feiner/datasets/BraTS/ssn/MICCAI_BraTS2020_TrainingData/BraTS20_Training_139/BraTS20_Training_139_t2.nii.gz,True,,BraTS20_Training_139,Brats17_2013_13_1,,BraTS19_2013_13_1
HGG,Brats18_2013_14_1,Brats18_2013_14_1,MICCAI_BraTS2020_TrainingData,/home/feiner/datasets/BraTS/ssn/MICCAI_BraTS2020_TrainingData/BraTS20_Training_137/BraTS20_Training_137_seg.nii.gz,/home/feiner/datasets/BraTS/ssn/MICCAI_BraTS2020_TrainingData/BraTS20_Training_137/BraTS20_Training_137_brain_mask.nii.gz,/home/feiner/datasets/BraTS/ssn/MICCAI_BraTS2020_TrainingData/BraTS20_Training_137/BraTS20_Training_137_flair.nii.gz,/home/feiner/datasets/BraTS/ssn/MICCAI_BraTS2020_TrainingData/BraTS20_Training_137/BraTS20_Training_137_t1.nii.gz,/home/feiner/datasets/BraTS/ssn/MICCAI_BraTS2020_TrainingData/BraTS20_Training_137/BraTS20_Training_137_t1ce.nii.gz,/home/feiner/datasets/BraTS/ssn/MICCAI_BraTS2020_TrainingData/BraTS20_Training_137/BraTS20_Training_137_t2.nii.gz,True,,BraTS20_Training_137,Brats17_2013_14_1,,BraTS19_2013_14_1
HGG,Brats18_2013_17_1,Brats18_2013_17_1,MICCAI_BraTS2020_TrainingData,/home/feiner/datasets/BraTS/ssn/MICCAI_BraTS2020_TrainingData/BraTS20_Training_144/BraTS20_Training_144_seg.nii.gz,/home/feiner/datasets/BraTS/ssn/MICCAI_BraTS2020_TrainingData/BraTS20_Training_144/BraTS20_Training_144_brain_mask.nii.gz,/home/feiner/datasets/BraTS/ssn/MICCAI_BraTS2020_TrainingData/BraTS20_Training_144/BraTS20_Training_144_flair.nii.gz,/home/feiner/datasets/BraTS/ssn/MICCAI_BraTS2020_TrainingData/BraTS20_Training_144/BraTS20_Training_144_t1.nii.gz,/home/feiner/datasets/BraTS/ssn/MICCAI_BraTS2020_TrainingData/BraTS20_Training_144/BraTS20_Training_144_t1ce.nii.gz,/home/feiner/datasets/BraTS/ssn/MICCAI_BraTS2020_TrainingData/BraTS20_Training_144/BraTS20_Training_144_t2.nii.gz,True,,BraTS20_Training_144,Brats17_2013_17_1,,BraTS19_2013_17_1
HGG,Brats18_2013_18_1,Brats18_2013_18_1,MICCAI_BraTS2020_TrainingData,/home/feiner/datasets/BraTS/ssn/MICCAI_BraTS2020_TrainingData/BraTS20_Training_132/BraTS20_Training_132_seg.nii.gz,/home/feiner/datasets/BraTS/ssn/MICCAI_BraTS2020_TrainingData/BraTS20_Training_132/BraTS20_Training_132_brain_mask.nii.gz,/home/feiner/datasets/BraTS/ssn/MICCAI_BraTS2020_TrainingData/BraTS20_Training_132/BraTS20_Training_132_flair.nii.gz,/home/feiner/datasets/BraTS/ssn/MICCAI_BraTS2020_TrainingData/BraTS20_Training_132/BraTS20_Training_132_t1.nii.gz,/home/feiner/datasets/BraTS/ssn/MICCAI_BraTS2020_TrainingData/BraTS20_Training_132/BraTS20_Training_132_t1ce.nii.gz,/home/feiner/datasets/BraTS/ssn/MICCAI_BraTS2020_TrainingData/BraTS20_Training_132/BraTS20_Training_132_t2.nii.gz,True,,BraTS20_Training_132,Brats17_2013_18_1,,BraTS19_2013_18_1
HGG,Brats18_2013_19_1,Brats18_2013_19_1,MICCAI_BraTS2020_TrainingData,/home/feiner/datasets/BraTS/ssn/MICCAI_BraTS2020_TrainingData/BraTS20_Training_134/BraTS20_Training_134_seg.nii.gz,/home/feiner/datasets/BraTS/ssn/MICCAI_BraTS2020_TrainingData/BraTS20_Training_134/BraTS20_Training_134_brain_mask.nii.gz,/home/feiner/datasets/BraTS/ssn/MICCAI_BraTS2020_TrainingData/BraTS20_Training_134/BraTS20_Training_134_flair.nii.gz,/home/feiner/datasets/BraTS/ssn/MICCAI_BraTS2020_TrainingData/BraTS20_Training_134/BraTS20_Training_134_t1.nii.gz,/home/feiner/datasets/BraTS/ssn/MICCAI_BraTS2020_TrainingData/BraTS20_Training_134/BraTS20_Training_134_t1ce.nii.gz,/home/feiner/datasets/BraTS/ssn/MICCAI_BraTS2020_TrainingData/BraTS20_Training_134/BraTS20_Training_134_t2.nii.gz,True,,BraTS20_Training_134,Brats17_2013_19_1,,BraTS19_2013_19_1
HGG,Brats18_2013_23_1,Brats18_2013_23_1,MICCAI_BraTS2020_TrainingData,/home/feiner/datasets/BraTS/ssn/MICCAI_BraTS2020_TrainingData/BraTS20_Training_143/BraTS20_Training_143_seg.nii.gz,/home/feiner/datasets/BraTS/ssn/MICCAI_BraTS2020_TrainingData/BraTS20_Training_143/BraTS20_Training_143_brain_mask.nii.gz,/home/feiner/datasets/BraTS/ssn/MICCAI_BraTS2020_TrainingData/BraTS20_Training_143/BraTS20_Training_143_flair.nii.gz,/home/feiner/datasets/BraTS/ssn/MICCAI_BraTS2020_TrainingData/BraTS20_Training_143/BraTS20_Training_143_t1.nii.gz,/home/feiner/datasets/BraTS/ssn/MICCAI_BraTS2020_TrainingData/BraTS20_Training_143/BraTS20_Training_143_t1ce.nii.gz,/home/feiner/datasets/BraTS/ssn/MICCAI_BraTS2020_TrainingData/BraTS20_Training_143/BraTS20_Training_143_t2.nii.gz,True,,BraTS20_Training_143,Brats17_2013_23_1,,BraTS19_2013_23_1
HGG,Brats18_2013_25_1,Brats18_2013_25_1,MICCAI_BraTS2020_TrainingData,/home/feiner/datasets/BraTS/ssn/MICCAI_BraTS2020_TrainingData/BraTS20_Training_141/BraTS20_Training_141_seg.nii.gz,/home/feiner/datasets/BraTS/ssn/MICCAI_BraTS2020_TrainingData/BraTS20_Training_141/BraTS20_Training_141_brain_mask.nii.gz,/home/feiner/datasets/BraTS/ssn/MICCAI_BraTS2020_TrainingData/BraTS20_Training_141/BraTS20_Training_141_flair.nii.gz,/home/feiner/datasets/BraTS/ssn/MICCAI_BraTS2020_TrainingData/BraTS20_Training_141/BraTS20_Training_141_t1.nii.gz,/home/feiner/datasets/BraTS/ssn/MICCAI_BraTS2020_TrainingData/BraTS20_Training_141/BraTS20_Training_141_t1ce.nii.gz,/home/feiner/datasets/BraTS/ssn/MICCAI_BraTS2020_TrainingData/BraTS20_Training_141/BraTS20_Training_141_t2.nii.gz,True,,BraTS20_Training_141,Brats17_2013_25_1,,BraTS19_2013_25_1
HGG,Brats18_2013_26_1,Brats18_2013_26_1,MICCAI_BraTS2020_TrainingData,/home/feiner/datasets/BraTS/ssn/MICCAI_BraTS2020_TrainingData/BraTS20_Training_142/BraTS20_Training_142_seg.nii.gz,/home/feiner/datasets/BraTS/ssn/MICCAI_BraTS2020_TrainingData/BraTS20_Training_142/BraTS20_Training_142_brain_mask.nii.gz,/home/feiner/datasets/BraTS/ssn/MICCAI_BraTS2020_TrainingData/BraTS20_Training_142/BraTS20_Training_142_flair.nii.gz,/home/feiner/datasets/BraTS/ssn/MICCAI_BraTS2020_TrainingData/BraTS20_Training_142/BraTS20_Training_142_t1.nii.gz,/home/feiner/datasets/BraTS/ssn/MICCAI_BraTS2020_TrainingData/BraTS20_Training_142/BraTS20_Training_142_t1ce.nii.gz,/home/feiner/datasets/BraTS/ssn/MICCAI_BraTS2020_TrainingData/BraTS20_Training_142/BraTS20_Training_142_t2.nii.gz,True,,BraTS20_Training_142,Brats17_2013_26_1,,BraTS19_2013_26_1
HGG,Brats18_2013_2_1,Brats18_2013_2_1,MICCAI_BraTS2020_TrainingData,/home/feiner/datasets/BraTS/ssn/MICCAI_BraTS2020_TrainingData/BraTS20_Training_136/BraTS20_Training_136_seg.nii.gz,/home/feiner/datasets/BraTS/ssn/MICCAI_BraTS2020_TrainingData/BraTS20_Training_136/BraTS20_Training_136_brain_mask.nii.gz,/home/feiner/datasets/BraTS/ssn/MICCAI_BraTS2020_TrainingData/BraTS20_Training_136/BraTS20_Training_136_flair.nii.gz,/home/feiner/datasets/BraTS/ssn/MICCAI_BraTS2020_TrainingData/BraTS20_Training_136/BraTS20_Training_136_t1.nii.gz,/home/feiner/datasets/BraTS/ssn/MICCAI_BraTS2020_TrainingData/BraTS20_Training_136/BraTS20_Training_136_t1ce.nii.gz,/home/feiner/datasets/BraTS/ssn/MICCAI_BraTS2020_TrainingData/BraTS20_Training_136/BraTS20_Training_136_t2.nii.gz,True,,BraTS20_Training_136,Brats17_2013_2_1,,BraTS19_2013_2_1
HGG,Brats18_2013_4_1,Brats18_2013_4_1,MICCAI_BraTS2020_TrainingData,/home/feiner/datasets/BraTS/ssn/MICCAI_BraTS2020_TrainingData/BraTS20_Training_148/BraTS20_Training_148_seg.nii.gz,/home/feiner/datasets/BraTS/ssn/MICCAI_BraTS2020_TrainingData/BraTS20_Training_148/BraTS20_Training_148_brain_mask.nii.gz,/home/feiner/datasets/BraTS/ssn/MICCAI_BraTS2020_TrainingData/BraTS20_Training_148/BraTS20_Training_148_flair.nii.gz,/home/feiner/datasets/BraTS/ssn/MICCAI_BraTS2020_TrainingData/BraTS20_Training_148/BraTS20_Training_148_t1.nii.gz,/home/feiner/datasets/BraTS/ssn/MICCAI_BraTS2020_TrainingData/BraTS20_Training_148/BraTS20_Training_148_t1ce.nii.gz,/home/feiner/datasets/BraTS/ssn/MICCAI_BraTS2020_TrainingData/BraTS20_Training_148/BraTS20_Training_148_t2.nii.gz,True,,BraTS20_Training_148,Brats17_2013_4_1,,BraTS19_2013_4_1
HGG,Brats18_2013_5_1,Brats18_2013_5_1,MICCAI_BraTS2020_TrainingData,/home/feiner/datasets/BraTS/ssn/MICCAI_BraTS2020_TrainingData/BraTS20_Training_131/BraTS20_Training_131_seg.nii.gz,/home/feiner/datasets/BraTS/ssn/MICCAI_BraTS2020_TrainingData/BraTS20_Training_131/BraTS20_Training_131_brain_mask.nii.gz,/home/feiner/datasets/BraTS/ssn/MICCAI_BraTS2020_TrainingData/BraTS20_Training_131/BraTS20_Training_131_flair.nii.gz,/home/feiner/datasets/BraTS/ssn/MICCAI_BraTS2020_TrainingData/BraTS20_Training_131/BraTS20_Training_131_t1.nii.gz,/home/feiner/datasets/BraTS/ssn/MICCAI_BraTS2020_TrainingData/BraTS20_Training_131/BraTS20_Training_131_t1ce.nii.gz,/home/feiner/datasets/BraTS/ssn/MICCAI_BraTS2020_TrainingData/BraTS20_Training_131/BraTS20_Training_131_t2.nii.gz,True,,BraTS20_Training_131,Brats17_2013_5_1,,BraTS19_2013_5_1
HGG,Brats18_CBICA_AAB_1,Brats18_CBICA_AAB_1,MICCAI_BraTS2020_TrainingData,/home/feiner/datasets/BraTS/ssn/MICCAI_BraTS2020_TrainingData/BraTS20_Training_001/BraTS20_Training_001_seg.nii.gz,/home/feiner/datasets/BraTS/ssn/MICCAI_BraTS2020_TrainingData/BraTS20_Training_001/BraTS20_Training_001_brain_mask.nii.gz,/home/feiner/datasets/BraTS/ssn/MICCAI_BraTS2020_TrainingData/BraTS20_Training_001/BraTS20_Training_001_flair.nii.gz,/home/feiner/datasets/BraTS/ssn/MICCAI_BraTS2020_TrainingData/BraTS20_Training_001/BraTS20_Training_001_t1.nii.gz,/home/feiner/datasets/BraTS/ssn/MICCAI_BraTS2020_TrainingData/BraTS20_Training_001/BraTS20_Training_001_t1ce.nii.gz,/home/feiner/datasets/BraTS/ssn/MICCAI_BraTS2020_TrainingData/BraTS20_Training_001/BraTS20_Training_001_t2.nii.gz,True,,BraTS20_Training_001,Brats17_CBICA_AAB_1,,BraTS19_CBICA_AAB_1
HGG,Brats18_CBICA_AAL_1,Brats18_CBICA_AAL_1,MICCAI_BraTS2020_TrainingData,/home/feiner/datasets/BraTS/ssn/MICCAI_BraTS2020_TrainingData/BraTS20_Training_003/BraTS20_Training_003_seg.nii.gz,/home/feiner/datasets/BraTS/ssn/MICCAI_BraTS2020_TrainingData/BraTS20_Training_003/BraTS20_Training_003_brain_mask.nii.gz,/home/feiner/datasets/BraTS/ssn/MICCAI_BraTS2020_TrainingData/BraTS20_Training_003/BraTS20_Training_003_flair.nii.gz,/home/feiner/datasets/BraTS/ssn/MICCAI_BraTS2020_TrainingData/BraTS20_Training_003/BraTS20_Training_003_t1.nii.gz,/home/feiner/datasets/BraTS/ssn/MICCAI_BraTS2020_TrainingData/BraTS20_Training_003/BraTS20_Training_003_t1ce.nii.gz,/home/feiner/datasets/BraTS/ssn/MICCAI_BraTS2020_TrainingData/BraTS20_Training_003/BraTS20_Training_003_t2.nii.gz,True,,BraTS20_Training_003,Brats17_CBICA_AAL_1,,BraTS19_CBICA_AAL_1
HGG,Brats18_CBICA_AAP_1,Brats18_CBICA_AAP_1,MICCAI_BraTS2020_TrainingData,/home/feiner/datasets/BraTS/ssn/MICCAI_BraTS2020_TrainingData/BraTS20_Training_004/BraTS20_Training_004_seg.nii.gz,/home/feiner/datasets/BraTS/ssn/MICCAI_BraTS2020_TrainingData/BraTS20_Training_004/BraTS20_Training_004_brain_mask.nii.gz,/home/feiner/datasets/BraTS/ssn/MICCAI_BraTS2020_TrainingData/BraTS20_Training_004/BraTS20_Training_004_flair.nii.gz,/home/feiner/datasets/BraTS/ssn/MICCAI_BraTS2020_TrainingData/BraTS20_Training_004/BraTS20_Training_004_t1.nii.gz,/home/feiner/datasets/BraTS/ssn/MICCAI_BraTS2020_TrainingData/BraTS20_Training_004/BraTS20_Training_004_t1ce.nii.gz,/home/feiner/datasets/BraTS/ssn/MICCAI_BraTS2020_TrainingData/BraTS20_Training_004/BraTS20_Training_004_t2.nii.gz,True,,BraTS20_Training_004,Brats17_CBICA_AAP_1,,BraTS19_CBICA_AAP_1
HGG,Brats18_CBICA_ABE_1,Brats18_CBICA_ABE_1,MICCAI_BraTS2020_TrainingData,/home/feiner/datasets/BraTS/ssn/MICCAI_BraTS2020_TrainingData/BraTS20_Training_006/BraTS20_Training_006_seg.nii.gz,/home/feiner/datasets/BraTS/ssn/MICCAI_BraTS2020_TrainingData/BraTS20_Training_006/BraTS20_Training_006_brain_mask.nii.gz,/home/feiner/datasets/BraTS/ssn/MICCAI_BraTS2020_TrainingData/BraTS20_Training_006/BraTS20_Training_006_flair.nii.gz,/home/feiner/datasets/BraTS/ssn/MICCAI_BraTS2020_TrainingData/BraTS20_Training_006/BraTS20_Training_006_t1.nii.gz,/home/feiner/datasets/BraTS/ssn/MICCAI_BraTS2020_TrainingData/BraTS20_Training_006/BraTS20_Training_006_t1ce.nii.gz,/home/feiner/datasets/BraTS/ssn/MICCAI_BraTS2020_TrainingData/BraTS20_Training_006/BraTS20_Training_006_t2.nii.gz,True,,BraTS20_Training_006,Brats17_CBICA_ABE_1,,BraTS19_CBICA_ABE_1
HGG,Brats18_CBICA_ABY_1,Brats18_CBICA_ABY_1,MICCAI_BraTS2020_TrainingData,/home/feiner/datasets/BraTS/ssn/MICCAI_BraTS2020_TrainingData/BraTS20_Training_010/BraTS20_Training_010_seg.nii.gz,/home/feiner/datasets/BraTS/ssn/MICCAI_BraTS2020_TrainingData/BraTS20_Training_010/BraTS20_Training_010_brain_mask.nii.gz,/home/feiner/datasets/BraTS/ssn/MICCAI_BraTS2020_TrainingData/BraTS20_Training_010/BraTS20_Training_010_flair.nii.gz,/home/feiner/datasets/BraTS/ssn/MICCAI_BraTS2020_TrainingData/BraTS20_Training_010/BraTS20_Training_010_t1.nii.gz,/home/feiner/datasets/BraTS/ssn/MICCAI_BraTS2020_TrainingData/BraTS20_Training_010/BraTS20_Training_010_t1ce.nii.gz,/home/feiner/datasets/BraTS/ssn/MICCAI_BraTS2020_TrainingData/BraTS20_Training_010/BraTS20_Training_010_t2.nii.gz,True,,BraTS20_Training_010,Brats17_CBICA_ABY_1,,BraTS19_CBICA_ABY_1
HGG,Brats18_CBICA_ALN_1,Brats18_CBICA_ALN_1,MICCAI_BraTS2020_TrainingData,/home/feiner/datasets/BraTS/ssn/MICCAI_BraTS2020_TrainingData/BraTS20_Training_011/BraTS20_Training_011_seg.nii.gz,/home/feiner/datasets/BraTS/ssn/MICCAI_BraTS2020_TrainingData/BraTS20_Training_011/BraTS20_Training_011_brain_mask.nii.gz,/home/feiner/datasets/BraTS/ssn/MICCAI_BraTS2020_TrainingData/BraTS20_Training_011/BraTS20_Training_011_flair.nii.gz,/home/feiner/datasets/BraTS/ssn/MICCAI_BraTS2020_TrainingData/BraTS20_Training_011/BraTS20_Training_011_t1.nii.gz,/home/feiner/datasets/BraTS/ssn/MICCAI_BraTS2020_TrainingData/BraTS20_Training_011/BraTS20_Training_011_t1ce.nii.gz,/home/feiner/datasets/BraTS/ssn/MICCAI_BraTS2020_TrainingData/BraTS20_Training_011/BraTS20_Training_011_t2.nii.gz,True,,BraTS20_Training_011,Brats17_CBICA_ALN_1,,BraTS19_CBICA_ALN_1
HGG,Brats18_CBICA_ALX_1,Brats18_CBICA_ALX_1,MICCAI_BraTS2020_TrainingData,/home/feiner/datasets/BraTS/ssn/MICCAI_BraTS2020_TrainingData/BraTS20_Training_013/BraTS20_Training_013_seg.nii.gz,/home/feiner/datasets/BraTS/ssn/MICCAI_BraTS2020_TrainingData/BraTS20_Training_013/BraTS20_Training_013_brain_mask.nii.gz,/home/feiner/datasets/BraTS/ssn/MICCAI_BraTS2020_TrainingData/BraTS20_Training_013/BraTS20_Training_013_flair.nii.gz,/home/feiner/datasets/BraTS/ssn/MICCAI_BraTS2020_TrainingData/BraTS20_Training_013/BraTS20_Training_013_t1.nii.gz,/home/feiner/datasets/BraTS/ssn/MICCAI_BraTS2020_TrainingData/BraTS20_Training_013/BraTS20_Training_013_t1ce.nii.gz,/home/feiner/datasets/BraTS/ssn/MICCAI_BraTS2020_TrainingData/BraTS20_Training_013/BraTS20_Training_013_t2.nii.gz,True,,BraTS20_Training_013,Brats17_CBICA_ALX_1,,BraTS19_CBICA_ALX_1
HGG,Brats18_CBICA_ANG_1,Brats18_CBICA_ANG_1,MICCAI_BraTS2020_TrainingData,/home/feiner/datasets/BraTS/ssn/MICCAI_BraTS2020_TrainingData/BraTS20_Training_016/BraTS20_Training_016_seg.nii.gz,/home/feiner/datasets/BraTS/ssn/MICCAI_BraTS2020_TrainingData/BraTS20_Training_016/BraTS20_Training_016_brain_mask.nii.gz,/home/feiner/datasets/BraTS/ssn/MICCAI_BraTS2020_TrainingData/BraTS20_Training_016/BraTS20_Training_016_flair.nii.gz,/home/feiner/datasets/BraTS/ssn/MICCAI_BraTS2020_TrainingData/BraTS20_Training_016/BraTS20_Training_016_t1.nii.gz,/home/feiner/datasets/BraTS/ssn/MICCAI_BraTS2020_TrainingData/BraTS20_Training_016/BraTS20_Training_016_t1ce.nii.gz,/home/feiner/datasets/BraTS/ssn/MICCAI_BraTS2020_TrainingData/BraTS20_Training_016/BraTS20_Training_016_t2.nii.gz,True,,BraTS20_Training_016,Brats17_CBICA_ANG_1,,BraTS19_CBICA_ANG_1
HGG,Brats18_CBICA_ANI_1,Brats18_CBICA_ANI_1,MICCAI_BraTS2020_TrainingData,/home/feiner/datasets/BraTS/ssn/MICCAI_BraTS2020_TrainingData/BraTS20_Training_017/BraTS20_Training_017_seg.nii.gz,/home/feiner/datasets/BraTS/ssn/MICCAI_BraTS2020_TrainingData/BraTS20_Training_017/BraTS20_Training_017_brain_mask.nii.gz,/home/feiner/datasets/BraTS/ssn/MICCAI_BraTS2020_TrainingData/BraTS20_Training_017/BraTS20_Training_017_flair.nii.gz,/home/feiner/datasets/BraTS/ssn/MICCAI_BraTS2020_TrainingData/BraTS20_Training_017/BraTS20_Training_017_t1.nii.gz,/home/feiner/datasets/BraTS/ssn/MICCAI_BraTS2020_TrainingData/BraTS20_Training_017/BraTS20_Training_017_t1ce.nii.gz,/home/feiner/datasets/BraTS/ssn/MICCAI_BraTS2020_TrainingData/BraTS20_Training_017/BraTS20_Training_017_t2.nii.gz,True,,BraTS20_Training_017,Brats17_CBICA_ANI_1,,BraTS19_CBICA_ANI_1
HGG,Brats18_CBICA_ANP_1,Brats18_CBICA_ANP_1,MICCAI_BraTS2020_TrainingData,/home/feiner/datasets/BraTS/ssn/MICCAI_BraTS2020_TrainingData/BraTS20_Training_018/BraTS20_Training_018_seg.nii.gz,/home/feiner/datasets/BraTS/ssn/MICCAI_BraTS2020_TrainingData/BraTS20_Training_018/BraTS20_Training_018_brain_mask.nii.gz,/home/feiner/datasets/BraTS/ssn/MICCAI_BraTS2020_TrainingData/BraTS20_Training_018/BraTS20_Training_018_flair.nii.gz,/home/feiner/datasets/BraTS/ssn/MICCAI_BraTS2020_TrainingData/BraTS20_Training_018/BraTS20_Training_018_t1.nii.gz,/home/feiner/datasets/BraTS/ssn/MICCAI_BraTS2020_TrainingData/BraTS20_Training_018/BraTS20_Training_018_t1ce.nii.gz,/home/feiner/datasets/BraTS/ssn/MICCAI_BraTS2020_TrainingData/BraTS20_Training_018/BraTS20_Training_018_t2.nii.gz,True,,BraTS20_Training_018,Brats17_CBICA_ANP_1,,BraTS19_CBICA_ANP_1
HGG,Brats18_CBICA_AOD_1,Brats18_CBICA_AOD_1,MICCAI_BraTS2020_TrainingData,/home/feiner/datasets/BraTS/ssn/MICCAI_BraTS2020_TrainingData/BraTS20_Training_020/BraTS20_Training_020_seg.nii.gz,/home/feiner/datasets/BraTS/ssn/MICCAI_BraTS2020_TrainingData/BraTS20_Training_020/BraTS20_Training_020_brain_mask.nii.gz,/home/feiner/datasets/BraTS/ssn/MICCAI_BraTS2020_TrainingData/BraTS20_Training_020/BraTS20_Training_020_flair.nii.gz,/home/feiner/datasets/BraTS/ssn/MICCAI_BraTS2020_TrainingData/BraTS20_Training_020/BraTS20_Training_020_t1.nii.gz,/home/feiner/datasets/BraTS/ssn/MICCAI_BraTS2020_TrainingData/BraTS20_Training_020/BraTS20_Training_020_t1ce.nii.gz,/home/feiner/datasets/BraTS/ssn/MICCAI_BraTS2020_TrainingData/BraTS20_Training_020/BraTS20_Training_020_t2.nii.gz,True,,BraTS20_Training_020,Brats17_CBICA_AOD_1,,BraTS19_CBICA_AOD_1
HGG,Brats18_CBICA_AOH_1,Brats18_CBICA_AOH_1,MICCAI_BraTS2020_TrainingData,/home/feiner/datasets/BraTS/ssn/MICCAI_BraTS2020_TrainingData/BraTS20_Training_021/BraTS20_Training_021_seg.nii.gz,/home/feiner/datasets/BraTS/ssn/MICCAI_BraTS2020_TrainingData/BraTS20_Training_021/BraTS20_Training_021_brain_mask.nii.gz,/home/feiner/datasets/BraTS/ssn/MICCAI_BraTS2020_TrainingData/BraTS20_Training_021/BraTS20_Training_021_flair.nii.gz,/home/feiner/datasets/BraTS/ssn/MICCAI_BraTS2020_TrainingData/BraTS20_Training_021/BraTS20_Training_021_t1.nii.gz,/home/feiner/datasets/BraTS/ssn/MICCAI_BraTS2020_TrainingData/BraTS20_Training_021/BraTS20_Training_021_t1ce.nii.gz,/home/feiner/datasets/BraTS/ssn/MICCAI_BraTS2020_TrainingData/BraTS20_Training_021/BraTS20_Training_021_t2.nii.gz,True,,BraTS20_Training_021,Brats17_CBICA_AOH_1,,BraTS19_CBICA_AOH_1
HGG,Brats18_CBICA_APR_1,Brats18_CBICA_APR_1,MICCAI_BraTS2020_TrainingData,/home/feiner/datasets/BraTS/ssn/MICCAI_BraTS2020_TrainingData/BraTS20_Training_025/BraTS20_Training_025_seg.nii.gz,/home/feiner/datasets/BraTS/ssn/MICCAI_BraTS2020_TrainingData/BraTS20_Training_025/BraTS20_Training_025_brain_mask.nii.gz,/home/feiner/datasets/BraTS/ssn/MICCAI_BraTS2020_TrainingData/BraTS20_Training_025/BraTS20_Training_025_flair.nii.gz,/home/feiner/datasets/BraTS/ssn/MICCAI_BraTS2020_TrainingData/BraTS20_Training_025/BraTS20_Training_025_t1.nii.gz,/home/feiner/datasets/BraTS/ssn/MICCAI_BraTS2020_TrainingData/BraTS20_Training_025/BraTS20_Training_025_t1ce.nii.gz,/home/feiner/datasets/BraTS/ssn/MICCAI_BraTS2020_TrainingData/BraTS20_Training_025/BraTS20_Training_025_t2.nii.gz,True,,BraTS20_Training_025,Brats17_CBICA_APR_1,,BraTS19_CBICA_APR_1
HGG,Brats18_CBICA_AQG_1,Brats18_CBICA_AQG_1,MICCAI_BraTS2020_TrainingData,/home/feiner/datasets/BraTS/ssn/MICCAI_BraTS2020_TrainingData/BraTS20_Training_030/BraTS20_Training_030_seg.nii.gz,/home/feiner/datasets/BraTS/ssn/MICCAI_BraTS2020_TrainingData/BraTS20_Training_030/BraTS20_Training_030_brain_mask.nii.gz,/home/feiner/datasets/BraTS/ssn/MICCAI_BraTS2020_TrainingData/BraTS20_Training_030/BraTS20_Training_030_flair.nii.gz,/home/feiner/datasets/BraTS/ssn/MICCAI_BraTS2020_TrainingData/BraTS20_Training_030/BraTS20_Training_030_t1.nii.gz,/home/feiner/datasets/BraTS/ssn/MICCAI_BraTS2020_TrainingData/BraTS20_Training_030/BraTS20_Training_030_t1ce.nii.gz,/home/feiner/datasets/BraTS/ssn/MICCAI_BraTS2020_TrainingData/BraTS20_Training_030/BraTS20_Training_030_t2.nii.gz,True,,BraTS20_Training_030,Brats17_CBICA_AQG_1,,BraTS19_CBICA_AQG_1
HGG,Brats18_CBICA_AQN_1,Brats18_CBICA_AQN_1,MICCAI_BraTS2020_TrainingData,/home/feiner/datasets/BraTS/ssn/MICCAI_BraTS2020_TrainingData/BraTS20_Training_032/BraTS20_Training_032_seg.nii.gz,/home/feiner/datasets/BraTS/ssn/MICCAI_BraTS2020_TrainingData/BraTS20_Training_032/BraTS20_Training_032_brain_mask.nii.gz,/home/feiner/datasets/BraTS/ssn/MICCAI_BraTS2020_TrainingData/BraTS20_Training_032/BraTS20_Training_032_flair.nii.gz,/home/feiner/datasets/BraTS/ssn/MICCAI_BraTS2020_TrainingData/BraTS20_Training_032/BraTS20_Training_032_t1.nii.gz,/home/feiner/datasets/BraTS/ssn/MICCAI_BraTS2020_TrainingData/BraTS20_Training_032/BraTS20_Training_032_t1ce.nii.gz,/home/feiner/datasets/BraTS/ssn/MICCAI_BraTS2020_TrainingData/BraTS20_Training_032/BraTS20_Training_032_t2.nii.gz,True,,BraTS20_Training_032,Brats17_CBICA_AQN_1,,BraTS19_CBICA_AQN_1
HGG,Brats18_CBICA_AQO_1,Brats18_CBICA_AQO_1,MICCAI_BraTS2020_TrainingData,/home/feiner/datasets/BraTS/ssn/MICCAI_BraTS2020_TrainingData/BraTS20_Training_033/BraTS20_Training_033_seg.nii.gz,/home/feiner/datasets/BraTS/ssn/MICCAI_BraTS2020_TrainingData/BraTS20_Training_033/BraTS20_Training_033_brain_mask.nii.gz,/home/feiner/datasets/BraTS/ssn/MICCAI_BraTS2020_TrainingData/BraTS20_Training_033/BraTS20_Training_033_flair.nii.gz,/home/feiner/datasets/BraTS/ssn/MICCAI_BraTS2020_TrainingData/BraTS20_Training_033/BraTS20_Training_033_t1.nii.gz,/home/feiner/datasets/BraTS/ssn/MICCAI_BraTS2020_TrainingData/BraTS20_Training_033/BraTS20_Training_033_t1ce.nii.gz,/home/feiner/datasets/BraTS/ssn/MICCAI_BraTS2020_TrainingData/BraTS20_Training_033/BraTS20_Training_033_t2.nii.gz,True,,BraTS20_Training_033,Brats17_CBICA_AQO_1,,BraTS19_CBICA_AQO_1
HGG,Brats18_CBICA_AQP_1,Brats18_CBICA_AQP_1,MICCAI_BraTS2020_TrainingData,/home/feiner/datasets/BraTS/ssn/MICCAI_BraTS2020_TrainingData/BraTS20_Training_034/BraTS20_Training_034_seg.nii.gz,/home/feiner/datasets/BraTS/ssn/MICCAI_BraTS2020_TrainingData/BraTS20_Training_034/BraTS20_Training_034_brain_mask.nii.gz,/home/feiner/datasets/BraTS/ssn/MICCAI_BraTS2020_TrainingData/BraTS20_Training_034/BraTS20_Training_034_flair.nii.gz,/home/feiner/datasets/BraTS/ssn/MICCAI_BraTS2020_TrainingData/BraTS20_Training_034/BraTS20_Training_034_t1.nii.gz,/home/feiner/datasets/BraTS/ssn/MICCAI_BraTS2020_TrainingData/BraTS20_Training_034/BraTS20_Training_034_t1ce.nii.gz,/home/feiner/datasets/BraTS/ssn/MICCAI_BraTS2020_TrainingData/BraTS20_Training_034/BraTS20_Training_034_t2.nii.gz,True,,BraTS20_Training_034,Brats17_CBICA_AQP_1,,BraTS19_CBICA_AQP_1
HGG,Brats18_CBICA_AQQ_1,Brats18_CBICA_AQQ_1,MICCAI_BraTS2020_TrainingData,/home/feiner/datasets/BraTS/ssn/MICCAI_BraTS2020_TrainingData/BraTS20_Training_035/BraTS20_Training_035_seg.nii.gz,/home/feiner/datasets/BraTS/ssn/MICCAI_BraTS2020_TrainingData/BraTS20_Training_035/BraTS20_Training_035_brain_mask.nii.gz,/home/feiner/datasets/BraTS/ssn/MICCAI_BraTS2020_TrainingData/BraTS20_Training_035/BraTS20_Training_035_flair.nii.gz,/home/feiner/datasets/BraTS/ssn/MICCAI_BraTS2020_TrainingData/BraTS20_Training_035/BraTS20_Training_035_t1.nii.gz,/home/feiner/datasets/BraTS/ssn/MICCAI_BraTS2020_TrainingData/BraTS20_Training_035/BraTS20_Training_035_t1ce.nii.gz,/home/feiner/datasets/BraTS/ssn/MICCAI_BraTS2020_TrainingData/BraTS20_Training_035/BraTS20_Training_035_t2.nii.gz,True,,BraTS20_Training_035,Brats17_CBICA_AQQ_1,,BraTS19_CBICA_AQQ_1
HGG,Brats18_CBICA_AQR_1,Brats18_CBICA_AQR_1,MICCAI_BraTS2020_TrainingData,/home/feiner/datasets/BraTS/ssn/MICCAI_BraTS2020_TrainingData/BraTS20_Training_036/BraTS20_Training_036_seg.nii.gz,/home/feiner/datasets/BraTS/ssn/MICCAI_BraTS2020_TrainingData/BraTS20_Training_036/BraTS20_Training_036_brain_mask.nii.gz,/home/feiner/datasets/BraTS/ssn/MICCAI_BraTS2020_TrainingData/BraTS20_Training_036/BraTS20_Training_036_flair.nii.gz,/home/feiner/datasets/BraTS/ssn/MICCAI_BraTS2020_TrainingData/BraTS20_Training_036/BraTS20_Training_036_t1.nii.gz,/home/feiner/datasets/BraTS/ssn/MICCAI_BraTS2020_TrainingData/BraTS20_Training_036/BraTS20_Training_036_t1ce.nii.gz,/home/feiner/datasets/BraTS/ssn/MICCAI_BraTS2020_TrainingData/BraTS20_Training_036/BraTS20_Training_036_t2.nii.gz,True,,BraTS20_Training_036,Brats17_CBICA_AQR_1,,BraTS19_CBICA_AQR_1
HGG,Brats18_CBICA_AQU_1,Brats18_CBICA_AQU_1,MICCAI_BraTS2020_TrainingData,/home/feiner/datasets/BraTS/ssn/MICCAI_BraTS2020_TrainingData/BraTS20_Training_038/BraTS20_Training_038_seg.nii.gz,/home/feiner/datasets/BraTS/ssn/MICCAI_BraTS2020_TrainingData/BraTS20_Training_038/BraTS20_Training_038_brain_mask.nii.gz,/home/feiner/datasets/BraTS/ssn/MICCAI_BraTS2020_TrainingData/BraTS20_Training_038/BraTS20_Training_038_flair.nii.gz,/home/feiner/datasets/BraTS/ssn/MICCAI_BraTS2020_TrainingData/BraTS20_Training_038/BraTS20_Training_038_t1.nii.gz,/home/feiner/datasets/BraTS/ssn/MICCAI_BraTS2020_TrainingData/BraTS20_Training_038/BraTS20_Training_038_t1ce.nii.gz,/home/feiner/datasets/BraTS/ssn/MICCAI_BraTS2020_TrainingData/BraTS20_Training_038/BraTS20_Training_038_t2.nii.gz,True,,BraTS20_Training_038,Brats17_CBICA_AQU_1,,BraTS19_CBICA_AQU_1
HGG,Brats18_CBICA_AQV_1,Brats18_CBICA_AQV_1,MICCAI_BraTS2020_TrainingData,/home/feiner/datasets/BraTS/ssn/MICCAI_BraTS2020_TrainingData/BraTS20_Training_039/BraTS20_Training_039_seg.nii.gz,/home/feiner/datasets/BraTS/ssn/MICCAI_BraTS2020_TrainingData/BraTS20_Training_039/BraTS20_Training_039_brain_mask.nii.gz,/home/feiner/datasets/BraTS/ssn/MICCAI_BraTS2020_TrainingData/BraTS20_Training_039/BraTS20_Training_039_flair.nii.gz,/home/feiner/datasets/BraTS/ssn/MICCAI_BraTS2020_TrainingData/BraTS20_Training_039/BraTS20_Training_039_t1.nii.gz,/home/feiner/datasets/BraTS/ssn/MICCAI_BraTS2020_TrainingData/BraTS20_Training_039/BraTS20_Training_039_t1ce.nii.gz,/home/feiner/datasets/BraTS/ssn/MICCAI_BraTS2020_TrainingData/BraTS20_Training_039/BraTS20_Training_039_t2.nii.gz,True,,BraTS20_Training_039,Brats17_CBICA_AQV_1,,BraTS19_CBICA_AQV_1
HGG,Brats18_CBICA_AQY_1,Brats18_CBICA_AQY_1,MICCAI_BraTS2020_TrainingData,/home/feiner/datasets/BraTS/ssn/MICCAI_BraTS2020_TrainingData/BraTS20_Training_040/BraTS20_Training_040_seg.nii.gz,/home/feiner/datasets/BraTS/ssn/MICCAI_BraTS2020_TrainingData/BraTS20_Training_040/BraTS20_Training_040_brain_mask.nii.gz,/home/feiner/datasets/BraTS/ssn/MICCAI_BraTS2020_TrainingData/BraTS20_Training_040/BraTS20_Training_040_flair.nii.gz,/home/feiner/datasets/BraTS/ssn/MICCAI_BraTS2020_TrainingData/BraTS20_Training_040/BraTS20_Training_040_t1.nii.gz,/home/feiner/datasets/BraTS/ssn/MICCAI_BraTS2020_TrainingData/BraTS20_Training_040/BraTS20_Training_040_t1ce.nii.gz,/home/feiner/datasets/BraTS/ssn/MICCAI_BraTS2020_TrainingData/BraTS20_Training_040/BraTS20_Training_040_t2.nii.gz,True,,BraTS20_Training_040,Brats17_CBICA_AQY_1,,BraTS19_CBICA_AQY_1
HGG,Brats18_CBICA_ARF_1,Brats18_CBICA_ARF_1,MICCAI_BraTS2020_TrainingData,/home/feiner/datasets/BraTS/ssn/MICCAI_BraTS2020_TrainingData/BraTS20_Training_042/BraTS20_Training_042_seg.nii.gz,/home/feiner/datasets/BraTS/ssn/MICCAI_BraTS2020_TrainingData/BraTS20_Training_042/BraTS20_Training_042_brain_mask.nii.gz,/home/feiner/datasets/BraTS/ssn/MICCAI_BraTS2020_TrainingData/BraTS20_Training_042/BraTS20_Training_042_flair.nii.gz,/home/feiner/datasets/BraTS/ssn/MICCAI_BraTS2020_TrainingData/BraTS20_Training_042/BraTS20_Training_042_t1.nii.gz,/home/feiner/datasets/BraTS/ssn/MICCAI_BraTS2020_TrainingData/BraTS20_Training_042/BraTS20_Training_042_t1ce.nii.gz,/home/feiner/datasets/BraTS/ssn/MICCAI_BraTS2020_TrainingData/BraTS20_Training_042/BraTS20_Training_042_t2.nii.gz,True,,BraTS20_Training_042,Brats17_CBICA_ARF_1,,BraTS19_CBICA_ARF_1
HGG,Brats18_CBICA_ARW_1,Brats18_CBICA_ARW_1,MICCAI_BraTS2020_TrainingData,/home/feiner/datasets/BraTS/ssn/MICCAI_BraTS2020_TrainingData/BraTS20_Training_043/BraTS20_Training_043_seg.nii.gz,/home/feiner/datasets/BraTS/ssn/MICCAI_BraTS2020_TrainingData/BraTS20_Training_043/BraTS20_Training_043_brain_mask.nii.gz,/home/feiner/datasets/BraTS/ssn/MICCAI_BraTS2020_TrainingData/BraTS20_Training_043/BraTS20_Training_043_flair.nii.gz,/home/feiner/datasets/BraTS/ssn/MICCAI_BraTS2020_TrainingData/BraTS20_Training_043/BraTS20_Training_043_t1.nii.gz,/home/feiner/datasets/BraTS/ssn/MICCAI_BraTS2020_TrainingData/BraTS20_Training_043/BraTS20_Training_043_t1ce.nii.gz,/home/feiner/datasets/BraTS/ssn/MICCAI_BraTS2020_TrainingData/BraTS20_Training_043/BraTS20_Training_043_t2.nii.gz,True,,BraTS20_Training_043,Brats17_CBICA_ARW_1,,BraTS19_CBICA_ARW_1
HGG,Brats18_CBICA_ARZ_1,Brats18_CBICA_ARZ_1,MICCAI_BraTS2020_TrainingData,/home/feiner/datasets/BraTS/ssn/MICCAI_BraTS2020_TrainingData/BraTS20_Training_044/BraTS20_Training_044_seg.nii.gz,/home/feiner/datasets/BraTS/ssn/MICCAI_BraTS2020_TrainingData/BraTS20_Training_044/BraTS20_Training_044_brain_mask.nii.gz,/home/feiner/datasets/BraTS/ssn/MICCAI_BraTS2020_TrainingData/BraTS20_Training_044/BraTS20_Training_044_flair.nii.gz,/home/feiner/datasets/BraTS/ssn/MICCAI_BraTS2020_TrainingData/BraTS20_Training_044/BraTS20_Training_044_t1.nii.gz,/home/feiner/datasets/BraTS/ssn/MICCAI_BraTS2020_TrainingData/BraTS20_Training_044/BraTS20_Training_044_t1ce.nii.gz,/home/feiner/datasets/BraTS/ssn/MICCAI_BraTS2020_TrainingData/BraTS20_Training_044/BraTS20_Training_044_t2.nii.gz,True,,BraTS20_Training_044,Brats17_CBICA_ARZ_1,,BraTS19_CBICA_ARZ_1
HGG,Brats18_CBICA_ASA_1,Brats18_CBICA_ASA_1,MICCAI_BraTS2020_TrainingData,/home/feiner/datasets/BraTS/ssn/MICCAI_BraTS2020_TrainingData/BraTS20_Training_045/BraTS20_Training_045_seg.nii.gz,/home/feiner/datasets/BraTS/ssn/MICCAI_BraTS2020_TrainingData/BraTS20_Training_045/BraTS20_Training_045_brain_mask.nii.gz,/home/feiner/datasets/BraTS/ssn/MICCAI_BraTS2020_TrainingData/BraTS20_Training_045/BraTS20_Training_045_flair.nii.gz,/home/feiner/datasets/BraTS/ssn/MICCAI_BraTS2020_TrainingData/BraTS20_Training_045/BraTS20_Training_045_t1.nii.gz,/home/feiner/datasets/BraTS/ssn/MICCAI_BraTS2020_TrainingData/BraTS20_Training_045/BraTS20_Training_045_t1ce.nii.gz,/home/feiner/datasets/BraTS/ssn/MICCAI_BraTS2020_TrainingData/BraTS20_Training_045/BraTS20_Training_045_t2.nii.gz,True,,BraTS20_Training_045,Brats17_CBICA_ASA_1,,BraTS19_CBICA_ASA_1
HGG,Brats18_CBICA_ASE_1,Brats18_CBICA_ASE_1,MICCAI_BraTS2020_TrainingData,/home/feiner/datasets/BraTS/ssn/MICCAI_BraTS2020_TrainingData/BraTS20_Training_046/BraTS20_Training_046_seg.nii.gz,/home/feiner/datasets/BraTS/ssn/MICCAI_BraTS2020_TrainingData/BraTS20_Training_046/BraTS20_Training_046_brain_mask.nii.gz,/home/feiner/datasets/BraTS/ssn/MICCAI_BraTS2020_TrainingData/BraTS20_Training_046/BraTS20_Training_046_flair.nii.gz,/home/feiner/datasets/BraTS/ssn/MICCAI_BraTS2020_TrainingData/BraTS20_Training_046/BraTS20_Training_046_t1.nii.gz,/home/feiner/datasets/BraTS/ssn/MICCAI_BraTS2020_TrainingData/BraTS20_Training_046/BraTS20_Training_046_t1ce.nii.gz,/home/feiner/datasets/BraTS/ssn/MICCAI_BraTS2020_TrainingData/BraTS20_Training_046/BraTS20_Training_046_t2.nii.gz,True,,BraTS20_Training_046,Brats17_CBICA_ASE_1,,BraTS19_CBICA_ASE_1
HGG,Brats18_CBICA_ASH_1,Brats18_CBICA_ASH_1,MICCAI_BraTS2020_TrainingData,/home/feiner/datasets/BraTS/ssn/MICCAI_BraTS2020_TrainingData/BraTS20_Training_048/BraTS20_Training_048_seg.nii.gz,/home/feiner/datasets/BraTS/ssn/MICCAI_BraTS2020_TrainingData/BraTS20_Training_048/BraTS20_Training_048_brain_mask.nii.gz,/home/feiner/datasets/BraTS/ssn/MICCAI_BraTS2020_TrainingData/BraTS20_Training_048/BraTS20_Training_048_flair.nii.gz,/home/feiner/datasets/BraTS/ssn/MICCAI_BraTS2020_TrainingData/BraTS20_Training_048/BraTS20_Training_048_t1.nii.gz,/home/feiner/datasets/BraTS/ssn/MICCAI_BraTS2020_TrainingData/BraTS20_Training_048/BraTS20_Training_048_t1ce.nii.gz,/home/feiner/datasets/BraTS/ssn/MICCAI_BraTS2020_TrainingData/BraTS20_Training_048/BraTS20_Training_048_t2.nii.gz,True,,BraTS20_Training_048,Brats17_CBICA_ASH_1,,BraTS19_CBICA_ASH_1
HGG,Brats18_CBICA_ASO_1,Brats18_CBICA_ASO_1,MICCAI_BraTS2020_TrainingData,/home/feiner/datasets/BraTS/ssn/MICCAI_BraTS2020_TrainingData/BraTS20_Training_051/BraTS20_Training_051_seg.nii.gz,/home/feiner/datasets/BraTS/ssn/MICCAI_BraTS2020_TrainingData/BraTS20_Training_051/BraTS20_Training_051_brain_mask.nii.gz,/home/feiner/datasets/BraTS/ssn/MICCAI_BraTS2020_TrainingData/BraTS20_Training_051/BraTS20_Training_051_flair.nii.gz,/home/feiner/datasets/BraTS/ssn/MICCAI_BraTS2020_TrainingData/BraTS20_Training_051/BraTS20_Training_051_t1.nii.gz,/home/feiner/datasets/BraTS/ssn/MICCAI_BraTS2020_TrainingData/BraTS20_Training_051/BraTS20_Training_051_t1ce.nii.gz,/home/feiner/datasets/BraTS/ssn/MICCAI_BraTS2020_TrainingData/BraTS20_Training_051/BraTS20_Training_051_t2.nii.gz,True,,BraTS20_Training_051,Brats17_CBICA_ASO_1,,BraTS19_CBICA_ASO_1
HGG,Brats18_CBICA_ASU_1,Brats18_CBICA_ASU_1,MICCAI_BraTS2020_TrainingData,/home/feiner/datasets/BraTS/ssn/MICCAI_BraTS2020_TrainingData/BraTS20_Training_052/BraTS20_Training_052_seg.nii.gz,/home/feiner/datasets/BraTS/ssn/MICCAI_BraTS2020_TrainingData/BraTS20_Training_052/BraTS20_Training_052_brain_mask.nii.gz,/home/feiner/datasets/BraTS/ssn/MICCAI_BraTS2020_TrainingData/BraTS20_Training_052/BraTS20_Training_052_flair.nii.gz,/home/feiner/datasets/BraTS/ssn/MICCAI_BraTS2020_TrainingData/BraTS20_Training_052/BraTS20_Training_052_t1.nii.gz,/home/feiner/datasets/BraTS/ssn/MICCAI_BraTS2020_TrainingData/BraTS20_Training_052/BraTS20_Training_052_t1ce.nii.gz,/home/feiner/datasets/BraTS/ssn/MICCAI_BraTS2020_TrainingData/BraTS20_Training_052/BraTS20_Training_052_t2.nii.gz,True,,BraTS20_Training_052,Brats17_CBICA_ASU_1,,BraTS19_CBICA_ASU_1
HGG,Brats18_CBICA_ATD_1,Brats18_CBICA_ATD_1,MICCAI_BraTS2020_TrainingData,/home/feiner/datasets/BraTS/ssn/MICCAI_BraTS2020_TrainingData/BraTS20_Training_057/BraTS20_Training_057_seg.nii.gz,/home/feiner/datasets/BraTS/ssn/MICCAI_BraTS2020_TrainingData/BraTS20_Training_057/BraTS20_Training_057_brain_mask.nii.gz,/home/feiner/datasets/BraTS/ssn/MICCAI_BraTS2020_TrainingData/BraTS20_Training_057/BraTS20_Training_057_flair.nii.gz,/home/feiner/datasets/BraTS/ssn/MICCAI_BraTS2020_TrainingData/BraTS20_Training_057/BraTS20_Training_057_t1.nii.gz,/home/feiner/datasets/BraTS/ssn/MICCAI_BraTS2020_TrainingData/BraTS20_Training_057/BraTS20_Training_057_t1ce.nii.gz,/home/feiner/datasets/BraTS/ssn/MICCAI_BraTS2020_TrainingData/BraTS20_Training_057/BraTS20_Training_057_t2.nii.gz,True,,BraTS20_Training_057,Brats17_CBICA_ATD_1,,BraTS19_CBICA_ATD_1
HGG,Brats18_CBICA_ATF_1,Brats18_CBICA_ATF_1,MICCAI_BraTS2020_TrainingData,/home/feiner/datasets/BraTS/ssn/MICCAI_BraTS2020_TrainingData/BraTS20_Training_058/BraTS20_Training_058_seg.nii.gz,/home/feiner/datasets/BraTS/ssn/MICCAI_BraTS2020_TrainingData/BraTS20_Training_058/BraTS20_Training_058_brain_mask.nii.gz,/home/feiner/datasets/BraTS/ssn/MICCAI_BraTS2020_TrainingData/BraTS20_Training_058/BraTS20_Training_058_flair.nii.gz,/home/feiner/datasets/BraTS/ssn/MICCAI_BraTS2020_TrainingData/BraTS20_Training_058/BraTS20_Training_058_t1.nii.gz,/home/feiner/datasets/BraTS/ssn/MICCAI_BraTS2020_TrainingData/BraTS20_Training_058/BraTS20_Training_058_t1ce.nii.gz,/home/feiner/datasets/BraTS/ssn/MICCAI_BraTS2020_TrainingData/BraTS20_Training_058/BraTS20_Training_058_t2.nii.gz,True,,BraTS20_Training_058,Brats17_CBICA_ATF_1,,BraTS19_CBICA_ATF_1
HGG,Brats18_CBICA_ATV_1,Brats18_CBICA_ATV_1,MICCAI_BraTS2020_TrainingData,/home/feiner/datasets/BraTS/ssn/MICCAI_BraTS2020_TrainingData/BraTS20_Training_060/BraTS20_Training_060_seg.nii.gz,/home/feiner/datasets/BraTS/ssn/MICCAI_BraTS2020_TrainingData/BraTS20_Training_060/BraTS20_Training_060_brain_mask.nii.gz,/home/feiner/datasets/BraTS/ssn/MICCAI_BraTS2020_TrainingData/BraTS20_Training_060/BraTS20_Training_060_flair.nii.gz,/home/feiner/datasets/BraTS/ssn/MICCAI_BraTS2020_TrainingData/BraTS20_Training_060/BraTS20_Training_060_t1.nii.gz,/home/feiner/datasets/BraTS/ssn/MICCAI_BraTS2020_TrainingData/BraTS20_Training_060/BraTS20_Training_060_t1ce.nii.gz,/home/feiner/datasets/BraTS/ssn/MICCAI_BraTS2020_TrainingData/BraTS20_Training_060/BraTS20_Training_060_t2.nii.gz,True,,BraTS20_Training_060,Brats17_CBICA_ATV_1,,BraTS19_CBICA_ATV_1
HGG,Brats18_CBICA_ATX_1,Brats18_CBICA_ATX_1,MICCAI_BraTS2020_TrainingData,/home/feiner/datasets/BraTS/ssn/MICCAI_BraTS2020_TrainingData/BraTS20_Training_061/BraTS20_Training_061_seg.nii.gz,/home/feiner/datasets/BraTS/ssn/MICCAI_BraTS2020_TrainingData/BraTS20_Training_061/BraTS20_Training_061_brain_mask.nii.gz,/home/feiner/datasets/BraTS/ssn/MICCAI_BraTS2020_TrainingData/BraTS20_Training_061/BraTS20_Training_061_flair.nii.gz,/home/feiner/datasets/BraTS/ssn/MICCAI_BraTS2020_TrainingData/BraTS20_Training_061/BraTS20_Training_061_t1.nii.gz,/home/feiner/datasets/BraTS/ssn/MICCAI_BraTS2020_TrainingData/BraTS20_Training_061/BraTS20_Training_061_t1ce.nii.gz,/home/feiner/datasets/BraTS/ssn/MICCAI_BraTS2020_TrainingData/BraTS20_Training_061/BraTS20_Training_061_t2.nii.gz,True,,BraTS20_Training_061,Brats17_CBICA_ATX_1,,BraTS19_CBICA_ATX_1
HGG,Brats18_CBICA_AUN_1,Brats18_CBICA_AUN_1,MICCAI_BraTS2020_TrainingData,/home/feiner/datasets/BraTS/ssn/MICCAI_BraTS2020_TrainingData/BraTS20_Training_062/BraTS20_Training_062_seg.nii.gz,/home/feiner/datasets/BraTS/ssn/MICCAI_BraTS2020_TrainingData/BraTS20_Training_062/BraTS20_Training_062_brain_mask.nii.gz,/home/feiner/datasets/BraTS/ssn/MICCAI_BraTS2020_TrainingData/BraTS20_Training_062/BraTS20_Training_062_flair.nii.gz,/home/feiner/datasets/BraTS/ssn/MICCAI_BraTS2020_TrainingData/BraTS20_Training_062/BraTS20_Training_062_t1.nii.gz,/home/feiner/datasets/BraTS/ssn/MICCAI_BraTS2020_TrainingData/BraTS20_Training_062/BraTS20_Training_062_t1ce.nii.gz,/home/feiner/datasets/BraTS/ssn/MICCAI_BraTS2020_TrainingData/BraTS20_Training_062/BraTS20_Training_062_t2.nii.gz,True,,BraTS20_Training_062,Brats17_CBICA_AUN_1,,BraTS19_CBICA_AUN_1
HGG,Brats18_CBICA_AVG_1,Brats18_CBICA_AVG_1,MICCAI_BraTS2020_TrainingData,/home/feiner/datasets/BraTS/ssn/MICCAI_BraTS2020_TrainingData/BraTS20_Training_065/BraTS20_Training_065_seg.nii.gz,/home/feiner/datasets/BraTS/ssn/MICCAI_BraTS2020_TrainingData/BraTS20_Training_065/BraTS20_Training_065_brain_mask.nii.gz,/home/feiner/datasets/BraTS/ssn/MICCAI_BraTS2020_TrainingData/BraTS20_Training_065/BraTS20_Training_065_flair.nii.gz,/home/feiner/datasets/BraTS/ssn/MICCAI_BraTS2020_TrainingData/BraTS20_Training_065/BraTS20_Training_065_t1.nii.gz,/home/feiner/datasets/BraTS/ssn/MICCAI_BraTS2020_TrainingData/BraTS20_Training_065/BraTS20_Training_065_t1ce.nii.gz,/home/feiner/datasets/BraTS/ssn/MICCAI_BraTS2020_TrainingData/BraTS20_Training_065/BraTS20_Training_065_t2.nii.gz,True,,BraTS20_Training_065,Brats17_CBICA_AVG_1,,BraTS19_CBICA_AVG_1
HGG,Brats18_CBICA_AWG_1,Brats18_CBICA_AWG_1,MICCAI_BraTS2020_TrainingData,/home/feiner/datasets/BraTS/ssn/MICCAI_BraTS2020_TrainingData/BraTS20_Training_068/BraTS20_Training_068_seg.nii.gz,/home/feiner/datasets/BraTS/ssn/MICCAI_BraTS2020_TrainingData/BraTS20_Training_068/BraTS20_Training_068_brain_mask.nii.gz,/home/feiner/datasets/BraTS/ssn/MICCAI_BraTS2020_TrainingData/BraTS20_Training_068/BraTS20_Training_068_flair.nii.gz,/home/feiner/datasets/BraTS/ssn/MICCAI_BraTS2020_TrainingData/BraTS20_Training_068/BraTS20_Training_068_t1.nii.gz,/home/feiner/datasets/BraTS/ssn/MICCAI_BraTS2020_TrainingData/BraTS20_Training_068/BraTS20_Training_068_t1ce.nii.gz,/home/feiner/datasets/BraTS/ssn/MICCAI_BraTS2020_TrainingData/BraTS20_Training_068/BraTS20_Training_068_t2.nii.gz,True,,BraTS20_Training_068,Brats17_CBICA_AWG_1,,BraTS19_CBICA_AWG_1
HGG,Brats18_CBICA_AWI_1,Brats18_CBICA_AWI_1,MICCAI_BraTS2020_TrainingData,/home/feiner/datasets/BraTS/ssn/MICCAI_BraTS2020_TrainingData/BraTS20_Training_070/BraTS20_Training_070_seg.nii.gz,/home/feiner/datasets/BraTS/ssn/MICCAI_BraTS2020_TrainingData/BraTS20_Training_070/BraTS20_Training_070_brain_mask.nii.gz,/home/feiner/datasets/BraTS/ssn/MICCAI_BraTS2020_TrainingData/BraTS20_Training_070/BraTS20_Training_070_flair.nii.gz,/home/feiner/datasets/BraTS/ssn/MICCAI_BraTS2020_TrainingData/BraTS20_Training_070/BraTS20_Training_070_t1.nii.gz,/home/feiner/datasets/BraTS/ssn/MICCAI_BraTS2020_TrainingData/BraTS20_Training_070/BraTS20_Training_070_t1ce.nii.gz,/home/feiner/datasets/BraTS/ssn/MICCAI_BraTS2020_TrainingData/BraTS20_Training_070/BraTS20_Training_070_t2.nii.gz,True,,BraTS20_Training_070,Brats17_CBICA_AWI_1,,BraTS19_CBICA_AWI_1
HGG,Brats18_CBICA_AXJ_1,Brats18_CBICA_AXJ_1,MICCAI_BraTS2020_TrainingData,/home/feiner/datasets/BraTS/ssn/MICCAI_BraTS2020_TrainingData/BraTS20_Training_071/BraTS20_Training_071_seg.nii.gz,/home/feiner/datasets/BraTS/ssn/MICCAI_BraTS2020_TrainingData/BraTS20_Training_071/BraTS20_Training_071_brain_mask.nii.gz,/home/feiner/datasets/BraTS/ssn/MICCAI_BraTS2020_TrainingData/BraTS20_Training_071/BraTS20_Training_071_flair.nii.gz,/home/feiner/datasets/BraTS/ssn/MICCAI_BraTS2020_TrainingData/BraTS20_Training_071/BraTS20_Training_071_t1.nii.gz,/home/feiner/datasets/BraTS/ssn/MICCAI_BraTS2020_TrainingData/BraTS20_Training_071/BraTS20_Training_071_t1ce.nii.gz,/home/feiner/datasets/BraTS/ssn/MICCAI_BraTS2020_TrainingData/BraTS20_Training_071/BraTS20_Training_071_t2.nii.gz,True,,BraTS20_Training_071,Brats17_CBICA_AXJ_1,,BraTS19_CBICA_AXJ_1
HGG,Brats18_CBICA_AXL_1,Brats18_CBICA_AXL_1,MICCAI_BraTS2020_TrainingData,/home/feiner/datasets/BraTS/ssn/MICCAI_BraTS2020_TrainingData/BraTS20_Training_072/BraTS20_Training_072_seg.nii.gz,/home/feiner/datasets/BraTS/ssn/MICCAI_BraTS2020_TrainingData/BraTS20_Training_072/BraTS20_Training_072_brain_mask.nii.gz,/home/feiner/datasets/BraTS/ssn/MICCAI_BraTS2020_TrainingData/BraTS20_Training_072/BraTS20_Training_072_flair.nii.gz,/home/feiner/datasets/BraTS/ssn/MICCAI_BraTS2020_TrainingData/BraTS20_Training_072/BraTS20_Training_072_t1.nii.gz,/home/feiner/datasets/BraTS/ssn/MICCAI_BraTS2020_TrainingData/BraTS20_Training_072/BraTS20_Training_072_t1ce.nii.gz,/home/feiner/datasets/BraTS/ssn/MICCAI_BraTS2020_TrainingData/BraTS20_Training_072/BraTS20_Training_072_t2.nii.gz,True,,BraTS20_Training_072,Brats17_CBICA_AXL_1,,BraTS19_CBICA_AXL_1
HGG,Brats18_CBICA_AXM_1,Brats18_CBICA_AXM_1,MICCAI_BraTS2020_TrainingData,/home/feiner/datasets/BraTS/ssn/MICCAI_BraTS2020_TrainingData/BraTS20_Training_073/BraTS20_Training_073_seg.nii.gz,/home/feiner/datasets/BraTS/ssn/MICCAI_BraTS2020_TrainingData/BraTS20_Training_073/BraTS20_Training_073_brain_mask.nii.gz,/home/feiner/datasets/BraTS/ssn/MICCAI_BraTS2020_TrainingData/BraTS20_Training_073/BraTS20_Training_073_flair.nii.gz,/home/feiner/datasets/BraTS/ssn/MICCAI_BraTS2020_TrainingData/BraTS20_Training_073/BraTS20_Training_073_t1.nii.gz,/home/feiner/datasets/BraTS/ssn/MICCAI_BraTS2020_TrainingData/BraTS20_Training_073/BraTS20_Training_073_t1ce.nii.gz,/home/feiner/datasets/BraTS/ssn/MICCAI_BraTS2020_TrainingData/BraTS20_Training_073/BraTS20_Training_073_t2.nii.gz,True,,BraTS20_Training_073,Brats17_CBICA_AXM_1,,BraTS19_CBICA_AXM_1
HGG,Brats18_CBICA_AXN_1,Brats18_CBICA_AXN_1,MICCAI_BraTS2020_TrainingData,/home/feiner/datasets/BraTS/ssn/MICCAI_BraTS2020_TrainingData/BraTS20_Training_074/BraTS20_Training_074_seg.nii.gz,/home/feiner/datasets/BraTS/ssn/MICCAI_BraTS2020_TrainingData/BraTS20_Training_074/BraTS20_Training_074_brain_mask.nii.gz,/home/feiner/datasets/BraTS/ssn/MICCAI_BraTS2020_TrainingData/BraTS20_Training_074/BraTS20_Training_074_flair.nii.gz,/home/feiner/datasets/BraTS/ssn/MICCAI_BraTS2020_TrainingData/BraTS20_Training_074/BraTS20_Training_074_t1.nii.gz,/home/feiner/datasets/BraTS/ssn/MICCAI_BraTS2020_TrainingData/BraTS20_Training_074/BraTS20_Training_074_t1ce.nii.gz,/home/feiner/datasets/BraTS/ssn/MICCAI_BraTS2020_TrainingData/BraTS20_Training_074/BraTS20_Training_074_t2.nii.gz,True,,BraTS20_Training_074,Brats17_CBICA_AXN_1,,BraTS19_CBICA_AXN_1
HGG,Brats18_CBICA_AXO_1,Brats18_CBICA_AXO_1,MICCAI_BraTS2020_TrainingData,/home/feiner/datasets/BraTS/ssn/MICCAI_BraTS2020_TrainingData/BraTS20_Training_075/BraTS20_Training_075_seg.nii.gz,/home/feiner/datasets/BraTS/ssn/MICCAI_BraTS2020_TrainingData/BraTS20_Training_075/BraTS20_Training_075_brain_mask.nii.gz,/home/feiner/datasets/BraTS/ssn/MICCAI_BraTS2020_TrainingData/BraTS20_Training_075/BraTS20_Training_075_flair.nii.gz,/home/feiner/datasets/BraTS/ssn/MICCAI_BraTS2020_TrainingData/BraTS20_Training_075/BraTS20_Training_075_t1.nii.gz,/home/feiner/datasets/BraTS/ssn/MICCAI_BraTS2020_TrainingData/BraTS20_Training_075/BraTS20_Training_075_t1ce.nii.gz,/home/feiner/datasets/BraTS/ssn/MICCAI_BraTS2020_TrainingData/BraTS20_Training_075/BraTS20_Training_075_t2.nii.gz,True,,BraTS20_Training_075,Brats17_CBICA_AXO_1,,BraTS19_CBICA_AXO_1
HGG,Brats18_CBICA_AXQ_1,Brats18_CBICA_AXQ_1,MICCAI_BraTS2020_TrainingData,/home/feiner/datasets/BraTS/ssn/MICCAI_BraTS2020_TrainingData/BraTS20_Training_076/BraTS20_Training_076_seg.nii.gz,/home/feiner/datasets/BraTS/ssn/MICCAI_BraTS2020_TrainingData/BraTS20_Training_076/BraTS20_Training_076_brain_mask.nii.gz,/home/feiner/datasets/BraTS/ssn/MICCAI_BraTS2020_TrainingData/BraTS20_Training_076/BraTS20_Training_076_flair.nii.gz,/home/feiner/datasets/BraTS/ssn/MICCAI_BraTS2020_TrainingData/BraTS20_Training_076/BraTS20_Training_076_t1.nii.gz,/home/feiner/datasets/BraTS/ssn/MICCAI_BraTS2020_TrainingData/BraTS20_Training_076/BraTS20_Training_076_t1ce.nii.gz,/home/feiner/datasets/BraTS/ssn/MICCAI_BraTS2020_TrainingData/BraTS20_Training_076/BraTS20_Training_076_t2.nii.gz,True,,BraTS20_Training_076,Brats17_CBICA_AXQ_1,,BraTS19_CBICA_AXQ_1
HGG,Brats18_CBICA_AYI_1,Brats18_CBICA_AYI_1,MICCAI_BraTS2020_TrainingData,/home/feiner/datasets/BraTS/ssn/MICCAI_BraTS2020_TrainingData/BraTS20_Training_079/BraTS20_Training_079_seg.nii.gz,/home/feiner/datasets/BraTS/ssn/MICCAI_BraTS2020_TrainingData/BraTS20_Training_079/BraTS20_Training_079_brain_mask.nii.gz,/home/feiner/datasets/BraTS/ssn/MICCAI_BraTS2020_TrainingData/BraTS20_Training_079/BraTS20_Training_079_flair.nii.gz,/home/feiner/datasets/BraTS/ssn/MICCAI_BraTS2020_TrainingData/BraTS20_Training_079/BraTS20_Training_079_t1.nii.gz,/home/feiner/datasets/BraTS/ssn/MICCAI_BraTS2020_TrainingData/BraTS20_Training_079/BraTS20_Training_079_t1ce.nii.gz,/home/feiner/datasets/BraTS/ssn/MICCAI_BraTS2020_TrainingData/BraTS20_Training_079/BraTS20_Training_079_t2.nii.gz,True,,BraTS20_Training_079,Brats17_CBICA_AYI_1,,BraTS19_CBICA_AYI_1
HGG,Brats18_CBICA_AYU_1,Brats18_CBICA_AYU_1,MICCAI_BraTS2020_TrainingData,/home/feiner/datasets/BraTS/ssn/MICCAI_BraTS2020_TrainingData/BraTS20_Training_080/BraTS20_Training_080_seg.nii.gz,/home/feiner/datasets/BraTS/ssn/MICCAI_BraTS2020_TrainingData/BraTS20_Training_080/BraTS20_Training_080_brain_mask.nii.gz,/home/feiner/datasets/BraTS/ssn/MICCAI_BraTS2020_TrainingData/BraTS20_Training_080/BraTS20_Training_080_flair.nii.gz,/home/feiner/datasets/BraTS/ssn/MICCAI_BraTS2020_TrainingData/BraTS20_Training_080/BraTS20_Training_080_t1.nii.gz,/home/feiner/datasets/BraTS/ssn/MICCAI_BraTS2020_TrainingData/BraTS20_Training_080/BraTS20_Training_080_t1ce.nii.gz,/home/feiner/datasets/BraTS/ssn/MICCAI_BraTS2020_TrainingData/BraTS20_Training_080/BraTS20_Training_080_t2.nii.gz,True,,BraTS20_Training_080,Brats17_CBICA_AYU_1,,BraTS19_CBICA_AYU_1
HGG,Brats18_CBICA_AYW_1,Brats18_CBICA_AYW_1,MICCAI_BraTS2020_TrainingData,/home/feiner/datasets/BraTS/ssn/MICCAI_BraTS2020_TrainingData/BraTS20_Training_081/BraTS20_Training_081_seg.nii.gz,/home/feiner/datasets/BraTS/ssn/MICCAI_BraTS2020_TrainingData/BraTS20_Training_081/BraTS20_Training_081_brain_mask.nii.gz,/home/feiner/datasets/BraTS/ssn/MICCAI_BraTS2020_TrainingData/BraTS20_Training_081/BraTS20_Training_081_flair.nii.gz,/home/feiner/datasets/BraTS/ssn/MICCAI_BraTS2020_TrainingData/BraTS20_Training_081/BraTS20_Training_081_t1.nii.gz,/home/feiner/datasets/BraTS/ssn/MICCAI_BraTS2020_TrainingData/BraTS20_Training_081/BraTS20_Training_081_t1ce.nii.gz,/home/feiner/datasets/BraTS/ssn/MICCAI_BraTS2020_TrainingData/BraTS20_Training_081/BraTS20_Training_081_t2.nii.gz,True,,BraTS20_Training_081,Brats17_CBICA_AYW_1,,BraTS19_CBICA_AYW_1
HGG,Brats18_CBICA_AZH_1,Brats18_CBICA_AZH_1,MICCAI_BraTS2020_TrainingData,/home/feiner/datasets/BraTS/ssn/MICCAI_BraTS2020_TrainingData/BraTS20_Training_083/BraTS20_Training_083_seg.nii.gz,/home/feiner/datasets/BraTS/ssn/MICCAI_BraTS2020_TrainingData/BraTS20_Training_083/BraTS20_Training_083_brain_mask.nii.gz,/home/feiner/datasets/BraTS/ssn/MICCAI_BraTS2020_TrainingData/BraTS20_Training_083/BraTS20_Training_083_flair.nii.gz,/home/feiner/datasets/BraTS/ssn/MICCAI_BraTS2020_TrainingData/BraTS20_Training_083/BraTS20_Training_083_t1.nii.gz,/home/feiner/datasets/BraTS/ssn/MICCAI_BraTS2020_TrainingData/BraTS20_Training_083/BraTS20_Training_083_t1ce.nii.gz,/home/feiner/datasets/BraTS/ssn/MICCAI_BraTS2020_TrainingData/BraTS20_Training_083/BraTS20_Training_083_t2.nii.gz,True,,BraTS20_Training_083,Brats17_CBICA_AZH_1,,BraTS19_CBICA_AZH_1
HGG,Brats18_CBICA_BFB_1,Brats18_CBICA_BFB_1,MICCAI_BraTS2020_TrainingData,/home/feiner/datasets/BraTS/ssn/MICCAI_BraTS2020_TrainingData/BraTS20_Training_084/BraTS20_Training_084_seg.nii.gz,/home/feiner/datasets/BraTS/ssn/MICCAI_BraTS2020_TrainingData/BraTS20_Training_084/BraTS20_Training_084_brain_mask.nii.gz,/home/feiner/datasets/BraTS/ssn/MICCAI_BraTS2020_TrainingData/BraTS20_Training_084/BraTS20_Training_084_flair.nii.gz,/home/feiner/datasets/BraTS/ssn/MICCAI_BraTS2020_TrainingData/BraTS20_Training_084/BraTS20_Training_084_t1.nii.gz,/home/feiner/datasets/BraTS/ssn/MICCAI_BraTS2020_TrainingData/BraTS20_Training_084/BraTS20_Training_084_t1ce.nii.gz,/home/feiner/datasets/BraTS/ssn/MICCAI_BraTS2020_TrainingData/BraTS20_Training_084/BraTS20_Training_084_t2.nii.gz,True,,BraTS20_Training_084,Brats17_CBICA_BFB_1,,BraTS19_CBICA_BFB_1
HGG,Brats18_CBICA_BFP_1,Brats18_CBICA_BFP_1,MICCAI_BraTS2020_TrainingData,/home/feiner/datasets/BraTS/ssn/MICCAI_BraTS2020_TrainingData/BraTS20_Training_085/BraTS20_Training_085_seg.nii.gz,/home/feiner/datasets/BraTS/ssn/MICCAI_BraTS2020_TrainingData/BraTS20_Training_085/BraTS20_Training_085_brain_mask.nii.gz,/home/feiner/datasets/BraTS/ssn/MICCAI_BraTS2020_TrainingData/BraTS20_Training_085/BraTS20_Training_085_flair.nii.gz,/home/feiner/datasets/BraTS/ssn/MICCAI_BraTS2020_TrainingData/BraTS20_Training_085/BraTS20_Training_085_t1.nii.gz,/home/feiner/datasets/BraTS/ssn/MICCAI_BraTS2020_TrainingData/BraTS20_Training_085/BraTS20_Training_085_t1ce.nii.gz,/home/feiner/datasets/BraTS/ssn/MICCAI_BraTS2020_TrainingData/BraTS20_Training_085/BraTS20_Training_085_t2.nii.gz,True,,BraTS20_Training_085,Brats17_CBICA_BFP_1,,BraTS19_CBICA_BFP_1
HGG,Brats18_CBICA_BHK_1,Brats18_CBICA_BHK_1,MICCAI_BraTS2020_TrainingData,/home/feiner/datasets/BraTS/ssn/MICCAI_BraTS2020_TrainingData/BraTS20_Training_087/BraTS20_Training_087_seg.nii.gz,/home/feiner/datasets/BraTS/ssn/MICCAI_BraTS2020_TrainingData/BraTS20_Training_087/BraTS20_Training_087_brain_mask.nii.gz,/home/feiner/datasets/BraTS/ssn/MICCAI_BraTS2020_TrainingData/BraTS20_Training_087/BraTS20_Training_087_flair.nii.gz,/home/feiner/datasets/BraTS/ssn/MICCAI_BraTS2020_TrainingData/BraTS20_Training_087/BraTS20_Training_087_t1.nii.gz,/home/feiner/datasets/BraTS/ssn/MICCAI_BraTS2020_TrainingData/BraTS20_Training_087/BraTS20_Training_087_t1ce.nii.gz,/home/feiner/datasets/BraTS/ssn/MICCAI_BraTS2020_TrainingData/BraTS20_Training_087/BraTS20_Training_087_t2.nii.gz,True,,BraTS20_Training_087,Brats17_CBICA_BHK_1,,BraTS19_CBICA_BHK_1
HGG,Brats18_CBICA_BHM_1,Brats18_CBICA_BHM_1,MICCAI_BraTS2020_TrainingData,/home/feiner/datasets/BraTS/ssn/MICCAI_BraTS2020_TrainingData/BraTS20_Training_088/BraTS20_Training_088_seg.nii.gz,/home/feiner/datasets/BraTS/ssn/MICCAI_BraTS2020_TrainingData/BraTS20_Training_088/BraTS20_Training_088_brain_mask.nii.gz,/home/feiner/datasets/BraTS/ssn/MICCAI_BraTS2020_TrainingData/BraTS20_Training_088/BraTS20_Training_088_flair.nii.gz,/home/feiner/datasets/BraTS/ssn/MICCAI_BraTS2020_TrainingData/BraTS20_Training_088/BraTS20_Training_088_t1.nii.gz,/home/feiner/datasets/BraTS/ssn/MICCAI_BraTS2020_TrainingData/BraTS20_Training_088/BraTS20_Training_088_t1ce.nii.gz,/home/feiner/datasets/BraTS/ssn/MICCAI_BraTS2020_TrainingData/BraTS20_Training_088/BraTS20_Training_088_t2.nii.gz,True,,BraTS20_Training_088,Brats17_CBICA_BHM_1,,BraTS19_CBICA_BHM_1
HGG,Brats18_TCIA01_150_1,Brats18_TCIA01_150_1,MICCAI_BraTS2020_TrainingData,/home/feiner/datasets/BraTS/ssn/MICCAI_BraTS2020_TrainingData/BraTS20_Training_179/BraTS20_Training_179_seg.nii.gz,/home/feiner/datasets/BraTS/ssn/MICCAI_BraTS2020_TrainingData/BraTS20_Training_179/BraTS20_Training_179_brain_mask.nii.gz,/home/feiner/datasets/BraTS/ssn/MICCAI_BraTS2020_TrainingData/BraTS20_Training_179/BraTS20_Training_179_flair.nii.gz,/home/feiner/datasets/BraTS/ssn/MICCAI_BraTS2020_TrainingData/BraTS20_Training_179/BraTS20_Training_179_t1.nii.gz,/home/feiner/datasets/BraTS/ssn/MICCAI_BraTS2020_TrainingData/BraTS20_Training_179/BraTS20_Training_179_t1ce.nii.gz,/home/feiner/datasets/BraTS/ssn/MICCAI_BraTS2020_TrainingData/BraTS20_Training_179/BraTS20_Training_179_t2.nii.gz,True,,BraTS20_Training_179,Brats17_TCIA_150_1,TCGA-02-0116,BraTS19_TCIA01_150_1
HGG,Brats18_TCIA01_186_1,Brats18_TCIA01_186_1,MICCAI_BraTS2020_TrainingData,/home/feiner/datasets/BraTS/ssn/MICCAI_BraTS2020_TrainingData/BraTS20_Training_161/BraTS20_Training_161_seg.nii.gz,/home/feiner/datasets/BraTS/ssn/MICCAI_BraTS2020_TrainingData/BraTS20_Training_161/BraTS20_Training_161_brain_mask.nii.gz,/home/feiner/datasets/BraTS/ssn/MICCAI_BraTS2020_TrainingData/BraTS20_Training_161/BraTS20_Training_161_flair.nii.gz,/home/feiner/datasets/BraTS/ssn/MICCAI_BraTS2020_TrainingData/BraTS20_Training_161/BraTS20_Training_161_t1.nii.gz,/home/feiner/datasets/BraTS/ssn/MICCAI_BraTS2020_TrainingData/BraTS20_Training_161/BraTS20_Training_161_t1ce.nii.gz,/home/feiner/datasets/BraTS/ssn/MICCAI_BraTS2020_TrainingData/BraTS20_Training_161/BraTS20_Training_161_t2.nii.gz,True,,BraTS20_Training_161,Brats17_TCIA_186_1,TCGA-02-0027,BraTS19_TCIA01_186_1
HGG,Brats18_TCIA01_201_1,Brats18_TCIA01_201_1,MICCAI_BraTS2020_TrainingData,/home/feiner/datasets/BraTS/ssn/MICCAI_BraTS2020_TrainingData/BraTS20_Training_163/BraTS20_Training_163_seg.nii.gz,/home/feiner/datasets/BraTS/ssn/MICCAI_BraTS2020_TrainingData/BraTS20_Training_163/BraTS20_Training_163_brain_mask.nii.gz,/home/feiner/datasets/BraTS/ssn/MICCAI_BraTS2020_TrainingData/BraTS20_Training_163/BraTS20_Training_163_flair.nii.gz,/home/feiner/datasets/BraTS/ssn/MICCAI_BraTS2020_TrainingData/BraTS20_Training_163/BraTS20_Training_163_t1.nii.gz,/home/feiner/datasets/BraTS/ssn/MICCAI_BraTS2020_TrainingData/BraTS20_Training_163/BraTS20_Training_163_t1ce.nii.gz,/home/feiner/datasets/BraTS/ssn/MICCAI_BraTS2020_TrainingData/BraTS20_Training_163/BraTS20_Training_163_t2.nii.gz,True,,BraTS20_Training_163,Brats17_TCIA_201_1,TCGA-02-0034,BraTS19_TCIA01_201_1
HGG,Brats18_TCIA01_203_1,Brats18_TCIA01_203_1,MICCAI_BraTS2020_TrainingData,/home/feiner/datasets/BraTS/ssn/MICCAI_BraTS2020_TrainingData/BraTS20_Training_175/BraTS20_Training_175_seg.nii.gz,/home/feiner/datasets/BraTS/ssn/MICCAI_BraTS2020_TrainingData/BraTS20_Training_175/BraTS20_Training_175_brain_mask.nii.gz,/home/feiner/datasets/BraTS/ssn/MICCAI_BraTS2020_TrainingData/BraTS20_Training_175/BraTS20_Training_175_flair.nii.gz,/home/feiner/datasets/BraTS/ssn/MICCAI_BraTS2020_TrainingData/BraTS20_Training_175/BraTS20_Training_175_t1.nii.gz,/home/feiner/datasets/BraTS/ssn/MICCAI_BraTS2020_TrainingData/BraTS20_Training_175/BraTS20_Training_175_t1ce.nii.gz,/home/feiner/datasets/BraTS/ssn/MICCAI_BraTS2020_TrainingData/BraTS20_Training_175/BraTS20_Training_175_t2.nii.gz,True,,BraTS20_Training_175,Brats17_TCIA_203_1,TCGA-02-0086,BraTS19_TCIA01_203_1
HGG,Brats18_TCIA01_221_1,Brats18_TCIA01_221_1,MICCAI_BraTS2020_TrainingData,/home/feiner/datasets/BraTS/ssn/MICCAI_BraTS2020_TrainingData/BraTS20_Training_176/BraTS20_Training_176_seg.nii.gz,/home/feiner/datasets/BraTS/ssn/MICCAI_BraTS2020_TrainingData/BraTS20_Training_176/BraTS20_Training_176_brain_mask.nii.gz,/home/feiner/datasets/BraTS/ssn/MICCAI_BraTS2020_TrainingData/BraTS20_Training_176/BraTS20_Training_176_flair.nii.gz,/home/feiner/datasets/BraTS/ssn/MICCAI_BraTS2020_TrainingData/BraTS20_Training_176/BraTS20_Training_176_t1.nii.gz,/home/feiner/datasets/BraTS/ssn/MICCAI_BraTS2020_TrainingData/BraTS20_Training_176/BraTS20_Training_176_t1ce.nii.gz,/home/feiner/datasets/BraTS/ssn/MICCAI_BraTS2020_TrainingData/BraTS20_Training_176/BraTS20_Training_176_t2.nii.gz,True,,BraTS20_Training_176,Brats17_TCIA_221_1,TCGA-02-0087,BraTS19_TCIA01_221_1
HGG,Brats18_TCIA01_231_1,Brats18_TCIA01_231_1,MICCAI_BraTS2020_TrainingData,/home/feiner/datasets/BraTS/ssn/MICCAI_BraTS2020_TrainingData/BraTS20_Training_174/BraTS20_Training_174_seg.nii.gz,/home/feiner/datasets/BraTS/ssn/MICCAI_BraTS2020_TrainingData/BraTS20_Training_174/BraTS20_Training_174_brain_mask.nii.gz,/home/feiner/datasets/BraTS/ssn/MICCAI_BraTS2020_TrainingData/BraTS20_Training_174/BraTS20_Training_174_flair.nii.gz,/home/feiner/datasets/BraTS/ssn/MICCAI_BraTS2020_TrainingData/BraTS20_Training_174/BraTS20_Training_174_t1.nii.gz,/home/feiner/datasets/BraTS/ssn/MICCAI_BraTS2020_TrainingData/BraTS20_Training_174/BraTS20_Training_174_t1ce.nii.gz,/home/feiner/datasets/BraTS/ssn/MICCAI_BraTS2020_TrainingData/BraTS20_Training_174/BraTS20_Training_174_t2.nii.gz,True,,BraTS20_Training_174,Brats17_TCIA_231_1,TCGA-02-0085,BraTS19_TCIA01_231_1
HGG,Brats18_TCIA01_235_1,Brats18_TCIA01_235_1,MICCAI_BraTS2020_TrainingData,/home/feiner/datasets/BraTS/ssn/MICCAI_BraTS2020_TrainingData/BraTS20_Training_170/BraTS20_Training_170_seg.nii.gz,/home/feiner/datasets/BraTS/ssn/MICCAI_BraTS2020_TrainingData/BraTS20_Training_170/BraTS20_Training_170_brain_mask.nii.gz,/home/feiner/datasets/BraTS/ssn/MICCAI_BraTS2020_TrainingData/BraTS20_Training_170/BraTS20_Training_170_flair.nii.gz,/home/feiner/datasets/BraTS/ssn/MICCAI_BraTS2020_TrainingData/BraTS20_Training_170/BraTS20_Training_170_t1.nii.gz,/home/feiner/datasets/BraTS/ssn/MICCAI_BraTS2020_TrainingData/BraTS20_Training_170/BraTS20_Training_170_t1ce.nii.gz,/home/feiner/datasets/BraTS/ssn/MICCAI_BraTS2020_TrainingData/BraTS20_Training_170/BraTS20_Training_170_t2.nii.gz,True,,BraTS20_Training_170,Brats17_TCIA_235_1,TCGA-02-0068,BraTS19_TCIA01_235_1
HGG,Brats18_TCIA01_378_1,Brats18_TCIA01_378_1,MICCAI_BraTS2020_TrainingData,/home/feiner/datasets/BraTS/ssn/MICCAI_BraTS2020_TrainingData/BraTS20_Training_164/BraTS20_Training_164_seg.nii.gz,/home/feiner/datasets/BraTS/ssn/MICCAI_BraTS2020_TrainingData/BraTS20_Training_164/BraTS20_Training_164_brain_mask.nii.gz,/home/feiner/datasets/BraTS/ssn/MICCAI_BraTS2020_TrainingData/BraTS20_Training_164/BraTS20_Training_164_flair.nii.gz,/home/feiner/datasets/BraTS/ssn/MICCAI_BraTS2020_TrainingData/BraTS20_Training_164/BraTS20_Training_164_t1.nii.gz,/home/feiner/datasets/BraTS/ssn/MICCAI_BraTS2020_TrainingData/BraTS20_Training_164/BraTS20_Training_164_t1ce.nii.gz,/home/feiner/datasets/BraTS/ssn/MICCAI_BraTS2020_TrainingData/BraTS20_Training_164/BraTS20_Training_164_t2.nii.gz,True,,BraTS20_Training_164,Brats17_TCIA_378_1,TCGA-02-0037,BraTS19_TCIA01_378_1
HGG,Brats18_TCIA01_401_1,Brats18_TCIA01_401_1,MICCAI_BraTS2020_TrainingData,/home/feiner/datasets/BraTS/ssn/MICCAI_BraTS2020_TrainingData/BraTS20_Training_166/BraTS20_Training_166_seg.nii.gz,/home/feiner/datasets/BraTS/ssn/MICCAI_BraTS2020_TrainingData/BraTS20_Training_166/BraTS20_Training_166_brain_mask.nii.gz,/home/feiner/datasets/BraTS/ssn/MICCAI_BraTS2020_TrainingData/BraTS20_Training_166/BraTS20_Training_166_flair.nii.gz,/home/feiner/datasets/BraTS/ssn/MICCAI_BraTS2020_TrainingData/BraTS20_Training_166/BraTS20_Training_166_t1.nii.gz,/home/feiner/datasets/BraTS/ssn/MICCAI_BraTS2020_TrainingData/BraTS20_Training_166/BraTS20_Training_166_t1ce.nii.gz,/home/feiner/datasets/BraTS/ssn/MICCAI_BraTS2020_TrainingData/BraTS20_Training_166/BraTS20_Training_166_t2.nii.gz,True,,BraTS20_Training_166,Brats17_TCIA_401_1,TCGA-02-0047,BraTS19_TCIA01_401_1
HGG,Brats18_TCIA01_411_1,Brats18_TCIA01_411_1,MICCAI_BraTS2020_TrainingData,/home/feiner/datasets/BraTS/ssn/MICCAI_BraTS2020_TrainingData/BraTS20_Training_177/BraTS20_Training_177_seg.nii.gz,/home/feiner/datasets/BraTS/ssn/MICCAI_BraTS2020_TrainingData/BraTS20_Training_177/BraTS20_Training_177_brain_mask.nii.gz,/home/feiner/datasets/BraTS/ssn/MICCAI_BraTS2020_TrainingData/BraTS20_Training_177/BraTS20_Training_177_flair.nii.gz,/home/feiner/datasets/BraTS/ssn/MICCAI_BraTS2020_TrainingData/BraTS20_Training_177/BraTS20_Training_177_t1.nii.gz,/home/feiner/datasets/BraTS/ssn/MICCAI_BraTS2020_TrainingData/BraTS20_Training_177/BraTS20_Training_177_t1ce.nii.gz,/home/feiner/datasets/BraTS/ssn/MICCAI_BraTS2020_TrainingData/BraTS20_Training_177/BraTS20_Training_177_t2.nii.gz,True,,BraTS20_Training_177,Brats17_TCIA_411_1,TCGA-02-0102,BraTS19_TCIA01_411_1
HGG,Brats18_TCIA01_412_1,Brats18_TCIA01_412_1,MICCAI_BraTS2020_TrainingData,/home/feiner/datasets/BraTS/ssn/MICCAI_BraTS2020_TrainingData/BraTS20_Training_168/BraTS20_Training_168_seg.nii.gz,/home/feiner/datasets/BraTS/ssn/MICCAI_BraTS2020_TrainingData/BraTS20_Training_168/BraTS20_Training_168_brain_mask.nii.gz,/home/feiner/datasets/BraTS/ssn/MICCAI_BraTS2020_TrainingData/BraTS20_Training_168/BraTS20_Training_168_flair.nii.gz,/home/feiner/datasets/BraTS/ssn/MICCAI_BraTS2020_TrainingData/BraTS20_Training_168/BraTS20_Training_168_t1.nii.gz,/home/feiner/datasets/BraTS/ssn/MICCAI_BraTS2020_TrainingData/BraTS20_Training_168/BraTS20_Training_168_t1ce.nii.gz,/home/feiner/datasets/BraTS/ssn/MICCAI_BraTS2020_TrainingData/BraTS20_Training_168/BraTS20_Training_168_t2.nii.gz,True,,BraTS20_Training_168,Brats17_TCIA_412_1,TCGA-02-0059,BraTS19_TCIA01_412_1
HGG,Brats18_TCIA01_425_1,Brats18_TCIA01_425_1,MICCAI_BraTS2020_TrainingData,/home/feiner/datasets/BraTS/ssn/MICCAI_BraTS2020_TrainingData/BraTS20_Training_158/BraTS20_Training_158_seg.nii.gz,/home/feiner/datasets/BraTS/ssn/MICCAI_BraTS2020_TrainingData/BraTS20_Training_158/BraTS20_Training_158_brain_mask.nii.gz,/home/feiner/datasets/BraTS/ssn/MICCAI_BraTS2020_TrainingData/BraTS20_Training_158/BraTS20_Training_158_flair.nii.gz,/home/feiner/datasets/BraTS/ssn/MICCAI_BraTS2020_TrainingData/BraTS20_Training_158/BraTS20_Training_158_t1.nii.gz,/home/feiner/datasets/BraTS/ssn/MICCAI_BraTS2020_TrainingData/BraTS20_Training_158/BraTS20_Training_158_t1ce.nii.gz,/home/feiner/datasets/BraTS/ssn/MICCAI_BraTS2020_TrainingData/BraTS20_Training_158/BraTS20_Training_158_t2.nii.gz,True,,BraTS20_Training_158,Brats17_TCIA_425_1,TCGA-02-0006,BraTS19_TCIA01_425_1
HGG,Brats18_TCIA01_448_1,Brats18_TCIA01_448_1,MICCAI_BraTS2020_TrainingData,/home/feiner/datasets/BraTS/ssn/MICCAI_BraTS2020_TrainingData/BraTS20_Training_167/BraTS20_Training_167_seg.nii.gz,/home/feiner/datasets/BraTS/ssn/MICCAI_BraTS2020_TrainingData/BraTS20_Training_167/BraTS20_Training_167_brain_mask.nii.gz,/home/feiner/datasets/BraTS/ssn/MICCAI_BraTS2020_TrainingData/BraTS20_Training_167/BraTS20_Training_167_flair.nii.gz,/home/feiner/datasets/BraTS/ssn/MICCAI_BraTS2020_TrainingData/BraTS20_Training_167/BraTS20_Training_167_t1.nii.gz,/home/feiner/datasets/BraTS/ssn/MICCAI_BraTS2020_TrainingData/BraTS20_Training_167/BraTS20_Training_167_t1ce.nii.gz,/home/feiner/datasets/BraTS/ssn/MICCAI_BraTS2020_TrainingData/BraTS20_Training_167/BraTS20_Training_167_t2.nii.gz,True,,BraTS20_Training_167,Brats17_TCIA_448_1,TCGA-02-0054,BraTS19_TCIA01_448_1
HGG,Brats18_TCIA01_460_1,Brats18_TCIA01_460_1,MICCAI_BraTS2020_TrainingData,/home/feiner/datasets/BraTS/ssn/MICCAI_BraTS2020_TrainingData/BraTS20_Training_160/BraTS20_Training_160_seg.nii.gz,/home/feiner/datasets/BraTS/ssn/MICCAI_BraTS2020_TrainingData/BraTS20_Training_160/BraTS20_Training_160_brain_mask.nii.gz,/home/feiner/datasets/BraTS/ssn/MICCAI_BraTS2020_TrainingData/BraTS20_Training_160/BraTS20_Training_160_flair.nii.gz,/home/feiner/datasets/BraTS/ssn/MICCAI_BraTS2020_TrainingData/BraTS20_Training_160/BraTS20_Training_160_t1.nii.gz,/home/feiner/datasets/BraTS/ssn/MICCAI_BraTS2020_TrainingData/BraTS20_Training_160/BraTS20_Training_160_t1ce.nii.gz,/home/feiner/datasets/BraTS/ssn/MICCAI_BraTS2020_TrainingData/BraTS20_Training_160/BraTS20_Training_160_t2.nii.gz,True,,BraTS20_Training_160,Brats17_TCIA_460_1,TCGA-02-0011,BraTS19_TCIA01_460_1
HGG,Brats18_TCIA01_499_1,Brats18_TCIA01_499_1,MICCAI_BraTS2020_TrainingData,/home/feiner/datasets/BraTS/ssn/MICCAI_BraTS2020_TrainingData/BraTS20_Training_169/BraTS20_Training_169_seg.nii.gz,/home/feiner/datasets/BraTS/ssn/MICCAI_BraTS2020_TrainingData/BraTS20_Training_169/BraTS20_Training_169_brain_mask.nii.gz,/home/feiner/datasets/BraTS/ssn/MICCAI_BraTS2020_TrainingData/BraTS20_Training_169/BraTS20_Training_169_flair.nii.gz,/home/feiner/datasets/BraTS/ssn/MICCAI_BraTS2020_TrainingData/BraTS20_Training_169/BraTS20_Training_169_t1.nii.gz,/home/feiner/datasets/BraTS/ssn/MICCAI_BraTS2020_TrainingData/BraTS20_Training_169/BraTS20_Training_169_t1ce.nii.gz,/home/feiner/datasets/BraTS/ssn/MICCAI_BraTS2020_TrainingData/BraTS20_Training_169/BraTS20_Training_169_t2.nii.gz,True,,BraTS20_Training_169,Brats17_TCIA_499_1,TCGA-02-0064,BraTS19_TCIA01_499_1
HGG,Brats18_TCIA02_151_1,Brats18_TCIA02_151_1,MICCAI_BraTS2020_TrainingData,/home/feiner/datasets/BraTS/ssn/MICCAI_BraTS2020_TrainingData/BraTS20_Training_192/BraTS20_Training_192_seg.nii.gz,/home/feiner/datasets/BraTS/ssn/MICCAI_BraTS2020_TrainingData/BraTS20_Training_192/BraTS20_Training_192_brain_mask.nii.gz,/home/feiner/datasets/BraTS/ssn/MICCAI_BraTS2020_TrainingData/BraTS20_Training_192/BraTS20_Training_192_flair.nii.gz,/home/feiner/datasets/BraTS/ssn/MICCAI_BraTS2020_TrainingData/BraTS20_Training_192/BraTS20_Training_192_t1.nii.gz,/home/feiner/datasets/BraTS/ssn/MICCAI_BraTS2020_TrainingData/BraTS20_Training_192/BraTS20_Training_192_t1ce.nii.gz,/home/feiner/datasets/BraTS/ssn/MICCAI_BraTS2020_TrainingData/BraTS20_Training_192/BraTS20_Training_192_t2.nii.gz,True,,BraTS20_Training_192,Brats17_TCIA_151_1,TCGA-06-0164,BraTS19_TCIA02_151_1
HGG,Brats18_TCIA02_168_1,Brats18_TCIA02_168_1,MICCAI_BraTS2020_TrainingData,/home/feiner/datasets/BraTS/ssn/MICCAI_BraTS2020_TrainingData/BraTS20_Training_193/BraTS20_Training_193_seg.nii.gz,/home/feiner/datasets/BraTS/ssn/MICCAI_BraTS2020_TrainingData/BraTS20_Training_193/BraTS20_Training_193_brain_mask.nii.gz,/home/feiner/datasets/BraTS/ssn/MICCAI_BraTS2020_TrainingData/BraTS20_Training_193/BraTS20_Training_193_flair.nii.gz,/home/feiner/datasets/BraTS/ssn/MICCAI_BraTS2020_TrainingData/BraTS20_Training_193/BraTS20_Training_193_t1.nii.gz,/home/feiner/datasets/BraTS/ssn/MICCAI_BraTS2020_TrainingData/BraTS20_Training_193/BraTS20_Training_193_t1ce.nii.gz,/home/feiner/datasets/BraTS/ssn/MICCAI_BraTS2020_TrainingData/BraTS20_Training_193/BraTS20_Training_193_t2.nii.gz,True,,BraTS20_Training_193,Brats17_TCIA_168_1,TCGA-06-0176,BraTS19_TCIA02_168_1
HGG,Brats18_TCIA02_171_1,Brats18_TCIA02_171_1,MICCAI_BraTS2020_TrainingData,/home/feiner/datasets/BraTS/ssn/MICCAI_BraTS2020_TrainingData/BraTS20_Training_200/BraTS20_Training_200_seg.nii.gz,/home/feiner/datasets/BraTS/ssn/MICCAI_BraTS2020_TrainingData/BraTS20_Training_200/BraTS20_Training_200_brain_mask.nii.gz,/home/feiner/datasets/BraTS/ssn/MICCAI_BraTS2020_TrainingData/BraTS20_Training_200/BraTS20_Training_200_flair.nii.gz,/home/feiner/datasets/BraTS/ssn/MICCAI_BraTS2020_TrainingData/BraTS20_Training_200/BraTS20_Training_200_t1.nii.gz,/home/feiner/datasets/BraTS/ssn/MICCAI_BraTS2020_TrainingData/BraTS20_Training_200/BraTS20_Training_200_t1ce.nii.gz,/home/feiner/datasets/BraTS/ssn/MICCAI_BraTS2020_TrainingData/BraTS20_Training_200/BraTS20_Training_200_t2.nii.gz,True,,BraTS20_Training_200,Brats17_TCIA_171_1,TCGA-06-0188,BraTS19_TCIA02_171_1
HGG,Brats18_TCIA02_222_1,Brats18_TCIA02_222_1,MICCAI_BraTS2020_TrainingData,/home/feiner/datasets/BraTS/ssn/MICCAI_BraTS2020_TrainingData/BraTS20_Training_208/BraTS20_Training_208_seg.nii.gz,/home/feiner/datasets/BraTS/ssn/MICCAI_BraTS2020_TrainingData/BraTS20_Training_208/BraTS20_Training_208_brain_mask.nii.gz,/home/feiner/datasets/BraTS/ssn/MICCAI_BraTS2020_TrainingData/BraTS20_Training_208/BraTS20_Training_208_flair.nii.gz,/home/feiner/datasets/BraTS/ssn/MICCAI_BraTS2020_TrainingData/BraTS20_Training_208/BraTS20_Training_208_t1.nii.gz,/home/feiner/datasets/BraTS/ssn/MICCAI_BraTS2020_TrainingData/BraTS20_Training_208/BraTS20_Training_208_t1ce.nii.gz,/home/feiner/datasets/BraTS/ssn/MICCAI_BraTS2020_TrainingData/BraTS20_Training_208/BraTS20_Training_208_t2.nii.gz,True,,BraTS20_Training_208,Brats17_TCIA_222_1,TCGA-06-1802,BraTS19_TCIA02_222_1
HGG,Brats18_TCIA02_226_1,Brats18_TCIA02_226_1,MICCAI_BraTS2020_TrainingData,/home/feiner/datasets/BraTS/ssn/MICCAI_BraTS2020_TrainingData/BraTS20_Training_190/BraTS20_Training_190_seg.nii.gz,/home/feiner/datasets/BraTS/ssn/MICCAI_BraTS2020_TrainingData/BraTS20_Training_190/BraTS20_Training_190_brain_mask.nii.gz,/home/feiner/datasets/BraTS/ssn/MICCAI_BraTS2020_TrainingData/BraTS20_Training_190/BraTS20_Training_190_flair.nii.gz,/home/feiner/datasets/BraTS/ssn/MICCAI_BraTS2020_TrainingData/BraTS20_Training_190/BraTS20_Training_190_t1.nii.gz,/home/feiner/datasets/BraTS/ssn/MICCAI_BraTS2020_TrainingData/BraTS20_Training_190/BraTS20_Training_190_t1ce.nii.gz,/home/feiner/datasets/BraTS/ssn/MICCAI_BraTS2020_TrainingData/BraTS20_Training_190/BraTS20_Training_190_t2.nii.gz,True,,BraTS20_Training_190,Brats17_TCIA_226_1,TCGA-06-0158,BraTS19_TCIA02_226_1
HGG,Brats18_TCIA02_274_1,Brats18_TCIA02_274_1,MICCAI_BraTS2020_TrainingData,/home/feiner/datasets/BraTS/ssn/MICCAI_BraTS2020_TrainingData/BraTS20_Training_210/BraTS20_Training_210_seg.nii.gz,/home/feiner/datasets/BraTS/ssn/MICCAI_BraTS2020_TrainingData/BraTS20_Training_210/BraTS20_Training_210_brain_mask.nii.gz,/home/feiner/datasets/BraTS/ssn/MICCAI_BraTS2020_TrainingData/BraTS20_Training_210/BraTS20_Training_210_flair.nii.gz,/home/feiner/datasets/BraTS/ssn/MICCAI_BraTS2020_TrainingData/BraTS20_Training_210/BraTS20_Training_210_t1.nii.gz,/home/feiner/datasets/BraTS/ssn/MICCAI_BraTS2020_TrainingData/BraTS20_Training_210/BraTS20_Training_210_t1ce.nii.gz,/home/feiner/datasets/BraTS/ssn/MICCAI_BraTS2020_TrainingData/BraTS20_Training_210/BraTS20_Training_210_t2.nii.gz,True,,BraTS20_Training_210,Brats17_TCIA_274_1,TCGA-06-5408,BraTS19_TCIA02_274_1
HGG,Brats18_TCIA02_300_1,Brats18_TCIA02_300_1,MICCAI_BraTS2020_TrainingData,/home/feiner/datasets/BraTS/ssn/MICCAI_BraTS2020_TrainingData/BraTS20_Training_194/BraTS20_Training_194_seg.nii.gz,/home/feiner/datasets/BraTS/ssn/MICCAI_BraTS2020_TrainingData/BraTS20_Training_194/BraTS20_Training_194_brain_mask.nii.gz,/home/feiner/datasets/BraTS/ssn/MICCAI_BraTS2020_TrainingData/BraTS20_Training_194/BraTS20_Training_194_flair.nii.gz,/home/feiner/datasets/BraTS/ssn/MICCAI_BraTS2020_TrainingData/BraTS20_Training_194/BraTS20_Training_194_t1.nii.gz,/home/feiner/datasets/BraTS/ssn/MICCAI_BraTS2020_TrainingData/BraTS20_Training_194/BraTS20_Training_194_t1ce.nii.gz,/home/feiner/datasets/BraTS/ssn/MICCAI_BraTS2020_TrainingData/BraTS20_Training_194/BraTS20_Training_194_t2.nii.gz,True,,BraTS20_Training_194,Brats17_TCIA_300_1,TCGA-06-0177,BraTS19_TCIA02_300_1
HGG,Brats18_TCIA02_309_1,Brats18_TCIA02_309_1,MICCAI_BraTS2020_TrainingData,/home/feiner/datasets/BraTS/ssn/MICCAI_BraTS2020_TrainingData/BraTS20_Training_207/BraTS20_Training_207_seg.nii.gz,/home/feiner/datasets/BraTS/ssn/MICCAI_BraTS2020_TrainingData/BraTS20_Training_207/BraTS20_Training_207_brain_mask.nii.gz,/home/feiner/datasets/BraTS/ssn/MICCAI_BraTS2020_TrainingData/BraTS20_Training_207/BraTS20_Training_207_flair.nii.gz,/home/feiner/datasets/BraTS/ssn/MICCAI_BraTS2020_TrainingData/BraTS20_Training_207/BraTS20_Training_207_t1.nii.gz,/home/feiner/datasets/BraTS/ssn/MICCAI_BraTS2020_TrainingData/BraTS20_Training_207/BraTS20_Training_207_t1ce.nii.gz,/home/feiner/datasets/BraTS/ssn/MICCAI_BraTS2020_TrainingData/BraTS20_Training_207/BraTS20_Training_207_t2.nii.gz,True,,BraTS20_Training_207,Brats17_TCIA_309_1,TCGA-06-1084,BraTS19_TCIA02_309_1
HGG,Brats18_TCIA02_321_1,Brats18_TCIA02_321_1,MICCAI_BraTS2020_TrainingData,/home/feiner/datasets/BraTS/ssn/MICCAI_BraTS2020_TrainingData/BraTS20_Training_186/BraTS20_Training_186_seg.nii.gz,/home/feiner/datasets/BraTS/ssn/MICCAI_BraTS2020_TrainingData/BraTS20_Training_186/BraTS20_Training_186_brain_mask.nii.gz,/home/feiner/datasets/BraTS/ssn/MICCAI_BraTS2020_TrainingData/BraTS20_Training_186/BraTS20_Training_186_flair.nii.gz,/home/feiner/datasets/BraTS/ssn/MICCAI_BraTS2020_TrainingData/BraTS20_Training_186/BraTS20_Training_186_t1.nii.gz,/home/feiner/datasets/BraTS/ssn/MICCAI_BraTS2020_TrainingData/BraTS20_Training_186/BraTS20_Training_186_t1ce.nii.gz,/home/feiner/datasets/BraTS/ssn/MICCAI_BraTS2020_TrainingData/BraTS20_Training_186/BraTS20_Training_186_t2.nii.gz,True,,BraTS20_Training_186,Brats17_TCIA_321_1,TCGA-06-0142,BraTS19_TCIA02_321_1
HGG,Brats18_TCIA02_322_1,Brats18_TCIA02_322_1,MICCAI_BraTS2020_TrainingData,/home/feiner/datasets/BraTS/ssn/MICCAI_BraTS2020_TrainingData/BraTS20_Training_204/BraTS20_Training_204_seg.nii.gz,/home/feiner/datasets/BraTS/ssn/MICCAI_BraTS2020_TrainingData/BraTS20_Training_204/BraTS20_Training_204_brain_mask.nii.gz,/home/feiner/datasets/BraTS/ssn/MICCAI_BraTS2020_TrainingData/BraTS20_Training_204/BraTS20_Training_204_flair.nii.gz,/home/feiner/datasets/BraTS/ssn/MICCAI_BraTS2020_TrainingData/BraTS20_Training_204/BraTS20_Training_204_t1.nii.gz,/home/feiner/datasets/BraTS/ssn/MICCAI_BraTS2020_TrainingData/BraTS20_Training_204/BraTS20_Training_204_t1ce.nii.gz,/home/feiner/datasets/BraTS/ssn/MICCAI_BraTS2020_TrainingData/BraTS20_Training_204/BraTS20_Training_204_t2.nii.gz,True,,BraTS20_Training_204,Brats17_TCIA_322_1,TCGA-06-0240,BraTS19_TCIA02_322_1
HGG,Brats18_TCIA02_331_1,Brats18_TCIA02_331_1,MICCAI_BraTS2020_TrainingData,/home/feiner/datasets/BraTS/ssn/MICCAI_BraTS2020_TrainingData/BraTS20_Training_181/BraTS20_Training_181_seg.nii.gz,/home/feiner/datasets/BraTS/ssn/MICCAI_BraTS2020_TrainingData/BraTS20_Training_181/BraTS20_Training_181_brain_mask.nii.gz,/home/feiner/datasets/BraTS/ssn/MICCAI_BraTS2020_TrainingData/BraTS20_Training_181/BraTS20_Training_181_flair.nii.gz,/home/feiner/datasets/BraTS/ssn/MICCAI_BraTS2020_TrainingData/BraTS20_Training_181/BraTS20_Training_181_t1.nii.gz,/home/feiner/datasets/BraTS/ssn/MICCAI_BraTS2020_TrainingData/BraTS20_Training_181/BraTS20_Training_181_t1ce.nii.gz,/home/feiner/datasets/BraTS/ssn/MICCAI_BraTS2020_TrainingData/BraTS20_Training_181/BraTS20_Training_181_t2.nii.gz,True,,BraTS20_Training_181,Brats17_TCIA_331_1,TCGA-06-0122,BraTS19_TCIA02_331_1
HGG,Brats18_TCIA02_368_1,Brats18_TCIA02_368_1,MICCAI_BraTS2020_TrainingData,/home/feiner/datasets/BraTS/ssn/MICCAI_BraTS2020_TrainingData/BraTS20_Training_201/BraTS20_Training_201_seg.nii.gz,/home/feiner/datasets/BraTS/ssn/MICCAI_BraTS2020_TrainingData/BraTS20_Training_201/BraTS20_Training_201_brain_mask.nii.gz,/home/feiner/datasets/BraTS/ssn/MICCAI_BraTS2020_TrainingData/BraTS20_Training_201/BraTS20_Training_201_flair.nii.gz,/home/feiner/datasets/BraTS/ssn/MICCAI_BraTS2020_TrainingData/BraTS20_Training_201/BraTS20_Training_201_t1.nii.gz,/home/feiner/datasets/BraTS/ssn/MICCAI_BraTS2020_TrainingData/BraTS20_Training_201/BraTS20_Training_201_t1ce.nii.gz,/home/feiner/datasets/BraTS/ssn/MICCAI_BraTS2020_TrainingData/BraTS20_Training_201/BraTS20_Training_201_t2.nii.gz,True,,BraTS20_Training_201,Brats17_TCIA_368_1,TCGA-06-0190,BraTS19_TCIA02_368_1
HGG,Brats18_TCIA02_370_1,Brats18_TCIA02_370_1,MICCAI_BraTS2020_TrainingData,/home/feiner/datasets/BraTS/ssn/MICCAI_BraTS2020_TrainingData/BraTS20_Training_198/BraTS20_Training_198_seg.nii.gz,/home/feiner/datasets/BraTS/ssn/MICCAI_BraTS2020_TrainingData/BraTS20_Training_198/BraTS20_Training_198_brain_mask.nii.gz,/home/feiner/datasets/BraTS/ssn/MICCAI_BraTS2020_TrainingData/BraTS20_Training_198/BraTS20_Training_198_flair.nii.gz,/home/feiner/datasets/BraTS/ssn/MICCAI_BraTS2020_TrainingData/BraTS20_Training_198/BraTS20_Training_198_t1.nii.gz,/home/feiner/datasets/BraTS/ssn/MICCAI_BraTS2020_TrainingData/BraTS20_Training_198/BraTS20_Training_198_t1ce.nii.gz,/home/feiner/datasets/BraTS/ssn/MICCAI_BraTS2020_TrainingData/BraTS20_Training_198/BraTS20_Training_198_t2.nii.gz,True,,BraTS20_Training_198,Brats17_TCIA_370_1,TCGA-06-0185,BraTS19_TCIA02_370_1
HGG,Brats18_TCIA02_374_1,Brats18_TCIA02_374_1,MICCAI_BraTS2020_TrainingData,/home/feiner/datasets/BraTS/ssn/MICCAI_BraTS2020_TrainingData/BraTS20_Training_197/BraTS20_Training_197_seg.nii.gz,/home/feiner/datasets/BraTS/ssn/MICCAI_BraTS2020_TrainingData/BraTS20_Training_197/BraTS20_Training_197_brain_mask.nii.gz,/home/feiner/datasets/BraTS/ssn/MICCAI_BraTS2020_TrainingData/BraTS20_Training_197/BraTS20_Training_197_flair.nii.gz,/home/feiner/datasets/BraTS/ssn/MICCAI_BraTS2020_TrainingData/BraTS20_Training_197/BraTS20_Training_197_t1.nii.gz,/home/feiner/datasets/BraTS/ssn/MICCAI_BraTS2020_TrainingData/BraTS20_Training_197/BraTS20_Training_197_t1ce.nii.gz,/home/feiner/datasets/BraTS/ssn/MICCAI_BraTS2020_TrainingData/BraTS20_Training_197/BraTS20_Training_197_t2.nii.gz,True,,BraTS20_Training_197,Brats17_TCIA_374_1,TCGA-06-0184,BraTS19_TCIA02_374_1
HGG,Brats18_TCIA02_430_1,Brats18_TCIA02_430_1,MICCAI_BraTS2020_TrainingData,/home/feiner/datasets/BraTS/ssn/MICCAI_BraTS2020_TrainingData/BraTS20_Training_187/BraTS20_Training_187_seg.nii.gz,/home/feiner/datasets/BraTS/ssn/MICCAI_BraTS2020_TrainingData/BraTS20_Training_187/BraTS20_Training_187_brain_mask.nii.gz,/home/feiner/datasets/BraTS/ssn/MICCAI_BraTS2020_TrainingData/BraTS20_Training_187/BraTS20_Training_187_flair.nii.gz,/home/feiner/datasets/BraTS/ssn/MICCAI_BraTS2020_TrainingData/BraTS20_Training_187/BraTS20_Training_187_t1.nii.gz,/home/feiner/datasets/BraTS/ssn/MICCAI_BraTS2020_TrainingData/BraTS20_Training_187/BraTS20_Training_187_t1ce.nii.gz,/home/feiner/datasets/BraTS/ssn/MICCAI_BraTS2020_TrainingData/BraTS20_Training_187/BraTS20_Training_187_t2.nii.gz,True,,BraTS20_Training_187,Brats17_TCIA_430_1,TCGA-06-0145,BraTS19_TCIA02_430_1
HGG,Brats18_TCIA02_471_1,Brats18_TCIA02_471_1,MICCAI_BraTS2020_TrainingData,/home/feiner/datasets/BraTS/ssn/MICCAI_BraTS2020_TrainingData/BraTS20_Training_196/BraTS20_Training_196_seg.nii.gz,/home/feiner/datasets/BraTS/ssn/MICCAI_BraTS2020_TrainingData/BraTS20_Training_196/BraTS20_Training_196_brain_mask.nii.gz,/home/feiner/datasets/BraTS/ssn/MICCAI_BraTS2020_TrainingData/BraTS20_Training_196/BraTS20_Training_196_flair.nii.gz,/home/feiner/datasets/BraTS/ssn/MICCAI_BraTS2020_TrainingData/BraTS20_Training_196/BraTS20_Training_196_t1.nii.gz,/home/feiner/datasets/BraTS/ssn/MICCAI_BraTS2020_TrainingData/BraTS20_Training_196/BraTS20_Training_196_t1ce.nii.gz,/home/feiner/datasets/BraTS/ssn/MICCAI_BraTS2020_TrainingData/BraTS20_Training_196/BraTS20_Training_196_t2.nii.gz,True,,BraTS20_Training_196,Brats17_TCIA_471_1,TCGA-06-0182,BraTS19_TCIA02_471_1
HGG,Brats18_TCIA02_473_1,Brats18_TCIA02_473_1,MICCAI_BraTS2020_TrainingData,/home/feiner/datasets/BraTS/ssn/MICCAI_BraTS2020_TrainingData/BraTS20_Training_206/BraTS20_Training_206_seg.nii.gz,/home/feiner/datasets/BraTS/ssn/MICCAI_BraTS2020_TrainingData/BraTS20_Training_206/BraTS20_Training_206_brain_mask.nii.gz,/home/feiner/datasets/BraTS/ssn/MICCAI_BraTS2020_TrainingData/BraTS20_Training_206/BraTS20_Training_206_flair.nii.gz,/home/feiner/datasets/BraTS/ssn/MICCAI_BraTS2020_TrainingData/BraTS20_Training_206/BraTS20_Training_206_t1.nii.gz,/home/feiner/datasets/BraTS/ssn/MICCAI_BraTS2020_TrainingData/BraTS20_Training_206/BraTS20_Training_206_t1ce.nii.gz,/home/feiner/datasets/BraTS/ssn/MICCAI_BraTS2020_TrainingData/BraTS20_Training_206/BraTS20_Training_206_t2.nii.gz,True,,BraTS20_Training_206,Brats17_TCIA_473_1,TCGA-06-0646,BraTS19_TCIA02_473_1
HGG,Brats18_TCIA02_491_1,Brats18_TCIA02_491_1,MICCAI_BraTS2020_TrainingData,/home/feiner/datasets/BraTS/ssn/MICCAI_BraTS2020_TrainingData/BraTS20_Training_180/BraTS20_Training_180_seg.nii.gz,/home/feiner/datasets/BraTS/ssn/MICCAI_BraTS2020_TrainingData/BraTS20_Training_180/BraTS20_Training_180_brain_mask.nii.gz,/home/feiner/datasets/BraTS/ssn/MICCAI_BraTS2020_TrainingData/BraTS20_Training_180/BraTS20_Training_180_flair.nii.gz,/home/feiner/datasets/BraTS/ssn/MICCAI_BraTS2020_TrainingData/BraTS20_Training_180/BraTS20_Training_180_t1.nii.gz,/home/feiner/datasets/BraTS/ssn/MICCAI_BraTS2020_TrainingData/BraTS20_Training_180/BraTS20_Training_180_t1ce.nii.gz,/home/feiner/datasets/BraTS/ssn/MICCAI_BraTS2020_TrainingData/BraTS20_Training_180/BraTS20_Training_180_t2.nii.gz,True,,BraTS20_Training_180,Brats17_TCIA_491_1,TCGA-06-0119,BraTS19_TCIA02_491_1
HGG,Brats18_TCIA02_605_1,Brats18_TCIA02_605_1,MICCAI_BraTS2020_TrainingData,/home/feiner/datasets/BraTS/ssn/MICCAI_BraTS2020_TrainingData/BraTS20_Training_213/BraTS20_Training_213_seg.nii.gz,/home/feiner/datasets/BraTS/ssn/MICCAI_BraTS2020_TrainingData/BraTS20_Training_213/BraTS20_Training_213_brain_mask.nii.gz,/home/feiner/datasets/BraTS/ssn/MICCAI_BraTS2020_TrainingData/BraTS20_Training_213/BraTS20_Training_213_flair.nii.gz,/home/feiner/datasets/BraTS/ssn/MICCAI_BraTS2020_TrainingData/BraTS20_Training_213/BraTS20_Training_213_t1.nii.gz,/home/feiner/datasets/BraTS/ssn/MICCAI_BraTS2020_TrainingData/BraTS20_Training_213/BraTS20_Training_213_t1ce.nii.gz,/home/feiner/datasets/BraTS/ssn/MICCAI_BraTS2020_TrainingData/BraTS20_Training_213/BraTS20_Training_213_t2.nii.gz,True,,BraTS20_Training_213,Brats17_TCIA_605_1,TCGA-06-6389,BraTS19_TCIA02_605_1
HGG,Brats18_TCIA02_608_1,Brats18_TCIA02_608_1,MICCAI_BraTS2020_TrainingData,/home/feiner/datasets/BraTS/ssn/MICCAI_BraTS2020_TrainingData/BraTS20_Training_202/BraTS20_Training_202_seg.nii.gz,/home/feiner/datasets/BraTS/ssn/MICCAI_BraTS2020_TrainingData/BraTS20_Training_202/BraTS20_Training_202_brain_mask.nii.gz,/home/feiner/datasets/BraTS/ssn/MICCAI_BraTS2020_TrainingData/BraTS20_Training_202/BraTS20_Training_202_flair.nii.gz,/home/feiner/datasets/BraTS/ssn/MICCAI_BraTS2020_TrainingData/BraTS20_Training_202/BraTS20_Training_202_t1.nii.gz,/home/feiner/datasets/BraTS/ssn/MICCAI_BraTS2020_TrainingData/BraTS20_Training_202/BraTS20_Training_202_t1ce.nii.gz,/home/feiner/datasets/BraTS/ssn/MICCAI_BraTS2020_TrainingData/BraTS20_Training_202/BraTS20_Training_202_t2.nii.gz,True,,BraTS20_Training_202,Brats17_TCIA_608_1,TCGA-06-0192,BraTS19_TCIA02_608_1
HGG,Brats18_TCIA03_121_1,Brats18_TCIA03_121_1,MICCAI_BraTS2020_TrainingData,/home/feiner/datasets/BraTS/ssn/MICCAI_BraTS2020_TrainingData/BraTS20_Training_214/BraTS20_Training_214_seg.nii.gz,/home/feiner/datasets/BraTS/ssn/MICCAI_BraTS2020_TrainingData/BraTS20_Training_214/BraTS20_Training_214_brain_mask.nii.gz,/home/feiner/datasets/BraTS/ssn/MICCAI_BraTS2020_TrainingData/BraTS20_Training_214/BraTS20_Training_214_flair.nii.gz,/home/feiner/datasets/BraTS/ssn/MICCAI_BraTS2020_TrainingData/BraTS20_Training_214/BraTS20_Training_214_t1.nii.gz,/home/feiner/datasets/BraTS/ssn/MICCAI_BraTS2020_TrainingData/BraTS20_Training_214/BraTS20_Training_214_t1ce.nii.gz,/home/feiner/datasets/BraTS/ssn/MICCAI_BraTS2020_TrainingData/BraTS20_Training_214/BraTS20_Training_214_t2.nii.gz,True,,BraTS20_Training_214,Brats17_TCIA_121_1,TCGA-08-0355,BraTS19_TCIA03_121_1
HGG,Brats18_TCIA03_133_1,Brats18_TCIA03_133_1,MICCAI_BraTS2020_TrainingData,/home/feiner/datasets/BraTS/ssn/MICCAI_BraTS2020_TrainingData/BraTS20_Training_222/BraTS20_Training_222_seg.nii.gz,/home/feiner/datasets/BraTS/ssn/MICCAI_BraTS2020_TrainingData/BraTS20_Training_222/BraTS20_Training_222_brain_mask.nii.gz,/home/feiner/datasets/BraTS/ssn/MICCAI_BraTS2020_TrainingData/BraTS20_Training_222/BraTS20_Training_222_flair.nii.gz,/home/feiner/datasets/BraTS/ssn/MICCAI_BraTS2020_TrainingData/BraTS20_Training_222/BraTS20_Training_222_t1.nii.gz,/home/feiner/datasets/BraTS/ssn/MICCAI_BraTS2020_TrainingData/BraTS20_Training_222/BraTS20_Training_222_t1ce.nii.gz,/home/feiner/datasets/BraTS/ssn/MICCAI_BraTS2020_TrainingData/BraTS20_Training_222/BraTS20_Training_222_t2.nii.gz,True,,BraTS20_Training_222,Brats17_TCIA_133_1,TCGA-08-0509,BraTS19_TCIA03_133_1
HGG,Brats18_TCIA03_138_1,Brats18_TCIA03_138_1,MICCAI_BraTS2020_TrainingData,/home/feiner/datasets/BraTS/ssn/MICCAI_BraTS2020_TrainingData/BraTS20_Training_218/BraTS20_Training_218_seg.nii.gz,/home/feiner/datasets/BraTS/ssn/MICCAI_BraTS2020_TrainingData/BraTS20_Training_218/BraTS20_Training_218_brain_mask.nii.gz,/home/feiner/datasets/BraTS/ssn/MICCAI_BraTS2020_TrainingData/BraTS20_Training_218/BraTS20_Training_218_flair.nii.gz,/home/feiner/datasets/BraTS/ssn/MICCAI_BraTS2020_TrainingData/BraTS20_Training_218/BraTS20_Training_218_t1.nii.gz,/home/feiner/datasets/BraTS/ssn/MICCAI_BraTS2020_TrainingData/BraTS20_Training_218/BraTS20_Training_218_t1ce.nii.gz,/home/feiner/datasets/BraTS/ssn/MICCAI_BraTS2020_TrainingData/BraTS20_Training_218/BraTS20_Training_218_t2.nii.gz,True,,BraTS20_Training_218,Brats17_TCIA_138_1,TCGA-08-0385,BraTS19_TCIA03_138_1
HGG,Brats18_TCIA03_257_1,Brats18_TCIA03_257_1,MICCAI_BraTS2020_TrainingData,/home/feiner/datasets/BraTS/ssn/MICCAI_BraTS2020_TrainingData/BraTS20_Training_220/BraTS20_Training_220_seg.nii.gz,/home/feiner/datasets/BraTS/ssn/MICCAI_BraTS2020_TrainingData/BraTS20_Training_220/BraTS20_Training_220_brain_mask.nii.gz,/home/feiner/datasets/BraTS/ssn/MICCAI_BraTS2020_TrainingData/BraTS20_Training_220/BraTS20_Training_220_flair.nii.gz,/home/feiner/datasets/BraTS/ssn/MICCAI_BraTS2020_TrainingData/BraTS20_Training_220/BraTS20_Training_220_t1.nii.gz,/home/feiner/datasets/BraTS/ssn/MICCAI_BraTS2020_TrainingData/BraTS20_Training_220/BraTS20_Training_220_t1ce.nii.gz,/home/feiner/datasets/BraTS/ssn/MICCAI_BraTS2020_TrainingData/BraTS20_Training_220/BraTS20_Training_220_t2.nii.gz,True,,BraTS20_Training_220,Brats17_TCIA_257_1,TCGA-08-0390,BraTS19_TCIA03_257_1
HGG,Brats18_TCIA03_338_1,Brats18_TCIA03_338_1,MICCAI_BraTS2020_TrainingData,/home/feiner/datasets/BraTS/ssn/MICCAI_BraTS2020_TrainingData/BraTS20_Training_217/BraTS20_Training_217_seg.nii.gz,/home/feiner/datasets/BraTS/ssn/MICCAI_BraTS2020_TrainingData/BraTS20_Training_217/BraTS20_Training_217_brain_mask.nii.gz,/home/feiner/datasets/BraTS/ssn/MICCAI_BraTS2020_TrainingData/BraTS20_Training_217/BraTS20_Training_217_flair.nii.gz,/home/feiner/datasets/BraTS/ssn/MICCAI_BraTS2020_TrainingData/BraTS20_Training_217/BraTS20_Training_217_t1.nii.gz,/home/feiner/datasets/BraTS/ssn/MICCAI_BraTS2020_TrainingData/BraTS20_Training_217/BraTS20_Training_217_t1ce.nii.gz,/home/feiner/datasets/BraTS/ssn/MICCAI_BraTS2020_TrainingData/BraTS20_Training_217/BraTS20_Training_217_t2.nii.gz,True,,BraTS20_Training_217,Brats17_TCIA_338_1,TCGA-08-0360,BraTS19_TCIA03_338_1
HGG,Brats18_TCIA03_375_1,Brats18_TCIA03_375_1,MICCAI_BraTS2020_TrainingData,/home/feiner/datasets/BraTS/ssn/MICCAI_BraTS2020_TrainingData/BraTS20_Training_215/BraTS20_Training_215_seg.nii.gz,/home/feiner/datasets/BraTS/ssn/MICCAI_BraTS2020_TrainingData/BraTS20_Training_215/BraTS20_Training_215_brain_mask.nii.gz,/home/feiner/datasets/BraTS/ssn/MICCAI_BraTS2020_TrainingData/BraTS20_Training_215/BraTS20_Training_215_flair.nii.gz,/home/feiner/datasets/BraTS/ssn/MICCAI_BraTS2020_TrainingData/BraTS20_Training_215/BraTS20_Training_215_t1.nii.gz,/home/feiner/datasets/BraTS/ssn/MICCAI_BraTS2020_TrainingData/BraTS20_Training_215/BraTS20_Training_215_t1ce.nii.gz,/home/feiner/datasets/BraTS/ssn/MICCAI_BraTS2020_TrainingData/BraTS20_Training_215/BraTS20_Training_215_t2.nii.gz,True,,BraTS20_Training_215,Brats17_TCIA_375_1,TCGA-08-0356,BraTS19_TCIA03_375_1
HGG,Brats18_TCIA03_419_1,Brats18_TCIA03_419_1,MICCAI_BraTS2020_TrainingData,/home/feiner/datasets/BraTS/ssn/MICCAI_BraTS2020_TrainingData/BraTS20_Training_224/BraTS20_Training_224_seg.nii.gz,/home/feiner/datasets/BraTS/ssn/MICCAI_BraTS2020_TrainingData/BraTS20_Training_224/BraTS20_Training_224_brain_mask.nii.gz,/home/feiner/datasets/BraTS/ssn/MICCAI_BraTS2020_TrainingData/BraTS20_Training_224/BraTS20_Training_224_flair.nii.gz,/home/feiner/datasets/BraTS/ssn/MICCAI_BraTS2020_TrainingData/BraTS20_Training_224/BraTS20_Training_224_t1.nii.gz,/home/feiner/datasets/BraTS/ssn/MICCAI_BraTS2020_TrainingData/BraTS20_Training_224/BraTS20_Training_224_t1ce.nii.gz,/home/feiner/datasets/BraTS/ssn/MICCAI_BraTS2020_TrainingData/BraTS20_Training_224/BraTS20_Training_224_t2.nii.gz,True,,BraTS20_Training_224,Brats17_TCIA_419_1,TCGA-08-0520,BraTS19_TCIA03_419_1
HGG,Brats18_TCIA03_474_1,Brats18_TCIA03_474_1,MICCAI_BraTS2020_TrainingData,/home/feiner/datasets/BraTS/ssn/MICCAI_BraTS2020_TrainingData/BraTS20_Training_225/BraTS20_Training_225_seg.nii.gz,/home/feiner/datasets/BraTS/ssn/MICCAI_BraTS2020_TrainingData/BraTS20_Training_225/BraTS20_Training_225_brain_mask.nii.gz,/home/feiner/datasets/BraTS/ssn/MICCAI_BraTS2020_TrainingData/BraTS20_Training_225/BraTS20_Training_225_flair.nii.gz,/home/feiner/datasets/BraTS/ssn/MICCAI_BraTS2020_TrainingData/BraTS20_Training_225/BraTS20_Training_225_t1.nii.gz,/home/feiner/datasets/BraTS/ssn/MICCAI_BraTS2020_TrainingData/BraTS20_Training_225/BraTS20_Training_225_t1ce.nii.gz,/home/feiner/datasets/BraTS/ssn/MICCAI_BraTS2020_TrainingData/BraTS20_Training_225/BraTS20_Training_225_t2.nii.gz,True,,BraTS20_Training_225,Brats17_TCIA_474_1,TCGA-08-0522,BraTS19_TCIA03_474_1
HGG,Brats18_TCIA04_149_1,Brats18_TCIA04_149_1,MICCAI_BraTS2020_TrainingData,/home/feiner/datasets/BraTS/ssn/MICCAI_BraTS2020_TrainingData/BraTS20_Training_226/BraTS20_Training_226_seg.nii.gz,/home/feiner/datasets/BraTS/ssn/MICCAI_BraTS2020_TrainingData/BraTS20_Training_226/BraTS20_Training_226_brain_mask.nii.gz,/home/feiner/datasets/BraTS/ssn/MICCAI_BraTS2020_TrainingData/BraTS20_Training_226/BraTS20_Training_226_flair.nii.gz,/home/feiner/datasets/BraTS/ssn/MICCAI_BraTS2020_TrainingData/BraTS20_Training_226/BraTS20_Training_226_t1.nii.gz,/home/feiner/datasets/BraTS/ssn/MICCAI_BraTS2020_TrainingData/BraTS20_Training_226/BraTS20_Training_226_t1ce.nii.gz,/home/feiner/datasets/BraTS/ssn/MICCAI_BraTS2020_TrainingData/BraTS20_Training_226/BraTS20_Training_226_t2.nii.gz,True,,BraTS20_Training_226,Brats17_TCIA_149_1,TCGA-12-0616,BraTS19_TCIA04_149_1
HGG,Brats18_TCIA04_192_1,Brats18_TCIA04_192_1,MICCAI_BraTS2020_TrainingData,/home/feiner/datasets/BraTS/ssn/MICCAI_BraTS2020_TrainingData/BraTS20_Training_230/BraTS20_Training_230_seg.nii.gz,/home/feiner/datasets/BraTS/ssn/MICCAI_BraTS2020_TrainingData/BraTS20_Training_230/BraTS20_Training_230_brain_mask.nii.gz,/home/feiner/datasets/BraTS/ssn/MICCAI_BraTS2020_TrainingData/BraTS20_Training_230/BraTS20_Training_230_flair.nii.gz,/home/feiner/datasets/BraTS/ssn/MICCAI_BraTS2020_TrainingData/BraTS20_Training_230/BraTS20_Training_230_t1.nii.gz,/home/feiner/datasets/BraTS/ssn/MICCAI_BraTS2020_TrainingData/BraTS20_Training_230/BraTS20_Training_230_t1ce.nii.gz,/home/feiner/datasets/BraTS/ssn/MICCAI_BraTS2020_TrainingData/BraTS20_Training_230/BraTS20_Training_230_t2.nii.gz,True,,BraTS20_Training_230,Brats17_TCIA_192_1,TCGA-12-1098,BraTS19_TCIA04_192_1
HGG,Brats18_TCIA04_437_1,Brats18_TCIA04_437_1,MICCAI_BraTS2020_TrainingData,/home/feiner/datasets/BraTS/ssn/MICCAI_BraTS2020_TrainingData/BraTS20_Training_233/BraTS20_Training_233_seg.nii.gz,/home/feiner/datasets/BraTS/ssn/MICCAI_BraTS2020_TrainingData/BraTS20_Training_233/BraTS20_Training_233_brain_mask.nii.gz,/home/feiner/datasets/BraTS/ssn/MICCAI_BraTS2020_TrainingData/BraTS20_Training_233/BraTS20_Training_233_flair.nii.gz,/home/feiner/datasets/BraTS/ssn/MICCAI_BraTS2020_TrainingData/BraTS20_Training_233/BraTS20_Training_233_t1.nii.gz,/home/feiner/datasets/BraTS/ssn/MICCAI_BraTS2020_TrainingData/BraTS20_Training_233/BraTS20_Training_233_t1ce.nii.gz,/home/feiner/datasets/BraTS/ssn/MICCAI_BraTS2020_TrainingData/BraTS20_Training_233/BraTS20_Training_233_t2.nii.gz,True,,BraTS20_Training_233,Brats17_TCIA_437_1,TCGA-12-3650,BraTS19_TCIA04_437_1
HGG,Brats18_TCIA04_479_1,Brats18_TCIA04_479_1,MICCAI_BraTS2020_TrainingData,/home/feiner/datasets/BraTS/ssn/MICCAI_BraTS2020_TrainingData/BraTS20_Training_229/BraTS20_Training_229_seg.nii.gz,/home/feiner/datasets/BraTS/ssn/MICCAI_BraTS2020_TrainingData/BraTS20_Training_229/BraTS20_Training_229_brain_mask.nii.gz,/home/feiner/datasets/BraTS/ssn/MICCAI_BraTS2020_TrainingData/BraTS20_Training_229/BraTS20_Training_229_flair.nii.gz,/home/feiner/datasets/BraTS/ssn/MICCAI_BraTS2020_TrainingData/BraTS20_Training_229/BraTS20_Training_229_t1.nii.gz,/home/feiner/datasets/BraTS/ssn/MICCAI_BraTS2020_TrainingData/BraTS20_Training_229/BraTS20_Training_229_t1ce.nii.gz,/home/feiner/datasets/BraTS/ssn/MICCAI_BraTS2020_TrainingData/BraTS20_Training_229/BraTS20_Training_229_t2.nii.gz,True,,BraTS20_Training_229,Brats17_TCIA_479_1,TCGA-12-1094,BraTS19_TCIA04_479_1
HGG,Brats18_TCIA05_396_1,Brats18_TCIA05_396_1,MICCAI_BraTS2020_TrainingData,/home/feiner/datasets/BraTS/ssn/MICCAI_BraTS2020_TrainingData/BraTS20_Training_237/BraTS20_Training_237_seg.nii.gz,/home/feiner/datasets/BraTS/ssn/MICCAI_BraTS2020_TrainingData/BraTS20_Training_237/BraTS20_Training_237_brain_mask.nii.gz,/home/feiner/datasets/BraTS/ssn/MICCAI_BraTS2020_TrainingData/BraTS20_Training_237/BraTS20_Training_237_flair.nii.gz,/home/feiner/datasets/BraTS/ssn/MICCAI_BraTS2020_TrainingData/BraTS20_Training_237/BraTS20_Training_237_t1.nii.gz,/home/feiner/datasets/BraTS/ssn/MICCAI_BraTS2020_TrainingData/BraTS20_Training_237/BraTS20_Training_237_t1ce.nii.gz,/home/feiner/datasets/BraTS/ssn/MICCAI_BraTS2020_TrainingData/BraTS20_Training_237/BraTS20_Training_237_t2.nii.gz,True,,BraTS20_Training_237,Brats17_TCIA_396_1,TCGA-14-3477,BraTS19_TCIA05_396_1
HGG,Brats18_TCIA05_444_1,Brats18_TCIA05_444_1,MICCAI_BraTS2020_TrainingData,/home/feiner/datasets/BraTS/ssn/MICCAI_BraTS2020_TrainingData/BraTS20_Training_234/BraTS20_Training_234_seg.nii.gz,/home/feiner/datasets/BraTS/ssn/MICCAI_BraTS2020_TrainingData/BraTS20_Training_234/BraTS20_Training_234_brain_mask.nii.gz,/home/feiner/datasets/BraTS/ssn/MICCAI_BraTS2020_TrainingData/BraTS20_Training_234/BraTS20_Training_234_flair.nii.gz,/home/feiner/datasets/BraTS/ssn/MICCAI_BraTS2020_TrainingData/BraTS20_Training_234/BraTS20_Training_234_t1.nii.gz,/home/feiner/datasets/BraTS/ssn/MICCAI_BraTS2020_TrainingData/BraTS20_Training_234/BraTS20_Training_234_t1ce.nii.gz,/home/feiner/datasets/BraTS/ssn/MICCAI_BraTS2020_TrainingData/BraTS20_Training_234/BraTS20_Training_234_t2.nii.gz,True,,BraTS20_Training_234,Brats17_TCIA_444_1,TCGA-14-1456,BraTS19_TCIA05_444_1
HGG,Brats18_TCIA06_184_1,Brats18_TCIA06_184_1,MICCAI_BraTS2020_TrainingData,/home/feiner/datasets/BraTS/ssn/MICCAI_BraTS2020_TrainingData/BraTS20_Training_238/BraTS20_Training_238_seg.nii.gz,/home/feiner/datasets/BraTS/ssn/MICCAI_BraTS2020_TrainingData/BraTS20_Training_238/BraTS20_Training_238_brain_mask.nii.gz,/home/feiner/datasets/BraTS/ssn/MICCAI_BraTS2020_TrainingData/BraTS20_Training_238/BraTS20_Training_238_flair.nii.gz,/home/feiner/datasets/BraTS/ssn/MICCAI_BraTS2020_TrainingData/BraTS20_Training_238/BraTS20_Training_238_t1.nii.gz,/home/feiner/datasets/BraTS/ssn/MICCAI_BraTS2020_TrainingData/BraTS20_Training_238/BraTS20_Training_238_t1ce.nii.gz,/home/feiner/datasets/BraTS/ssn/MICCAI_BraTS2020_TrainingData/BraTS20_Training_238/BraTS20_Training_238_t2.nii.gz,True,,BraTS20_Training_238,Brats17_TCIA_184_1,TCGA-19-0963,BraTS19_TCIA06_184_1
HGG,Brats18_TCIA06_247_1,Brats18_TCIA06_247_1,MICCAI_BraTS2020_TrainingData,/home/feiner/datasets/BraTS/ssn/MICCAI_BraTS2020_TrainingData/BraTS20_Training_242/BraTS20_Training_242_seg.nii.gz,/home/feiner/datasets/BraTS/ssn/MICCAI_BraTS2020_TrainingData/BraTS20_Training_242/BraTS20_Training_242_brain_mask.nii.gz,/home/feiner/datasets/BraTS/ssn/MICCAI_BraTS2020_TrainingData/BraTS20_Training_242/BraTS20_Training_242_flair.nii.gz,/home/feiner/datasets/BraTS/ssn/MICCAI_BraTS2020_TrainingData/BraTS20_Training_242/BraTS20_Training_242_t1.nii.gz,/home/feiner/datasets/BraTS/ssn/MICCAI_BraTS2020_TrainingData/BraTS20_Training_242/BraTS20_Training_242_t1ce.nii.gz,/home/feiner/datasets/BraTS/ssn/MICCAI_BraTS2020_TrainingData/BraTS20_Training_242/BraTS20_Training_242_t2.nii.gz,True,,BraTS20_Training_242,Brats17_TCIA_247_1,TCGA-19-5951,BraTS19_TCIA06_247_1
HGG,Brats18_TCIA06_372_1,Brats18_TCIA06_372_1,MICCAI_BraTS2020_TrainingData,/home/feiner/datasets/BraTS/ssn/MICCAI_BraTS2020_TrainingData/BraTS20_Training_241/BraTS20_Training_241_seg.nii.gz,/home/feiner/datasets/BraTS/ssn/MICCAI_BraTS2020_TrainingData/BraTS20_Training_241/BraTS20_Training_241_brain_mask.nii.gz,/home/feiner/datasets/BraTS/ssn/MICCAI_BraTS2020_TrainingData/BraTS20_Training_241/BraTS20_Training_241_flair.nii.gz,/home/feiner/datasets/BraTS/ssn/MICCAI_BraTS2020_TrainingData/BraTS20_Training_241/BraTS20_Training_241_t1.nii.gz,/home/feiner/datasets/BraTS/ssn/MICCAI_BraTS2020_TrainingData/BraTS20_Training_241/BraTS20_Training_241_t1ce.nii.gz,/home/feiner/datasets/BraTS/ssn/MICCAI_BraTS2020_TrainingData/BraTS20_Training_241/BraTS20_Training_241_t2.nii.gz,True,,BraTS20_Training_241,Brats17_TCIA_372_1,TCGA-19-2631,BraTS19_TCIA06_372_1
HGG,Brats18_TCIA06_409_1,Brats18_TCIA06_409_1,MICCAI_BraTS2020_TrainingData,/home/feiner/datasets/BraTS/ssn/MICCAI_BraTS2020_TrainingData/BraTS20_Training_239/BraTS20_Training_239_seg.nii.gz,/home/feiner/datasets/BraTS/ssn/MICCAI_BraTS2020_TrainingData/BraTS20_Training_239/BraTS20_Training_239_brain_mask.nii.gz,/home/feiner/datasets/BraTS/ssn/MICCAI_BraTS2020_TrainingData/BraTS20_Training_239/BraTS20_Training_239_flair.nii.gz,/home/feiner/datasets/BraTS/ssn/MICCAI_BraTS2020_TrainingData/BraTS20_Training_239/BraTS20_Training_239_t1.nii.gz,/home/feiner/datasets/BraTS/ssn/MICCAI_BraTS2020_TrainingData/BraTS20_Training_239/BraTS20_Training_239_t1ce.nii.gz,/home/feiner/datasets/BraTS/ssn/MICCAI_BraTS2020_TrainingData/BraTS20_Training_239/BraTS20_Training_239_t2.nii.gz,True,,BraTS20_Training_239,Brats17_TCIA_409_1,TCGA-19-1789,BraTS19_TCIA06_409_1
HGG,Brats18_TCIA08_105_1,Brats18_TCIA08_105_1,MICCAI_BraTS2020_TrainingData,/home/feiner/datasets/BraTS/ssn/MICCAI_BraTS2020_TrainingData/BraTS20_Training_247/BraTS20_Training_247_seg.nii.gz,/home/feiner/datasets/BraTS/ssn/MICCAI_BraTS2020_TrainingData/BraTS20_Training_247/BraTS20_Training_247_brain_mask.nii.gz,/home/feiner/datasets/BraTS/ssn/MICCAI_BraTS2020_TrainingData/BraTS20_Training_247/BraTS20_Training_247_flair.nii.gz,/home/feiner/datasets/BraTS/ssn/MICCAI_BraTS2020_TrainingData/BraTS20_Training_247/BraTS20_Training_247_t1.nii.gz,/home/feiner/datasets/BraTS/ssn/MICCAI_BraTS2020_TrainingData/BraTS20_Training_247/BraTS20_Training_247_t1ce.nii.gz,/home/feiner/datasets/BraTS/ssn/MICCAI_BraTS2020_TrainingData/BraTS20_Training_247/BraTS20_Training_247_t2.nii.gz,True,,BraTS20_Training_247,Brats17_TCIA_105_1,TCGA-76-4934,BraTS19_TCIA08_105_1
HGG,Brats18_TCIA08_113_1,Brats18_TCIA08_113_1,MICCAI_BraTS2020_TrainingData,/home/feiner/datasets/BraTS/ssn/MICCAI_BraTS2020_TrainingData/BraTS20_Training_259/BraTS20_Training_259_seg.nii.gz,/home/feiner/datasets/BraTS/ssn/MICCAI_BraTS2020_TrainingData/BraTS20_Training_259/BraTS20_Training_259_brain_mask.nii.gz,/home/feiner/datasets/BraTS/ssn/MICCAI_BraTS2020_TrainingData/BraTS20_Training_259/BraTS20_Training_259_flair.nii.gz,/home/feiner/datasets/BraTS/ssn/MICCAI_BraTS2020_TrainingData/BraTS20_Training_259/BraTS20_Training_259_t1.nii.gz,/home/feiner/datasets/BraTS/ssn/MICCAI_BraTS2020_TrainingData/BraTS20_Training_259/BraTS20_Training_259_t1ce.nii.gz,/home/feiner/datasets/BraTS/ssn/MICCAI_BraTS2020_TrainingData/BraTS20_Training_259/BraTS20_Training_259_t2.nii.gz,True,,BraTS20_Training_259,Brats17_TCIA_113_1,TCGA-76-6664,BraTS19_TCIA08_113_1
HGG,Brats18_TCIA08_162_1,Brats18_TCIA08_162_1,MICCAI_BraTS2020_TrainingData,/home/feiner/datasets/BraTS/ssn/MICCAI_BraTS2020_TrainingData/BraTS20_Training_248/BraTS20_Training_248_seg.nii.gz,/home/feiner/datasets/BraTS/ssn/MICCAI_BraTS2020_TrainingData/BraTS20_Training_248/BraTS20_Training_248_brain_mask.nii.gz,/home/feiner/datasets/BraTS/ssn/MICCAI_BraTS2020_TrainingData/BraTS20_Training_248/BraTS20_Training_248_flair.nii.gz,/home/feiner/datasets/BraTS/ssn/MICCAI_BraTS2020_TrainingData/BraTS20_Training_248/BraTS20_Training_248_t1.nii.gz,/home/feiner/datasets/BraTS/ssn/MICCAI_BraTS2020_TrainingData/BraTS20_Training_248/BraTS20_Training_248_t1ce.nii.gz,/home/feiner/datasets/BraTS/ssn/MICCAI_BraTS2020_TrainingData/BraTS20_Training_248/BraTS20_Training_248_t2.nii.gz,True,,BraTS20_Training_248,Brats17_TCIA_162_1,TCGA-76-4935,BraTS19_TCIA08_162_1
HGG,Brats18_TCIA08_167_1,Brats18_TCIA08_167_1,MICCAI_BraTS2020_TrainingData,/home/feiner/datasets/BraTS/ssn/MICCAI_BraTS2020_TrainingData/BraTS20_Training_255/BraTS20_Training_255_seg.nii.gz,/home/feiner/datasets/BraTS/ssn/MICCAI_BraTS2020_TrainingData/BraTS20_Training_255/BraTS20_Training_255_brain_mask.nii.gz,/home/feiner/datasets/BraTS/ssn/MICCAI_BraTS2020_TrainingData/BraTS20_Training_255/BraTS20_Training_255_flair.nii.gz,/home/feiner/datasets/BraTS/ssn/MICCAI_BraTS2020_TrainingData/BraTS20_Training_255/BraTS20_Training_255_t1.nii.gz,/home/feiner/datasets/BraTS/ssn/MICCAI_BraTS2020_TrainingData/BraTS20_Training_255/BraTS20_Training_255_t1ce.nii.gz,/home/feiner/datasets/BraTS/ssn/MICCAI_BraTS2020_TrainingData/BraTS20_Training_255/BraTS20_Training_255_t2.nii.gz,True,,BraTS20_Training_255,Brats17_TCIA_167_1,TCGA-76-6657,BraTS19_TCIA08_167_1
HGG,Brats18_TCIA08_205_1,Brats18_TCIA08_205_1,MICCAI_BraTS2020_TrainingData,/home/feiner/datasets/BraTS/ssn/MICCAI_BraTS2020_TrainingData/BraTS20_Training_256/BraTS20_Training_256_seg.nii.gz,/home/feiner/datasets/BraTS/ssn/MICCAI_BraTS2020_TrainingData/BraTS20_Training_256/BraTS20_Training_256_brain_mask.nii.gz,/home/feiner/datasets/BraTS/ssn/MICCAI_BraTS2020_TrainingData/BraTS20_Training_256/BraTS20_Training_256_flair.nii.gz,/home/feiner/datasets/BraTS/ssn/MICCAI_BraTS2020_TrainingData/BraTS20_Training_256/BraTS20_Training_256_t1.nii.gz,/home/feiner/datasets/BraTS/ssn/MICCAI_BraTS2020_TrainingData/BraTS20_Training_256/BraTS20_Training_256_t1ce.nii.gz,/home/feiner/datasets/BraTS/ssn/MICCAI_BraTS2020_TrainingData/BraTS20_Training_256/BraTS20_Training_256_t2.nii.gz,True,,BraTS20_Training_256,Brats17_TCIA_205_1,TCGA-76-6661,BraTS19_TCIA08_205_1
HGG,Brats18_TCIA08_218_1,Brats18_TCIA08_218_1,MICCAI_BraTS2020_TrainingData,/home/feiner/datasets/BraTS/ssn/MICCAI_BraTS2020_TrainingData/BraTS20_Training_251/BraTS20_Training_251_seg.nii.gz,/home/feiner/datasets/BraTS/ssn/MICCAI_BraTS2020_TrainingData/BraTS20_Training_251/BraTS20_Training_251_brain_mask.nii.gz,/home/feiner/datasets/BraTS/ssn/MICCAI_BraTS2020_TrainingData/BraTS20_Training_251/BraTS20_Training_251_flair.nii.gz,/home/feiner/datasets/BraTS/ssn/MICCAI_BraTS2020_TrainingData/BraTS20_Training_251/BraTS20_Training_251_t1.nii.gz,/home/feiner/datasets/BraTS/ssn/MICCAI_BraTS2020_TrainingData/BraTS20_Training_251/BraTS20_Training_251_t1ce.nii.gz,/home/feiner/datasets/BraTS/ssn/MICCAI_BraTS2020_TrainingData/BraTS20_Training_251/BraTS20_Training_251_t2.nii.gz,True,,BraTS20_Training_251,Brats17_TCIA_218_1,TCGA-76-6280,BraTS19_TCIA08_218_1
HGG,Brats18_TCIA08_242_1,Brats18_TCIA08_242_1,MICCAI_BraTS2020_TrainingData,/home/feiner/datasets/BraTS/ssn/MICCAI_BraTS2020_TrainingData/BraTS20_Training_254/BraTS20_Training_254_seg.nii.gz,/home/feiner/datasets/BraTS/ssn/MICCAI_BraTS2020_TrainingData/BraTS20_Training_254/BraTS20_Training_254_brain_mask.nii.gz,/home/feiner/datasets/BraTS/ssn/MICCAI_BraTS2020_TrainingData/BraTS20_Training_254/BraTS20_Training_254_flair.nii.gz,/home/feiner/datasets/BraTS/ssn/MICCAI_BraTS2020_TrainingData/BraTS20_Training_254/BraTS20_Training_254_t1.nii.gz,/home/feiner/datasets/BraTS/ssn/MICCAI_BraTS2020_TrainingData/BraTS20_Training_254/BraTS20_Training_254_t1ce.nii.gz,/home/feiner/datasets/BraTS/ssn/MICCAI_BraTS2020_TrainingData/BraTS20_Training_254/BraTS20_Training_254_t2.nii.gz,True,,BraTS20_Training_254,Brats17_TCIA_242_1,TCGA-76-6656,BraTS19_TCIA08_242_1
HGG,Brats18_TCIA08_280_1,Brats18_TCIA08_280_1,MICCAI_BraTS2020_TrainingData,/home/feiner/datasets/BraTS/ssn/MICCAI_BraTS2020_TrainingData/BraTS20_Training_249/BraTS20_Training_249_seg.nii.gz,/home/feiner/datasets/BraTS/ssn/MICCAI_BraTS2020_TrainingData/BraTS20_Training_249/BraTS20_Training_249_brain_mask.nii.gz,/home/feiner/datasets/BraTS/ssn/MICCAI_BraTS2020_TrainingData/BraTS20_Training_249/BraTS20_Training_249_flair.nii.gz,/home/feiner/datasets/BraTS/ssn/MICCAI_BraTS2020_TrainingData/BraTS20_Training_249/BraTS20_Training_249_t1.nii.gz,/home/feiner/datasets/BraTS/ssn/MICCAI_BraTS2020_TrainingData/BraTS20_Training_249/BraTS20_Training_249_t1ce.nii.gz,/home/feiner/datasets/BraTS/ssn/MICCAI_BraTS2020_TrainingData/BraTS20_Training_249/BraTS20_Training_249_t2.nii.gz,True,,BraTS20_Training_249,Brats17_TCIA_280_1,TCGA-76-6191,BraTS19_TCIA08_280_1
HGG,Brats18_TCIA08_319_1,Brats18_TCIA08_319_1,MICCAI_BraTS2020_TrainingData,/home/feiner/datasets/BraTS/ssn/MICCAI_BraTS2020_TrainingData/BraTS20_Training_253/BraTS20_Training_253_seg.nii.gz,/home/feiner/datasets/BraTS/ssn/MICCAI_BraTS2020_TrainingData/BraTS20_Training_253/BraTS20_Training_253_brain_mask.nii.gz,/home/feiner/datasets/BraTS/ssn/MICCAI_BraTS2020_TrainingData/BraTS20_Training_253/BraTS20_Training_253_flair.nii.gz,/home/feiner/datasets/BraTS/ssn/MICCAI_BraTS2020_TrainingData/BraTS20_Training_253/BraTS20_Training_253_t1.nii.gz,/home/feiner/datasets/BraTS/ssn/MICCAI_BraTS2020_TrainingData/BraTS20_Training_253/BraTS20_Training_253_t1ce.nii.gz,/home/feiner/datasets/BraTS/ssn/MICCAI_BraTS2020_TrainingData/BraTS20_Training_253/BraTS20_Training_253_t2.nii.gz,True,,BraTS20_Training_253,Brats17_TCIA_319_1,TCGA-76-6285,BraTS19_TCIA08_319_1
LGG,Brats18_2013_0_1,Brats18_2013_0_1,MICCAI_BraTS2020_TrainingData,/home/feiner/datasets/BraTS/ssn/MICCAI_BraTS2020_TrainingData/BraTS20_Training_260/BraTS20_Training_260_seg.nii.gz,/home/feiner/datasets/BraTS/ssn/MICCAI_BraTS2020_TrainingData/BraTS20_Training_260/BraTS20_Training_260_brain_mask.nii.gz,/home/feiner/datasets/BraTS/ssn/MICCAI_BraTS2020_TrainingData/BraTS20_Training_260/BraTS20_Training_260_flair.nii.gz,/home/feiner/datasets/BraTS/ssn/MICCAI_BraTS2020_TrainingData/BraTS20_Training_260/BraTS20_Training_260_t1.nii.gz,/home/feiner/datasets/BraTS/ssn/MICCAI_BraTS2020_TrainingData/BraTS20_Training_260/BraTS20_Training_260_t1ce.nii.gz,/home/feiner/datasets/BraTS/ssn/MICCAI_BraTS2020_TrainingData/BraTS20_Training_260/BraTS20_Training_260_t2.nii.gz,True,,BraTS20_Training_260,Brats17_2013_0_1,,BraTS19_2013_0_1
LGG,Brats18_2013_15_1,Brats18_2013_15_1,MICCAI_BraTS2020_TrainingData,/home/feiner/datasets/BraTS/ssn/MICCAI_BraTS2020_TrainingData/BraTS20_Training_263/BraTS20_Training_263_seg.nii.gz,/home/feiner/datasets/BraTS/ssn/MICCAI_BraTS2020_TrainingData/BraTS20_Training_263/BraTS20_Training_263_brain_mask.nii.gz,/home/feiner/datasets/BraTS/ssn/MICCAI_BraTS2020_TrainingData/BraTS20_Training_263/BraTS20_Training_263_flair.nii.gz,/home/feiner/datasets/BraTS/ssn/MICCAI_BraTS2020_TrainingData/BraTS20_Training_263/BraTS20_Training_263_t1.nii.gz,/home/feiner/datasets/BraTS/ssn/MICCAI_BraTS2020_TrainingData/BraTS20_Training_263/BraTS20_Training_263_t1ce.nii.gz,/home/feiner/datasets/BraTS/ssn/MICCAI_BraTS2020_TrainingData/BraTS20_Training_263/BraTS20_Training_263_t2.nii.gz,True,,BraTS20_Training_263,Brats17_2013_15_1,,BraTS19_2013_15_1
LGG,Brats18_2013_16_1,Brats18_2013_16_1,MICCAI_BraTS2020_TrainingData,/home/feiner/datasets/BraTS/ssn/MICCAI_BraTS2020_TrainingData/BraTS20_Training_262/BraTS20_Training_262_seg.nii.gz,/home/feiner/datasets/BraTS/ssn/MICCAI_BraTS2020_TrainingData/BraTS20_Training_262/BraTS20_Training_262_brain_mask.nii.gz,/home/feiner/datasets/BraTS/ssn/MICCAI_BraTS2020_TrainingData/BraTS20_Training_262/BraTS20_Training_262_flair.nii.gz,/home/feiner/datasets/BraTS/ssn/MICCAI_BraTS2020_TrainingData/BraTS20_Training_262/BraTS20_Training_262_t1.nii.gz,/home/feiner/datasets/BraTS/ssn/MICCAI_BraTS2020_TrainingData/BraTS20_Training_262/BraTS20_Training_262_t1ce.nii.gz,/home/feiner/datasets/BraTS/ssn/MICCAI_BraTS2020_TrainingData/BraTS20_Training_262/BraTS20_Training_262_t2.nii.gz,True,,BraTS20_Training_262,Brats17_2013_16_1,,BraTS19_2013_16_1
LGG,Brats18_2013_28_1,Brats18_2013_28_1,MICCAI_BraTS2020_TrainingData,/home/feiner/datasets/BraTS/ssn/MICCAI_BraTS2020_TrainingData/BraTS20_Training_267/BraTS20_Training_267_seg.nii.gz,/home/feiner/datasets/BraTS/ssn/MICCAI_BraTS2020_TrainingData/BraTS20_Training_267/BraTS20_Training_267_brain_mask.nii.gz,/home/feiner/datasets/BraTS/ssn/MICCAI_BraTS2020_TrainingData/BraTS20_Training_267/BraTS20_Training_267_flair.nii.gz,/home/feiner/datasets/BraTS/ssn/MICCAI_BraTS2020_TrainingData/BraTS20_Training_267/BraTS20_Training_267_t1.nii.gz,/home/feiner/datasets/BraTS/ssn/MICCAI_BraTS2020_TrainingData/BraTS20_Training_267/BraTS20_Training_267_t1ce.nii.gz,/home/feiner/datasets/BraTS/ssn/MICCAI_BraTS2020_TrainingData/BraTS20_Training_267/BraTS20_Training_267_t2.nii.gz,True,,BraTS20_Training_267,Brats17_2013_28_1,,BraTS19_2013_28_1
LGG,Brats18_2013_6_1,Brats18_2013_6_1,MICCAI_BraTS2020_TrainingData,/home/feiner/datasets/BraTS/ssn/MICCAI_BraTS2020_TrainingData/BraTS20_Training_261/BraTS20_Training_261_seg.nii.gz,/home/feiner/datasets/BraTS/ssn/MICCAI_BraTS2020_TrainingData/BraTS20_Training_261/BraTS20_Training_261_brain_mask.nii.gz,/home/feiner/datasets/BraTS/ssn/MICCAI_BraTS2020_TrainingData/BraTS20_Training_261/BraTS20_Training_261_flair.nii.gz,/home/feiner/datasets/BraTS/ssn/MICCAI_BraTS2020_TrainingData/BraTS20_Training_261/BraTS20_Training_261_t1.nii.gz,/home/feiner/datasets/BraTS/ssn/MICCAI_BraTS2020_TrainingData/BraTS20_Training_261/BraTS20_Training_261_t1ce.nii.gz,/home/feiner/datasets/BraTS/ssn/MICCAI_BraTS2020_TrainingData/BraTS20_Training_261/BraTS20_Training_261_t2.nii.gz,True,,BraTS20_Training_261,Brats17_2013_6_1,,BraTS19_2013_6_1
LGG,Brats18_2013_9_1,Brats18_2013_9_1,MICCAI_BraTS2020_TrainingData,/home/feiner/datasets/BraTS/ssn/MICCAI_BraTS2020_TrainingData/BraTS20_Training_269/BraTS20_Training_269_seg.nii.gz,/home/feiner/datasets/BraTS/ssn/MICCAI_BraTS2020_TrainingData/BraTS20_Training_269/BraTS20_Training_269_brain_mask.nii.gz,/home/feiner/datasets/BraTS/ssn/MICCAI_BraTS2020_TrainingData/BraTS20_Training_269/BraTS20_Training_269_flair.nii.gz,/home/feiner/datasets/BraTS/ssn/MICCAI_BraTS2020_TrainingData/BraTS20_Training_269/BraTS20_Training_269_t1.nii.gz,/home/feiner/datasets/BraTS/ssn/MICCAI_BraTS2020_TrainingData/BraTS20_Training_269/BraTS20_Training_269_t1ce.nii.gz,/home/feiner/datasets/BraTS/ssn/MICCAI_BraTS2020_TrainingData/BraTS20_Training_269/BraTS20_Training_269_t2.nii.gz,True,,BraTS20_Training_269,Brats17_2013_9_1,,BraTS19_2013_9_1
LGG,Brats18_TCIA09_254_1,Brats18_TCIA09_254_1,MICCAI_BraTS2020_TrainingData,/home/feiner/datasets/BraTS/ssn/MICCAI_BraTS2020_TrainingData/BraTS20_Training_272/BraTS20_Training_272_seg.nii.gz,/home/feiner/datasets/BraTS/ssn/MICCAI_BraTS2020_TrainingData/BraTS20_Training_272/BraTS20_Training_272_brain_mask.nii.gz,/home/feiner/datasets/BraTS/ssn/MICCAI_BraTS2020_TrainingData/BraTS20_Training_272/BraTS20_Training_272_flair.nii.gz,/home/feiner/datasets/BraTS/ssn/MICCAI_BraTS2020_TrainingData/BraTS20_Training_272/BraTS20_Training_272_t1.nii.gz,/home/feiner/datasets/BraTS/ssn/MICCAI_BraTS2020_TrainingData/BraTS20_Training_272/BraTS20_Training_272_t1ce.nii.gz,/home/feiner/datasets/BraTS/ssn/MICCAI_BraTS2020_TrainingData/BraTS20_Training_272/BraTS20_Training_272_t2.nii.gz,True,,BraTS20_Training_272,Brats17_TCIA_254_1,TCGA-CS-4944,BraTS19_TCIA09_254_1
LGG,Brats18_TCIA09_255_1,Brats18_TCIA09_255_1,MICCAI_BraTS2020_TrainingData,/home/feiner/datasets/BraTS/ssn/MICCAI_BraTS2020_TrainingData/BraTS20_Training_273/BraTS20_Training_273_seg.nii.gz,/home/feiner/datasets/BraTS/ssn/MICCAI_BraTS2020_TrainingData/BraTS20_Training_273/BraTS20_Training_273_brain_mask.nii.gz,/home/feiner/datasets/BraTS/ssn/MICCAI_BraTS2020_TrainingData/BraTS20_Training_273/BraTS20_Training_273_flair.nii.gz,/home/feiner/datasets/BraTS/ssn/MICCAI_BraTS2020_TrainingData/BraTS20_Training_273/BraTS20_Training_273_t1.nii.gz,/home/feiner/datasets/BraTS/ssn/MICCAI_BraTS2020_TrainingData/BraTS20_Training_273/BraTS20_Training_273_t1ce.nii.gz,/home/feiner/datasets/BraTS/ssn/MICCAI_BraTS2020_TrainingData/BraTS20_Training_273/BraTS20_Training_273_t2.nii.gz,True,,BraTS20_Training_273,Brats17_TCIA_255_1,TCGA-CS-5393,BraTS19_TCIA09_255_1
LGG,Brats18_TCIA09_312_1,Brats18_TCIA09_312_1,MICCAI_BraTS2020_TrainingData,/home/feiner/datasets/BraTS/ssn/MICCAI_BraTS2020_TrainingData/BraTS20_Training_276/BraTS20_Training_276_seg.nii.gz,/home/feiner/datasets/BraTS/ssn/MICCAI_BraTS2020_TrainingData/BraTS20_Training_276/BraTS20_Training_276_brain_mask.nii.gz,/home/feiner/datasets/BraTS/ssn/MICCAI_BraTS2020_TrainingData/BraTS20_Training_276/BraTS20_Training_276_flair.nii.gz,/home/feiner/datasets/BraTS/ssn/MICCAI_BraTS2020_TrainingData/BraTS20_Training_276/BraTS20_Training_276_t1.nii.gz,/home/feiner/datasets/BraTS/ssn/MICCAI_BraTS2020_TrainingData/BraTS20_Training_276/BraTS20_Training_276_t1ce.nii.gz,/home/feiner/datasets/BraTS/ssn/MICCAI_BraTS2020_TrainingData/BraTS20_Training_276/BraTS20_Training_276_t2.nii.gz,True,,BraTS20_Training_276,Brats17_TCIA_312_1,TCGA-CS-6186,BraTS19_TCIA09_312_1
LGG,Brats18_TCIA09_402_1,Brats18_TCIA09_402_1,MICCAI_BraTS2020_TrainingData,/home/feiner/datasets/BraTS/ssn/MICCAI_BraTS2020_TrainingData/BraTS20_Training_279/BraTS20_Training_279_seg.nii.gz,/home/feiner/datasets/BraTS/ssn/MICCAI_BraTS2020_TrainingData/BraTS20_Training_279/BraTS20_Training_279_brain_mask.nii.gz,/home/feiner/datasets/BraTS/ssn/MICCAI_BraTS2020_TrainingData/BraTS20_Training_279/BraTS20_Training_279_flair.nii.gz,/home/feiner/datasets/BraTS/ssn/MICCAI_BraTS2020_TrainingData/BraTS20_Training_279/BraTS20_Training_279_t1.nii.gz,/home/feiner/datasets/BraTS/ssn/MICCAI_BraTS2020_TrainingData/BraTS20_Training_279/BraTS20_Training_279_t1ce.nii.gz,/home/feiner/datasets/BraTS/ssn/MICCAI_BraTS2020_TrainingData/BraTS20_Training_279/BraTS20_Training_279_t2.nii.gz,True,,BraTS20_Training_279,Brats17_TCIA_402_1,TCGA-CS-6666,BraTS19_TCIA09_402_1
LGG,Brats18_TCIA09_428_1,Brats18_TCIA09_428_1,MICCAI_BraTS2020_TrainingData,/home/feiner/datasets/BraTS/ssn/MICCAI_BraTS2020_TrainingData/BraTS20_Training_280/BraTS20_Training_280_seg.nii.gz,/home/feiner/datasets/BraTS/ssn/MICCAI_BraTS2020_TrainingData/BraTS20_Training_280/BraTS20_Training_280_brain_mask.nii.gz,/home/feiner/datasets/BraTS/ssn/MICCAI_BraTS2020_TrainingData/BraTS20_Training_280/BraTS20_Training_280_flair.nii.gz,/home/feiner/datasets/BraTS/ssn/MICCAI_BraTS2020_TrainingData/BraTS20_Training_280/BraTS20_Training_280_t1.nii.gz,/home/feiner/datasets/BraTS/ssn/MICCAI_BraTS2020_TrainingData/BraTS20_Training_280/BraTS20_Training_280_t1ce.nii.gz,/home/feiner/datasets/BraTS/ssn/MICCAI_BraTS2020_TrainingData/BraTS20_Training_280/BraTS20_Training_280_t2.nii.gz,True,,BraTS20_Training_280,Brats17_TCIA_428_1,TCGA-CS-6668,BraTS19_TCIA09_428_1
LGG,Brats18_TCIA09_451_1,Brats18_TCIA09_451_1,MICCAI_BraTS2020_TrainingData,/home/feiner/datasets/BraTS/ssn/MICCAI_BraTS2020_TrainingData/BraTS20_Training_271/BraTS20_Training_271_seg.nii.gz,/home/feiner/datasets/BraTS/ssn/MICCAI_BraTS2020_TrainingData/BraTS20_Training_271/BraTS20_Training_271_brain_mask.nii.gz,/home/feiner/datasets/BraTS/ssn/MICCAI_BraTS2020_TrainingData/BraTS20_Training_271/BraTS20_Training_271_flair.nii.gz,/home/feiner/datasets/BraTS/ssn/MICCAI_BraTS2020_TrainingData/BraTS20_Training_271/BraTS20_Training_271_t1.nii.gz,/home/feiner/datasets/BraTS/ssn/MICCAI_BraTS2020_TrainingData/BraTS20_Training_271/BraTS20_Training_271_t1ce.nii.gz,/home/feiner/datasets/BraTS/ssn/MICCAI_BraTS2020_TrainingData/BraTS20_Training_271/BraTS20_Training_271_t2.nii.gz,True,,BraTS20_Training_271,Brats17_TCIA_451_1,TCGA-CS-4942,BraTS19_TCIA09_451_1
LGG,Brats18_TCIA09_462_1,Brats18_TCIA09_462_1,MICCAI_BraTS2020_TrainingData,/home/feiner/datasets/BraTS/ssn/MICCAI_BraTS2020_TrainingData/BraTS20_Training_281/BraTS20_Training_281_seg.nii.gz,/home/feiner/datasets/BraTS/ssn/MICCAI_BraTS2020_TrainingData/BraTS20_Training_281/BraTS20_Training_281_brain_mask.nii.gz,/home/feiner/datasets/BraTS/ssn/MICCAI_BraTS2020_TrainingData/BraTS20_Training_281/BraTS20_Training_281_flair.nii.gz,/home/feiner/datasets/BraTS/ssn/MICCAI_BraTS2020_TrainingData/BraTS20_Training_281/BraTS20_Training_281_t1.nii.gz,/home/feiner/datasets/BraTS/ssn/MICCAI_BraTS2020_TrainingData/BraTS20_Training_281/BraTS20_Training_281_t1ce.nii.gz,/home/feiner/datasets/BraTS/ssn/MICCAI_BraTS2020_TrainingData/BraTS20_Training_281/BraTS20_Training_281_t2.nii.gz,True,,BraTS20_Training_281,Brats17_TCIA_462_1,TCGA-CS-6669,BraTS19_TCIA09_462_1
LGG,Brats18_TCIA09_620_1,Brats18_TCIA09_620_1,MICCAI_BraTS2020_TrainingData,/home/feiner/datasets/BraTS/ssn/MICCAI_BraTS2020_TrainingData/BraTS20_Training_277/BraTS20_Training_277_seg.nii.gz,/home/feiner/datasets/BraTS/ssn/MICCAI_BraTS2020_TrainingData/BraTS20_Training_277/BraTS20_Training_277_brain_mask.nii.gz,/home/feiner/datasets/BraTS/ssn/MICCAI_BraTS2020_TrainingData/BraTS20_Training_277/BraTS20_Training_277_flair.nii.gz,/home/feiner/datasets/BraTS/ssn/MICCAI_BraTS2020_TrainingData/BraTS20_Training_277/BraTS20_Training_277_t1.nii.gz,/home/feiner/datasets/BraTS/ssn/MICCAI_BraTS2020_TrainingData/BraTS20_Training_277/BraTS20_Training_277_t1ce.nii.gz,/home/feiner/datasets/BraTS/ssn/MICCAI_BraTS2020_TrainingData/BraTS20_Training_277/BraTS20_Training_277_t2.nii.gz,True,,BraTS20_Training_277,Brats17_TCIA_620_1,TCGA-CS-6188,BraTS19_TCIA09_620_1
LGG,Brats18_TCIA10_109_1,Brats18_TCIA10_109_1,MICCAI_BraTS2020_TrainingData,/home/feiner/datasets/BraTS/ssn/MICCAI_BraTS2020_TrainingData/BraTS20_Training_291/BraTS20_Training_291_seg.nii.gz,/home/feiner/datasets/BraTS/ssn/MICCAI_BraTS2020_TrainingData/BraTS20_Training_291/BraTS20_Training_291_brain_mask.nii.gz,/home/feiner/datasets/BraTS/ssn/MICCAI_BraTS2020_TrainingData/BraTS20_Training_291/BraTS20_Training_291_flair.nii.gz,/home/feiner/datasets/BraTS/ssn/MICCAI_BraTS2020_TrainingData/BraTS20_Training_291/BraTS20_Training_291_t1.nii.gz,/home/feiner/datasets/BraTS/ssn/MICCAI_BraTS2020_TrainingData/BraTS20_Training_291/BraTS20_Training_291_t1ce.nii.gz,/home/feiner/datasets/BraTS/ssn/MICCAI_BraTS2020_TrainingData/BraTS20_Training_291/BraTS20_Training_291_t2.nii.gz,True,,BraTS20_Training_291,Brats17_TCIA_109_1,TCGA-DU-7014,BraTS19_TCIA10_109_1
LGG,Brats18_TCIA10_266_1,Brats18_TCIA10_266_1,MICCAI_BraTS2020_TrainingData,/home/feiner/datasets/BraTS/ssn/MICCAI_BraTS2020_TrainingData/BraTS20_Training_286/BraTS20_Training_286_seg.nii.gz,/home/feiner/datasets/BraTS/ssn/MICCAI_BraTS2020_TrainingData/BraTS20_Training_286/BraTS20_Training_286_brain_mask.nii.gz,/home/feiner/datasets/BraTS/ssn/MICCAI_BraTS2020_TrainingData/BraTS20_Training_286/BraTS20_Training_286_flair.nii.gz,/home/feiner/datasets/BraTS/ssn/MICCAI_BraTS2020_TrainingData/BraTS20_Training_286/BraTS20_Training_286_t1.nii.gz,/home/feiner/datasets/BraTS/ssn/MICCAI_BraTS2020_TrainingData/BraTS20_Training_286/BraTS20_Training_286_t1ce.nii.gz,/home/feiner/datasets/BraTS/ssn/MICCAI_BraTS2020_TrainingData/BraTS20_Training_286/BraTS20_Training_286_t2.nii.gz,True,,BraTS20_Training_286,Brats17_TCIA_266_1,TCGA-DU-5874,BraTS19_TCIA10_266_1
LGG,Brats18_TCIA10_282_1,Brats18_TCIA10_282_1,MICCAI_BraTS2020_TrainingData,/home/feiner/datasets/BraTS/ssn/MICCAI_BraTS2020_TrainingData/BraTS20_Training_301/BraTS20_Training_301_seg.nii.gz,/home/feiner/datasets/BraTS/ssn/MICCAI_BraTS2020_TrainingData/BraTS20_Training_301/BraTS20_Training_301_brain_mask.nii.gz,/home/feiner/datasets/BraTS/ssn/MICCAI_BraTS2020_TrainingData/BraTS20_Training_301/BraTS20_Training_301_flair.nii.gz,/home/feiner/datasets/BraTS/ssn/MICCAI_BraTS2020_TrainingData/BraTS20_Training_301/BraTS20_Training_301_t1.nii.gz,/home/feiner/datasets/BraTS/ssn/MICCAI_BraTS2020_TrainingData/BraTS20_Training_301/BraTS20_Training_301_t1ce.nii.gz,/home/feiner/datasets/BraTS/ssn/MICCAI_BraTS2020_TrainingData/BraTS20_Training_301/BraTS20_Training_301_t2.nii.gz,True,,BraTS20_Training_301,Brats17_TCIA_282_1,TCGA-DU-7304,BraTS19_TCIA10_282_1
LGG,Brats18_TCIA10_307_1,Brats18_TCIA10_307_1,MICCAI_BraTS2020_TrainingData,/home/feiner/datasets/BraTS/ssn/MICCAI_BraTS2020_TrainingData/BraTS20_Training_294/BraTS20_Training_294_seg.nii.gz,/home/feiner/datasets/BraTS/ssn/MICCAI_BraTS2020_TrainingData/BraTS20_Training_294/BraTS20_Training_294_brain_mask.nii.gz,/home/feiner/datasets/BraTS/ssn/MICCAI_BraTS2020_TrainingData/BraTS20_Training_294/BraTS20_Training_294_flair.nii.gz,/home/feiner/datasets/BraTS/ssn/MICCAI_BraTS2020_TrainingData/BraTS20_Training_294/BraTS20_Training_294_t1.nii.gz,/home/feiner/datasets/BraTS/ssn/MICCAI_BraTS2020_TrainingData/BraTS20_Training_294/BraTS20_Training_294_t1ce.nii.gz,/home/feiner/datasets/BraTS/ssn/MICCAI_BraTS2020_TrainingData/BraTS20_Training_294/BraTS20_Training_294_t2.nii.gz,True,,BraTS20_Training_294,Brats17_TCIA_307_1,TCGA-DU-7019,BraTS19_TCIA10_307_1
LGG,Brats18_TCIA10_310_1,Brats18_TCIA10_310_1,MICCAI_BraTS2020_TrainingData,/home/feiner/datasets/BraTS/ssn/MICCAI_BraTS2020_TrainingData/BraTS20_Training_304/BraTS20_Training_304_seg.nii.gz,/home/feiner/datasets/BraTS/ssn/MICCAI_BraTS2020_TrainingData/BraTS20_Training_304/BraTS20_Training_304_brain_mask.nii.gz,/home/feiner/datasets/BraTS/ssn/MICCAI_BraTS2020_TrainingData/BraTS20_Training_304/BraTS20_Training_304_flair.nii.gz,/home/feiner/datasets/BraTS/ssn/MICCAI_BraTS2020_TrainingData/BraTS20_Training_304/BraTS20_Training_304_t1.nii.gz,/home/feiner/datasets/BraTS/ssn/MICCAI_BraTS2020_TrainingData/BraTS20_Training_304/BraTS20_Training_304_t1ce.nii.gz,/home/feiner/datasets/BraTS/ssn/MICCAI_BraTS2020_TrainingData/BraTS20_Training_304/BraTS20_Training_304_t2.nii.gz,True,,BraTS20_Training_304,Brats17_TCIA_310_1,TCGA-DU-8162,BraTS19_TCIA10_310_1
LGG,Brats18_TCIA10_330_1,Brats18_TCIA10_330_1,MICCAI_BraTS2020_TrainingData,/home/feiner/datasets/BraTS/ssn/MICCAI_BraTS2020_TrainingData/BraTS20_Training_292/BraTS20_Training_292_seg.nii.gz,/home/feiner/datasets/BraTS/ssn/MICCAI_BraTS2020_TrainingData/BraTS20_Training_292/BraTS20_Training_292_brain_mask.nii.gz,/home/feiner/datasets/BraTS/ssn/MICCAI_BraTS2020_TrainingData/BraTS20_Training_292/BraTS20_Training_292_flair.nii.gz,/home/feiner/datasets/BraTS/ssn/MICCAI_BraTS2020_TrainingData/BraTS20_Training_292/BraTS20_Training_292_t1.nii.gz,/home/feiner/datasets/BraTS/ssn/MICCAI_BraTS2020_TrainingData/BraTS20_Training_292/BraTS20_Training_292_t1ce.nii.gz,/home/feiner/datasets/BraTS/ssn/MICCAI_BraTS2020_TrainingData/BraTS20_Training_292/BraTS20_Training_292_t2.nii.gz,True,,BraTS20_Training_292,Brats17_TCIA_330_1,TCGA-DU-7015,BraTS19_TCIA10_330_1
LGG,Brats18_TCIA10_351_1,Brats18_TCIA10_351_1,MICCAI_BraTS2020_TrainingData,/home/feiner/datasets/BraTS/ssn/MICCAI_BraTS2020_TrainingData/BraTS20_Training_306/BraTS20_Training_306_seg.nii.gz,/home/feiner/datasets/BraTS/ssn/MICCAI_BraTS2020_TrainingData/BraTS20_Training_306/BraTS20_Training_306_brain_mask.nii.gz,/home/feiner/datasets/BraTS/ssn/MICCAI_BraTS2020_TrainingData/BraTS20_Training_306/BraTS20_Training_306_flair.nii.gz,/home/feiner/datasets/BraTS/ssn/MICCAI_BraTS2020_TrainingData/BraTS20_Training_306/BraTS20_Training_306_t1.nii.gz,/home/feiner/datasets/BraTS/ssn/MICCAI_BraTS2020_TrainingData/BraTS20_Training_306/BraTS20_Training_306_t1ce.nii.gz,/home/feiner/datasets/BraTS/ssn/MICCAI_BraTS2020_TrainingData/BraTS20_Training_306/BraTS20_Training_306_t2.nii.gz,True,,BraTS20_Training_306,Brats17_TCIA_351_1,TCGA-DU-8166,BraTS19_TCIA10_351_1
LGG,Brats18_TCIA10_393_1,Brats18_TCIA10_393_1,MICCAI_BraTS2020_TrainingData,/home/feiner/datasets/BraTS/ssn/MICCAI_BraTS2020_TrainingData/BraTS20_Training_284/BraTS20_Training_284_seg.nii.gz,/home/feiner/datasets/BraTS/ssn/MICCAI_BraTS2020_TrainingData/BraTS20_Training_284/BraTS20_Training_284_brain_mask.nii.gz,/home/feiner/datasets/BraTS/ssn/MICCAI_BraTS2020_TrainingData/BraTS20_Training_284/BraTS20_Training_284_flair.nii.gz,/home/feiner/datasets/BraTS/ssn/MICCAI_BraTS2020_TrainingData/BraTS20_Training_284/BraTS20_Training_284_t1.nii.gz,/home/feiner/datasets/BraTS/ssn/MICCAI_BraTS2020_TrainingData/BraTS20_Training_284/BraTS20_Training_284_t1ce.nii.gz,/home/feiner/datasets/BraTS/ssn/MICCAI_BraTS2020_TrainingData/BraTS20_Training_284/BraTS20_Training_284_t2.nii.gz,True,,BraTS20_Training_284,Brats17_TCIA_393_1,TCGA-DU-5855,BraTS19_TCIA10_393_1
LGG,Brats18_TCIA10_410_1,Brats18_TCIA10_410_1,MICCAI_BraTS2020_TrainingData,/home/feiner/datasets/BraTS/ssn/MICCAI_BraTS2020_TrainingData/BraTS20_Training_293/BraTS20_Training_293_seg.nii.gz,/home/feiner/datasets/BraTS/ssn/MICCAI_BraTS2020_TrainingData/BraTS20_Training_293/BraTS20_Training_293_brain_mask.nii.gz,/home/feiner/datasets/BraTS/ssn/MICCAI_BraTS2020_TrainingData/BraTS20_Training_293/BraTS20_Training_293_flair.nii.gz,/home/feiner/datasets/BraTS/ssn/MICCAI_BraTS2020_TrainingData/BraTS20_Training_293/BraTS20_Training_293_t1.nii.gz,/home/feiner/datasets/BraTS/ssn/MICCAI_BraTS2020_TrainingData/BraTS20_Training_293/BraTS20_Training_293_t1ce.nii.gz,/home/feiner/datasets/BraTS/ssn/MICCAI_BraTS2020_TrainingData/BraTS20_Training_293/BraTS20_Training_293_t2.nii.gz,True,,BraTS20_Training_293,Brats17_TCIA_410_1,TCGA-DU-7018,BraTS19_TCIA10_410_1
LGG,Brats18_TCIA10_413_1,Brats18_TCIA10_413_1,MICCAI_BraTS2020_TrainingData,/home/feiner/datasets/BraTS/ssn/MICCAI_BraTS2020_TrainingData/BraTS20_Training_297/BraTS20_Training_297_seg.nii.gz,/home/feiner/datasets/BraTS/ssn/MICCAI_BraTS2020_TrainingData/BraTS20_Training_297/BraTS20_Training_297_brain_mask.nii.gz,/home/feiner/datasets/BraTS/ssn/MICCAI_BraTS2020_TrainingData/BraTS20_Training_297/BraTS20_Training_297_flair.nii.gz,/home/feiner/datasets/BraTS/ssn/MICCAI_BraTS2020_TrainingData/BraTS20_Training_297/BraTS20_Training_297_t1.nii.gz,/home/feiner/datasets/BraTS/ssn/MICCAI_BraTS2020_TrainingData/BraTS20_Training_297/BraTS20_Training_297_t1ce.nii.gz,/home/feiner/datasets/BraTS/ssn/MICCAI_BraTS2020_TrainingData/BraTS20_Training_297/BraTS20_Training_297_t2.nii.gz,True,,BraTS20_Training_297,Brats17_TCIA_413_1,TCGA-DU-7299,BraTS19_TCIA10_413_1
LGG,Brats18_TCIA10_442_1,Brats18_TCIA10_442_1,MICCAI_BraTS2020_TrainingData,/home/feiner/datasets/BraTS/ssn/MICCAI_BraTS2020_TrainingData/BraTS20_Training_302/BraTS20_Training_302_seg.nii.gz,/home/feiner/datasets/BraTS/ssn/MICCAI_BraTS2020_TrainingData/BraTS20_Training_302/BraTS20_Training_302_brain_mask.nii.gz,/home/feiner/datasets/BraTS/ssn/MICCAI_BraTS2020_TrainingData/BraTS20_Training_302/BraTS20_Training_302_flair.nii.gz,/home/feiner/datasets/BraTS/ssn/MICCAI_BraTS2020_TrainingData/BraTS20_Training_302/BraTS20_Training_302_t1.nii.gz,/home/feiner/datasets/BraTS/ssn/MICCAI_BraTS2020_TrainingData/BraTS20_Training_302/BraTS20_Training_302_t1ce.nii.gz,/home/feiner/datasets/BraTS/ssn/MICCAI_BraTS2020_TrainingData/BraTS20_Training_302/BraTS20_Training_302_t2.nii.gz,True,,BraTS20_Training_302,Brats17_TCIA_442_1,TCGA-DU-7306,BraTS19_TCIA10_442_1
LGG,Brats18_TCIA10_449_1,Brats18_TCIA10_449_1,MICCAI_BraTS2020_TrainingData,/home/feiner/datasets/BraTS/ssn/MICCAI_BraTS2020_TrainingData/BraTS20_Training_287/BraTS20_Training_287_seg.nii.gz,/home/feiner/datasets/BraTS/ssn/MICCAI_BraTS2020_TrainingData/BraTS20_Training_287/BraTS20_Training_287_brain_mask.nii.gz,/home/feiner/datasets/BraTS/ssn/MICCAI_BraTS2020_TrainingData/BraTS20_Training_287/BraTS20_Training_287_flair.nii.gz,/home/feiner/datasets/BraTS/ssn/MICCAI_BraTS2020_TrainingData/BraTS20_Training_287/BraTS20_Training_287_t1.nii.gz,/home/feiner/datasets/BraTS/ssn/MICCAI_BraTS2020_TrainingData/BraTS20_Training_287/BraTS20_Training_287_t1ce.nii.gz,/home/feiner/datasets/BraTS/ssn/MICCAI_BraTS2020_TrainingData/BraTS20_Training_287/BraTS20_Training_287_t2.nii.gz,True,,BraTS20_Training_287,Brats17_TCIA_449_1,TCGA-DU-6404,BraTS19_TCIA10_449_1
LGG,Brats18_TCIA10_490_1,Brats18_TCIA10_490_1,MICCAI_BraTS2020_TrainingData,/home/feiner/datasets/BraTS/ssn/MICCAI_BraTS2020_TrainingData/BraTS20_Training_285/BraTS20_Training_285_seg.nii.gz,/home/feiner/datasets/BraTS/ssn/MICCAI_BraTS2020_TrainingData/BraTS20_Training_285/BraTS20_Training_285_brain_mask.nii.gz,/home/feiner/datasets/BraTS/ssn/MICCAI_BraTS2020_TrainingData/BraTS20_Training_285/BraTS20_Training_285_flair.nii.gz,/home/feiner/datasets/BraTS/ssn/MICCAI_BraTS2020_TrainingData/BraTS20_Training_285/BraTS20_Training_285_t1.nii.gz,/home/feiner/datasets/BraTS/ssn/MICCAI_BraTS2020_TrainingData/BraTS20_Training_285/BraTS20_Training_285_t1ce.nii.gz,/home/feiner/datasets/BraTS/ssn/MICCAI_BraTS2020_TrainingData/BraTS20_Training_285/BraTS20_Training_285_t2.nii.gz,True,,BraTS20_Training_285,Brats17_TCIA_490_1,TCGA-DU-5872,BraTS19_TCIA10_490_1
LGG,Brats18_TCIA10_625_1,Brats18_TCIA10_625_1,MICCAI_BraTS2020_TrainingData,/home/feiner/datasets/BraTS/ssn/MICCAI_BraTS2020_TrainingData/BraTS20_Training_310/BraTS20_Training_310_seg.nii.gz,/home/feiner/datasets/BraTS/ssn/MICCAI_BraTS2020_TrainingData/BraTS20_Training_310/BraTS20_Training_310_brain_mask.nii.gz,/home/feiner/datasets/BraTS/ssn/MICCAI_BraTS2020_TrainingData/BraTS20_Training_310/BraTS20_Training_310_flair.nii.gz,/home/feiner/datasets/BraTS/ssn/MICCAI_BraTS2020_TrainingData/BraTS20_Training_310/BraTS20_Training_310_t1.nii.gz,/home/feiner/datasets/BraTS/ssn/MICCAI_BraTS2020_TrainingData/BraTS20_Training_310/BraTS20_Training_310_t1ce.nii.gz,/home/feiner/datasets/BraTS/ssn/MICCAI_BraTS2020_TrainingData/BraTS20_Training_310/BraTS20_Training_310_t2.nii.gz,True,,BraTS20_Training_310,Brats17_TCIA_625_1,TCGA-DU-A5TS,BraTS19_TCIA10_625_1
LGG,Brats18_TCIA10_628_1,Brats18_TCIA10_628_1,MICCAI_BraTS2020_TrainingData,/home/feiner/datasets/BraTS/ssn/MICCAI_BraTS2020_TrainingData/BraTS20_Training_309/BraTS20_Training_309_seg.nii.gz,/home/feiner/datasets/BraTS/ssn/MICCAI_BraTS2020_TrainingData/BraTS20_Training_309/BraTS20_Training_309_brain_mask.nii.gz,/home/feiner/datasets/BraTS/ssn/MICCAI_BraTS2020_TrainingData/BraTS20_Training_309/BraTS20_Training_309_flair.nii.gz,/home/feiner/datasets/BraTS/ssn/MICCAI_BraTS2020_TrainingData/BraTS20_Training_309/BraTS20_Training_309_t1.nii.gz,/home/feiner/datasets/BraTS/ssn/MICCAI_BraTS2020_TrainingData/BraTS20_Training_309/BraTS20_Training_309_t1ce.nii.gz,/home/feiner/datasets/BraTS/ssn/MICCAI_BraTS2020_TrainingData/BraTS20_Training_309/BraTS20_Training_309_t2.nii.gz,True,,BraTS20_Training_309,Brats17_TCIA_628_1,TCGA-DU-A5TR,BraTS19_TCIA10_628_1
LGG,Brats18_TCIA10_632_1,Brats18_TCIA10_632_1,MICCAI_BraTS2020_TrainingData,/home/feiner/datasets/BraTS/ssn/MICCAI_BraTS2020_TrainingData/BraTS20_Training_315/BraTS20_Training_315_seg.nii.gz,/home/feiner/datasets/BraTS/ssn/MICCAI_BraTS2020_TrainingData/BraTS20_Training_315/BraTS20_Training_315_brain_mask.nii.gz,/home/feiner/datasets/BraTS/ssn/MICCAI_BraTS2020_TrainingData/BraTS20_Training_315/BraTS20_Training_315_flair.nii.gz,/home/feiner/datasets/BraTS/ssn/MICCAI_BraTS2020_TrainingData/BraTS20_Training_315/BraTS20_Training_315_t1.nii.gz,/home/feiner/datasets/BraTS/ssn/MICCAI_BraTS2020_TrainingData/BraTS20_Training_315/BraTS20_Training_315_t1ce.nii.gz,/home/feiner/datasets/BraTS/ssn/MICCAI_BraTS2020_TrainingData/BraTS20_Training_315/BraTS20_Training_315_t2.nii.gz,True,,BraTS20_Training_315,Brats17_TCIA_632_1,TCGA-DU-A6S7,BraTS19_TCIA10_632_1
LGG,Brats18_TCIA10_637_1,Brats18_TCIA10_637_1,MICCAI_BraTS2020_TrainingData,/home/feiner/datasets/BraTS/ssn/MICCAI_BraTS2020_TrainingData/BraTS20_Training_316/BraTS20_Training_316_seg.nii.gz,/home/feiner/datasets/BraTS/ssn/MICCAI_BraTS2020_TrainingData/BraTS20_Training_316/BraTS20_Training_316_brain_mask.nii.gz,/home/feiner/datasets/BraTS/ssn/MICCAI_BraTS2020_TrainingData/BraTS20_Training_316/BraTS20_Training_316_flair.nii.gz,/home/feiner/datasets/BraTS/ssn/MICCAI_BraTS2020_TrainingData/BraTS20_Training_316/BraTS20_Training_316_t1.nii.gz,/home/feiner/datasets/BraTS/ssn/MICCAI_BraTS2020_TrainingData/BraTS20_Training_316/BraTS20_Training_316_t1ce.nii.gz,/home/feiner/datasets/BraTS/ssn/MICCAI_BraTS2020_TrainingData/BraTS20_Training_316/BraTS20_Training_316_t2.nii.gz,True,,BraTS20_Training_316,Brats17_TCIA_637_1,TCGA-DU-A6S8,BraTS19_TCIA10_637_1
LGG,Brats18_TCIA10_639_1,Brats18_TCIA10_639_1,MICCAI_BraTS2020_TrainingData,/home/feiner/datasets/BraTS/ssn/MICCAI_BraTS2020_TrainingData/BraTS20_Training_313/BraTS20_Training_313_seg.nii.gz,/home/feiner/datasets/BraTS/ssn/MICCAI_BraTS2020_TrainingData/BraTS20_Training_313/BraTS20_Training_313_brain_mask.nii.gz,/home/feiner/datasets/BraTS/ssn/MICCAI_BraTS2020_TrainingData/BraTS20_Training_313/BraTS20_Training_313_flair.nii.gz,/home/feiner/datasets/BraTS/ssn/MICCAI_BraTS2020_TrainingData/BraTS20_Training_313/BraTS20_Training_313_t1.nii.gz,/home/feiner/datasets/BraTS/ssn/MICCAI_BraTS2020_TrainingData/BraTS20_Training_313/BraTS20_Training_313_t1ce.nii.gz,/home/feiner/datasets/BraTS/ssn/MICCAI_BraTS2020_TrainingData/BraTS20_Training_313/BraTS20_Training_313_t2.nii.gz,True,,BraTS20_Training_313,Brats17_TCIA_639_1,TCGA-DU-A5TW,BraTS19_TCIA10_639_1
LGG,Brats18_TCIA10_640_1,Brats18_TCIA10_640_1,MICCAI_BraTS2020_TrainingData,/home/feiner/datasets/BraTS/ssn/MICCAI_BraTS2020_TrainingData/BraTS20_Training_311/BraTS20_Training_311_seg.nii.gz,/home/feiner/datasets/BraTS/ssn/MICCAI_BraTS2020_TrainingData/BraTS20_Training_311/BraTS20_Training_311_brain_mask.nii.gz,/home/feiner/datasets/BraTS/ssn/MICCAI_BraTS2020_TrainingData/BraTS20_Training_311/BraTS20_Training_311_flair.nii.gz,/home/feiner/datasets/BraTS/ssn/MICCAI_BraTS2020_TrainingData/BraTS20_Training_311/BraTS20_Training_311_t1.nii.gz,/home/feiner/datasets/BraTS/ssn/MICCAI_BraTS2020_TrainingData/BraTS20_Training_311/BraTS20_Training_311_t1ce.nii.gz,/home/feiner/datasets/BraTS/ssn/MICCAI_BraTS2020_TrainingData/BraTS20_Training_311/BraTS20_Training_311_t2.nii.gz,True,,BraTS20_Training_311,Brats17_TCIA_640_1,TCGA-DU-A5TT,BraTS19_TCIA10_640_1
LGG,Brats18_TCIA10_644_1,Brats18_TCIA10_644_1,MICCAI_BraTS2020_TrainingData,/home/feiner/datasets/BraTS/ssn/MICCAI_BraTS2020_TrainingData/BraTS20_Training_312/BraTS20_Training_312_seg.nii.gz,/home/feiner/datasets/BraTS/ssn/MICCAI_BraTS2020_TrainingData/BraTS20_Training_312/BraTS20_Training_312_brain_mask.nii.gz,/home/feiner/datasets/BraTS/ssn/MICCAI_BraTS2020_TrainingData/BraTS20_Training_312/BraTS20_Training_312_flair.nii.gz,/home/feiner/datasets/BraTS/ssn/MICCAI_BraTS2020_TrainingData/BraTS20_Training_312/BraTS20_Training_312_t1.nii.gz,/home/feiner/datasets/BraTS/ssn/MICCAI_BraTS2020_TrainingData/BraTS20_Training_312/BraTS20_Training_312_t1ce.nii.gz,/home/feiner/datasets/BraTS/ssn/MICCAI_BraTS2020_TrainingData/BraTS20_Training_312/BraTS20_Training_312_t2.nii.gz,True,,BraTS20_Training_312,Brats17_TCIA_644_1,TCGA-DU-A5TU,BraTS19_TCIA10_644_1
LGG,Brats18_TCIA12_298_1,Brats18_TCIA12_298_1,MICCAI_BraTS2020_TrainingData,/home/feiner/datasets/BraTS/ssn/MICCAI_BraTS2020_TrainingData/BraTS20_Training_319/BraTS20_Training_319_seg.nii.gz,/home/feiner/datasets/BraTS/ssn/MICCAI_BraTS2020_TrainingData/BraTS20_Training_319/BraTS20_Training_319_brain_mask.nii.gz,/home/feiner/datasets/BraTS/ssn/MICCAI_BraTS2020_TrainingData/BraTS20_Training_319/BraTS20_Training_319_flair.nii.gz,/home/feiner/datasets/BraTS/ssn/MICCAI_BraTS2020_TrainingData/BraTS20_Training_319/BraTS20_Training_319_t1.nii.gz,/home/feiner/datasets/BraTS/ssn/MICCAI_BraTS2020_TrainingData/BraTS20_Training_319/BraTS20_Training_319_t1ce.nii.gz,/home/feiner/datasets/BraTS/ssn/MICCAI_BraTS2020_TrainingData/BraTS20_Training_319/BraTS20_Training_319_t2.nii.gz,True,,BraTS20_Training_319,Brats17_TCIA_298_1,TCGA-FG-6691,BraTS19_TCIA12_298_1
LGG,Brats18_TCIA12_466_1,Brats18_TCIA12_466_1,MICCAI_BraTS2020_TrainingData,/home/feiner/datasets/BraTS/ssn/MICCAI_BraTS2020_TrainingData/BraTS20_Training_321/BraTS20_Training_321_seg.nii.gz,/home/feiner/datasets/BraTS/ssn/MICCAI_BraTS2020_TrainingData/BraTS20_Training_321/BraTS20_Training_321_brain_mask.nii.gz,/home/feiner/datasets/BraTS/ssn/MICCAI_BraTS2020_TrainingData/BraTS20_Training_321/BraTS20_Training_321_flair.nii.gz,/home/feiner/datasets/BraTS/ssn/MICCAI_BraTS2020_TrainingData/BraTS20_Training_321/BraTS20_Training_321_t1.nii.gz,/home/feiner/datasets/BraTS/ssn/MICCAI_BraTS2020_TrainingData/BraTS20_Training_321/BraTS20_Training_321_t1ce.nii.gz,/home/feiner/datasets/BraTS/ssn/MICCAI_BraTS2020_TrainingData/BraTS20_Training_321/BraTS20_Training_321_t2.nii.gz,True,,BraTS20_Training_321,Brats17_TCIA_466_1,TCGA-FG-7634,BraTS19_TCIA12_466_1
LGG,Brats18_TCIA12_470_1,Brats18_TCIA12_470_1,MICCAI_BraTS2020_TrainingData,/home/feiner/datasets/BraTS/ssn/MICCAI_BraTS2020_TrainingData/BraTS20_Training_317/BraTS20_Training_317_seg.nii.gz,/home/feiner/datasets/BraTS/ssn/MICCAI_BraTS2020_TrainingData/BraTS20_Training_317/BraTS20_Training_317_brain_mask.nii.gz,/home/feiner/datasets/BraTS/ssn/MICCAI_BraTS2020_TrainingData/BraTS20_Training_317/BraTS20_Training_317_flair.nii.gz,/home/feiner/datasets/BraTS/ssn/MICCAI_BraTS2020_TrainingData/BraTS20_Training_317/BraTS20_Training_317_t1.nii.gz,/home/feiner/datasets/BraTS/ssn/MICCAI_BraTS2020_TrainingData/BraTS20_Training_317/BraTS20_Training_317_t1ce.nii.gz,/home/feiner/datasets/BraTS/ssn/MICCAI_BraTS2020_TrainingData/BraTS20_Training_317/BraTS20_Training_317_t2.nii.gz,True,,BraTS20_Training_317,Brats17_TCIA_470_1,TCGA-FG-5964,BraTS19_TCIA12_470_1
LGG,Brats18_TCIA12_480_1,Brats18_TCIA12_480_1,MICCAI_BraTS2020_TrainingData,/home/feiner/datasets/BraTS/ssn/MICCAI_BraTS2020_TrainingData/BraTS20_Training_318/BraTS20_Training_318_seg.nii.gz,/home/feiner/datasets/BraTS/ssn/MICCAI_BraTS2020_TrainingData/BraTS20_Training_318/BraTS20_Training_318_brain_mask.nii.gz,/home/feiner/datasets/BraTS/ssn/MICCAI_BraTS2020_TrainingData/BraTS20_Training_318/BraTS20_Training_318_flair.nii.gz,/home/feiner/datasets/BraTS/ssn/MICCAI_BraTS2020_TrainingData/BraTS20_Training_318/BraTS20_Training_318_t1.nii.gz,/home/feiner/datasets/BraTS/ssn/MICCAI_BraTS2020_TrainingData/BraTS20_Training_318/BraTS20_Training_318_t1ce.nii.gz,/home/feiner/datasets/BraTS/ssn/MICCAI_BraTS2020_TrainingData/BraTS20_Training_318/BraTS20_Training_318_t2.nii.gz,True,,BraTS20_Training_318,Brats17_TCIA_480_1,TCGA-FG-6689,BraTS19_TCIA12_480_1
LGG,Brats18_TCIA13_615_1,Brats18_TCIA13_615_1,MICCAI_BraTS2020_TrainingData,/home/feiner/datasets/BraTS/ssn/MICCAI_BraTS2020_TrainingData/BraTS20_Training_326/BraTS20_Training_326_seg.nii.gz,/home/feiner/datasets/BraTS/ssn/MICCAI_BraTS2020_TrainingData/BraTS20_Training_326/BraTS20_Training_326_brain_mask.nii.gz,/home/feiner/datasets/BraTS/ssn/MICCAI_BraTS2020_TrainingData/BraTS20_Training_326/BraTS20_Training_326_flair.nii.gz,/home/feiner/datasets/BraTS/ssn/MICCAI_BraTS2020_TrainingData/BraTS20_Training_326/BraTS20_Training_326_t1.nii.gz,/home/feiner/datasets/BraTS/ssn/MICCAI_BraTS2020_TrainingData/BraTS20_Training_326/BraTS20_Training_326_t1ce.nii.gz,/home/feiner/datasets/BraTS/ssn/MICCAI_BraTS2020_TrainingData/BraTS20_Training_326/BraTS20_Training_326_t2.nii.gz,True,,BraTS20_Training_326,Brats17_TCIA_615_1,TCGA-HT-7686,BraTS19_TCIA13_615_1
LGG,Brats18_TCIA13_618_1,Brats18_TCIA13_618_1,MICCAI_BraTS2020_TrainingData,/home/feiner/datasets/BraTS/ssn/MICCAI_BraTS2020_TrainingData/BraTS20_Training_324/BraTS20_Training_324_seg.nii.gz,/home/feiner/datasets/BraTS/ssn/MICCAI_BraTS2020_TrainingData/BraTS20_Training_324/BraTS20_Training_324_brain_mask.nii.gz,/home/feiner/datasets/BraTS/ssn/MICCAI_BraTS2020_TrainingData/BraTS20_Training_324/BraTS20_Training_324_flair.nii.gz,/home/feiner/datasets/BraTS/ssn/MICCAI_BraTS2020_TrainingData/BraTS20_Training_324/BraTS20_Training_324_t1.nii.gz,/home/feiner/datasets/BraTS/ssn/MICCAI_BraTS2020_TrainingData/BraTS20_Training_324/BraTS20_Training_324_t1ce.nii.gz,/home/feiner/datasets/BraTS/ssn/MICCAI_BraTS2020_TrainingData/BraTS20_Training_324/BraTS20_Training_324_t2.nii.gz,True,,BraTS20_Training_324,Brats17_TCIA_618_1,TCGA-HT-7602,BraTS19_TCIA13_618_1
LGG,Brats18_TCIA13_623_1,Brats18_TCIA13_623_1,MICCAI_BraTS2020_TrainingData,/home/feiner/datasets/BraTS/ssn/MICCAI_BraTS2020_TrainingData/BraTS20_Training_323/BraTS20_Training_323_seg.nii.gz,/home/feiner/datasets/BraTS/ssn/MICCAI_BraTS2020_TrainingData/BraTS20_Training_323/BraTS20_Training_323_brain_mask.nii.gz,/home/feiner/datasets/BraTS/ssn/MICCAI_BraTS2020_TrainingData/BraTS20_Training_323/BraTS20_Training_323_flair.nii.gz,/home/feiner/datasets/BraTS/ssn/MICCAI_BraTS2020_TrainingData/BraTS20_Training_323/BraTS20_Training_323_t1.nii.gz,/home/feiner/datasets/BraTS/ssn/MICCAI_BraTS2020_TrainingData/BraTS20_Training_323/BraTS20_Training_323_t1ce.nii.gz,/home/feiner/datasets/BraTS/ssn/MICCAI_BraTS2020_TrainingData/BraTS20_Training_323/BraTS20_Training_323_t2.nii.gz,True,,BraTS20_Training_323,Brats17_TCIA_623_1,TCGA-HT-7473,BraTS19_TCIA13_623_1
LGG,Brats18_TCIA13_633_1,Brats18_TCIA13_633_1,MICCAI_BraTS2020_TrainingData,/home/feiner/datasets/BraTS/ssn/MICCAI_BraTS2020_TrainingData/BraTS20_Training_328/BraTS20_Training_328_seg.nii.gz,/home/feiner/datasets/BraTS/ssn/MICCAI_BraTS2020_TrainingData/BraTS20_Training_328/BraTS20_Training_328_brain_mask.nii.gz,/home/feiner/datasets/BraTS/ssn/MICCAI_BraTS2020_TrainingData/BraTS20_Training_328/BraTS20_Training_328_flair.nii.gz,/home/feiner/datasets/BraTS/ssn/MICCAI_BraTS2020_TrainingData/BraTS20_Training_328/BraTS20_Training_328_t1.nii.gz,/home/feiner/datasets/BraTS/ssn/MICCAI_BraTS2020_TrainingData/BraTS20_Training_328/BraTS20_Training_328_t1ce.nii.gz,/home/feiner/datasets/BraTS/ssn/MICCAI_BraTS2020_TrainingData/BraTS20_Training_328/BraTS20_Training_328_t2.nii.gz,True,,BraTS20_Training_328,Brats17_TCIA_633_1,TCGA-HT-7694,BraTS19_TCIA13_633_1
LGG,Brats18_TCIA13_645_1,Brats18_TCIA13_645_1,MICCAI_BraTS2020_TrainingData,/home/feiner/datasets/BraTS/ssn/MICCAI_BraTS2020_TrainingData/BraTS20_Training_329/BraTS20_Training_329_seg.nii.gz,/home/feiner/datasets/BraTS/ssn/MICCAI_BraTS2020_TrainingData/BraTS20_Training_329/BraTS20_Training_329_brain_mask.nii.gz,/home/feiner/datasets/BraTS/ssn/MICCAI_BraTS2020_TrainingData/BraTS20_Training_329/BraTS20_Training_329_flair.nii.gz,/home/feiner/datasets/BraTS/ssn/MICCAI_BraTS2020_TrainingData/BraTS20_Training_329/BraTS20_Training_329_t1.nii.gz,/home/feiner/datasets/BraTS/ssn/MICCAI_BraTS2020_TrainingData/BraTS20_Training_329/BraTS20_Training_329_t1ce.nii.gz,/home/feiner/datasets/BraTS/ssn/MICCAI_BraTS2020_TrainingData/BraTS20_Training_329/BraTS20_Training_329_t2.nii.gz,True,,BraTS20_Training_329,Brats17_TCIA_645_1,TCGA-HT-7879,BraTS19_TCIA13_645_1
HGG,Brats18_2013_21_1,Brats18_2013_21_1,MICCAI_BraTS2020_TrainingData,/home/feiner/datasets/BraTS/ssn/MICCAI_BraTS2020_TrainingData/BraTS20_Training_133/BraTS20_Training_133_seg.nii.gz,/home/feiner/datasets/BraTS/ssn/MICCAI_BraTS2020_TrainingData/BraTS20_Training_133/BraTS20_Training_133_brain_mask.nii.gz,/home/feiner/datasets/BraTS/ssn/MICCAI_BraTS2020_TrainingData/BraTS20_Training_133/BraTS20_Training_133_flair.nii.gz,/home/feiner/datasets/BraTS/ssn/MICCAI_BraTS2020_TrainingData/BraTS20_Training_133/BraTS20_Training_133_t1.nii.gz,/home/feiner/datasets/BraTS/ssn/MICCAI_BraTS2020_TrainingData/BraTS20_Training_133/BraTS20_Training_133_t1ce.nii.gz,/home/feiner/datasets/BraTS/ssn/MICCAI_BraTS2020_TrainingData/BraTS20_Training_133/BraTS20_Training_133_t2.nii.gz,True,,BraTS20_Training_133,Brats17_2013_21_1,,BraTS19_2013_21_1
HGG,Brats18_2013_22_1,Brats18_2013_22_1,MICCAI_BraTS2020_TrainingData,/home/feiner/datasets/BraTS/ssn/MICCAI_BraTS2020_TrainingData/BraTS20_Training_149/BraTS20_Training_149_seg.nii.gz,/home/feiner/datasets/BraTS/ssn/MICCAI_BraTS2020_TrainingData/BraTS20_Training_149/BraTS20_Training_149_brain_mask.nii.gz,/home/feiner/datasets/BraTS/ssn/MICCAI_BraTS2020_TrainingData/BraTS20_Training_149/BraTS20_Training_149_flair.nii.gz,/home/feiner/datasets/BraTS/ssn/MICCAI_BraTS2020_TrainingData/BraTS20_Training_149/BraTS20_Training_149_t1.nii.gz,/home/feiner/datasets/BraTS/ssn/MICCAI_BraTS2020_TrainingData/BraTS20_Training_149/BraTS20_Training_149_t1ce.nii.gz,/home/feiner/datasets/BraTS/ssn/MICCAI_BraTS2020_TrainingData/BraTS20_Training_149/BraTS20_Training_149_t2.nii.gz,True,,BraTS20_Training_149,Brats17_2013_22_1,,BraTS19_2013_22_1
HGG,Brats18_2013_3_1,Brats18_2013_3_1,MICCAI_BraTS2020_TrainingData,/home/feiner/datasets/BraTS/ssn/MICCAI_BraTS2020_TrainingData/BraTS20_Training_146/BraTS20_Training_146_seg.nii.gz,/home/feiner/datasets/BraTS/ssn/MICCAI_BraTS2020_TrainingData/BraTS20_Training_146/BraTS20_Training_146_brain_mask.nii.gz,/home/feiner/datasets/BraTS/ssn/MICCAI_BraTS2020_TrainingData/BraTS20_Training_146/BraTS20_Training_146_flair.nii.gz,/home/feiner/datasets/BraTS/ssn/MICCAI_BraTS2020_TrainingData/BraTS20_Training_146/BraTS20_Training_146_t1.nii.gz,/home/feiner/datasets/BraTS/ssn/MICCAI_BraTS2020_TrainingData/BraTS20_Training_146/BraTS20_Training_146_t1ce.nii.gz,/home/feiner/datasets/BraTS/ssn/MICCAI_BraTS2020_TrainingData/BraTS20_Training_146/BraTS20_Training_146_t2.nii.gz,True,,BraTS20_Training_146,Brats17_2013_3_1,,BraTS19_2013_3_1
HGG,Brats18_CBICA_AAG_1,Brats18_CBICA_AAG_1,MICCAI_BraTS2020_TrainingData,/home/feiner/datasets/BraTS/ssn/MICCAI_BraTS2020_TrainingData/BraTS20_Training_002/BraTS20_Training_002_seg.nii.gz,/home/feiner/datasets/BraTS/ssn/MICCAI_BraTS2020_TrainingData/BraTS20_Training_002/BraTS20_Training_002_brain_mask.nii.gz,/home/feiner/datasets/BraTS/ssn/MICCAI_BraTS2020_TrainingData/BraTS20_Training_002/BraTS20_Training_002_flair.nii.gz,/home/feiner/datasets/BraTS/ssn/MICCAI_BraTS2020_TrainingData/BraTS20_Training_002/BraTS20_Training_002_t1.nii.gz,/home/feiner/datasets/BraTS/ssn/MICCAI_BraTS2020_TrainingData/BraTS20_Training_002/BraTS20_Training_002_t1ce.nii.gz,/home/feiner/datasets/BraTS/ssn/MICCAI_BraTS2020_TrainingData/BraTS20_Training_002/BraTS20_Training_002_t2.nii.gz,True,,BraTS20_Training_002,Brats17_CBICA_AAG_1,,BraTS19_CBICA_AAG_1
HGG,Brats18_CBICA_ABM_1,Brats18_CBICA_ABM_1,MICCAI_BraTS2020_TrainingData,/home/feiner/datasets/BraTS/ssn/MICCAI_BraTS2020_TrainingData/BraTS20_Training_007/BraTS20_Training_007_seg.nii.gz,/home/feiner/datasets/BraTS/ssn/MICCAI_BraTS2020_TrainingData/BraTS20_Training_007/BraTS20_Training_007_brain_mask.nii.gz,/home/feiner/datasets/BraTS/ssn/MICCAI_BraTS2020_TrainingData/BraTS20_Training_007/BraTS20_Training_007_flair.nii.gz,/home/feiner/datasets/BraTS/ssn/MICCAI_BraTS2020_TrainingData/BraTS20_Training_007/BraTS20_Training_007_t1.nii.gz,/home/feiner/datasets/BraTS/ssn/MICCAI_BraTS2020_TrainingData/BraTS20_Training_007/BraTS20_Training_007_t1ce.nii.gz,/home/feiner/datasets/BraTS/ssn/MICCAI_BraTS2020_TrainingData/BraTS20_Training_007/BraTS20_Training_007_t2.nii.gz,True,,BraTS20_Training_007,Brats17_CBICA_ABM_1,,BraTS19_CBICA_ABM_1
HGG,Brats18_CBICA_AME_1,Brats18_CBICA_AME_1,MICCAI_BraTS2020_TrainingData,/home/feiner/datasets/BraTS/ssn/MICCAI_BraTS2020_TrainingData/BraTS20_Training_014/BraTS20_Training_014_seg.nii.gz,/home/feiner/datasets/BraTS/ssn/MICCAI_BraTS2020_TrainingData/BraTS20_Training_014/BraTS20_Training_014_brain_mask.nii.gz,/home/feiner/datasets/BraTS/ssn/MICCAI_BraTS2020_TrainingData/BraTS20_Training_014/BraTS20_Training_014_flair.nii.gz,/home/feiner/datasets/BraTS/ssn/MICCAI_BraTS2020_TrainingData/BraTS20_Training_014/BraTS20_Training_014_t1.nii.gz,/home/feiner/datasets/BraTS/ssn/MICCAI_BraTS2020_TrainingData/BraTS20_Training_014/BraTS20_Training_014_t1ce.nii.gz,/home/feiner/datasets/BraTS/ssn/MICCAI_BraTS2020_TrainingData/BraTS20_Training_014/BraTS20_Training_014_t2.nii.gz,True,,BraTS20_Training_014,Brats17_CBICA_AME_1,,BraTS19_CBICA_AME_1
HGG,Brats18_CBICA_AOP_1,Brats18_CBICA_AOP_1,MICCAI_BraTS2020_TrainingData,/home/feiner/datasets/BraTS/ssn/MICCAI_BraTS2020_TrainingData/BraTS20_Training_023/BraTS20_Training_023_seg.nii.gz,/home/feiner/datasets/BraTS/ssn/MICCAI_BraTS2020_TrainingData/BraTS20_Training_023/BraTS20_Training_023_brain_mask.nii.gz,/home/feiner/datasets/BraTS/ssn/MICCAI_BraTS2020_TrainingData/BraTS20_Training_023/BraTS20_Training_023_flair.nii.gz,/home/feiner/datasets/BraTS/ssn/MICCAI_BraTS2020_TrainingData/BraTS20_Training_023/BraTS20_Training_023_t1.nii.gz,/home/feiner/datasets/BraTS/ssn/MICCAI_BraTS2020_TrainingData/BraTS20_Training_023/BraTS20_Training_023_t1ce.nii.gz,/home/feiner/datasets/BraTS/ssn/MICCAI_BraTS2020_TrainingData/BraTS20_Training_023/BraTS20_Training_023_t2.nii.gz,True,,BraTS20_Training_023,Brats17_CBICA_AOP_1,,BraTS19_CBICA_AOP_1
HGG,Brats18_CBICA_AOZ_1,Brats18_CBICA_AOZ_1,MICCAI_BraTS2020_TrainingData,/home/feiner/datasets/BraTS/ssn/MICCAI_BraTS2020_TrainingData/BraTS20_Training_024/BraTS20_Training_024_seg.nii.gz,/home/feiner/datasets/BraTS/ssn/MICCAI_BraTS2020_TrainingData/BraTS20_Training_024/BraTS20_Training_024_brain_mask.nii.gz,/home/feiner/datasets/BraTS/ssn/MICCAI_BraTS2020_TrainingData/BraTS20_Training_024/BraTS20_Training_024_flair.nii.gz,/home/feiner/datasets/BraTS/ssn/MICCAI_BraTS2020_TrainingData/BraTS20_Training_024/BraTS20_Training_024_t1.nii.gz,/home/feiner/datasets/BraTS/ssn/MICCAI_BraTS2020_TrainingData/BraTS20_Training_024/BraTS20_Training_024_t1ce.nii.gz,/home/feiner/datasets/BraTS/ssn/MICCAI_BraTS2020_TrainingData/BraTS20_Training_024/BraTS20_Training_024_t2.nii.gz,True,,BraTS20_Training_024,Brats17_CBICA_AOZ_1,,BraTS19_CBICA_AOZ_1
HGG,Brats18_CBICA_AQA_1,Brats18_CBICA_AQA_1,MICCAI_BraTS2020_TrainingData,/home/feiner/datasets/BraTS/ssn/MICCAI_BraTS2020_TrainingData/BraTS20_Training_028/BraTS20_Training_028_seg.nii.gz,/home/feiner/datasets/BraTS/ssn/MICCAI_BraTS2020_TrainingData/BraTS20_Training_028/BraTS20_Training_028_brain_mask.nii.gz,/home/feiner/datasets/BraTS/ssn/MICCAI_BraTS2020_TrainingData/BraTS20_Training_028/BraTS20_Training_028_flair.nii.gz,/home/feiner/datasets/BraTS/ssn/MICCAI_BraTS2020_TrainingData/BraTS20_Training_028/BraTS20_Training_028_t1.nii.gz,/home/feiner/datasets/BraTS/ssn/MICCAI_BraTS2020_TrainingData/BraTS20_Training_028/BraTS20_Training_028_t1ce.nii.gz,/home/feiner/datasets/BraTS/ssn/MICCAI_BraTS2020_TrainingData/BraTS20_Training_028/BraTS20_Training_028_t2.nii.gz,True,,BraTS20_Training_028,Brats17_CBICA_AQA_1,,BraTS19_CBICA_AQA_1
HGG,Brats18_CBICA_AQT_1,Brats18_CBICA_AQT_1,MICCAI_BraTS2020_TrainingData,/home/feiner/datasets/BraTS/ssn/MICCAI_BraTS2020_TrainingData/BraTS20_Training_037/BraTS20_Training_037_seg.nii.gz,/home/feiner/datasets/BraTS/ssn/MICCAI_BraTS2020_TrainingData/BraTS20_Training_037/BraTS20_Training_037_brain_mask.nii.gz,/home/feiner/datasets/BraTS/ssn/MICCAI_BraTS2020_TrainingData/BraTS20_Training_037/BraTS20_Training_037_flair.nii.gz,/home/feiner/datasets/BraTS/ssn/MICCAI_BraTS2020_TrainingData/BraTS20_Training_037/BraTS20_Training_037_t1.nii.gz,/home/feiner/datasets/BraTS/ssn/MICCAI_BraTS2020_TrainingData/BraTS20_Training_037/BraTS20_Training_037_t1ce.nii.gz,/home/feiner/datasets/BraTS/ssn/MICCAI_BraTS2020_TrainingData/BraTS20_Training_037/BraTS20_Training_037_t2.nii.gz,True,,BraTS20_Training_037,Brats17_CBICA_AQT_1,,BraTS19_CBICA_AQT_1
HGG,Brats18_CBICA_AQZ_1,Brats18_CBICA_AQZ_1,MICCAI_BraTS2020_TrainingData,/home/feiner/datasets/BraTS/ssn/MICCAI_BraTS2020_TrainingData/BraTS20_Training_041/BraTS20_Training_041_seg.nii.gz,/home/feiner/datasets/BraTS/ssn/MICCAI_BraTS2020_TrainingData/BraTS20_Training_041/BraTS20_Training_041_brain_mask.nii.gz,/home/feiner/datasets/BraTS/ssn/MICCAI_BraTS2020_TrainingData/BraTS20_Training_041/BraTS20_Training_041_flair.nii.gz,/home/feiner/datasets/BraTS/ssn/MICCAI_BraTS2020_TrainingData/BraTS20_Training_041/BraTS20_Training_041_t1.nii.gz,/home/feiner/datasets/BraTS/ssn/MICCAI_BraTS2020_TrainingData/BraTS20_Training_041/BraTS20_Training_041_t1ce.nii.gz,/home/feiner/datasets/BraTS/ssn/MICCAI_BraTS2020_TrainingData/BraTS20_Training_041/BraTS20_Training_041_t2.nii.gz,True,,BraTS20_Training_041,Brats17_CBICA_AQZ_1,,BraTS19_CBICA_AQZ_1
HGG,Brats18_CBICA_ASY_1,Brats18_CBICA_ASY_1,MICCAI_BraTS2020_TrainingData,/home/feiner/datasets/BraTS/ssn/MICCAI_BraTS2020_TrainingData/BraTS20_Training_055/BraTS20_Training_055_seg.nii.gz,/home/feiner/datasets/BraTS/ssn/MICCAI_BraTS2020_TrainingData/BraTS20_Training_055/BraTS20_Training_055_brain_mask.nii.gz,/home/feiner/datasets/BraTS/ssn/MICCAI_BraTS2020_TrainingData/BraTS20_Training_055/BraTS20_Training_055_flair.nii.gz,/home/feiner/datasets/BraTS/ssn/MICCAI_BraTS2020_TrainingData/BraTS20_Training_055/BraTS20_Training_055_t1.nii.gz,/home/feiner/datasets/BraTS/ssn/MICCAI_BraTS2020_TrainingData/BraTS20_Training_055/BraTS20_Training_055_t1ce.nii.gz,/home/feiner/datasets/BraTS/ssn/MICCAI_BraTS2020_TrainingData/BraTS20_Training_055/BraTS20_Training_055_t2.nii.gz,True,,BraTS20_Training_055,Brats17_CBICA_ASY_1,,BraTS19_CBICA_ASY_1
HGG,Brats18_CBICA_ATB_1,Brats18_CBICA_ATB_1,MICCAI_BraTS2020_TrainingData,/home/feiner/datasets/BraTS/ssn/MICCAI_BraTS2020_TrainingData/BraTS20_Training_056/BraTS20_Training_056_seg.nii.gz,/home/feiner/datasets/BraTS/ssn/MICCAI_BraTS2020_TrainingData/BraTS20_Training_056/BraTS20_Training_056_brain_mask.nii.gz,/home/feiner/datasets/BraTS/ssn/MICCAI_BraTS2020_TrainingData/BraTS20_Training_056/BraTS20_Training_056_flair.nii.gz,/home/feiner/datasets/BraTS/ssn/MICCAI_BraTS2020_TrainingData/BraTS20_Training_056/BraTS20_Training_056_t1.nii.gz,/home/feiner/datasets/BraTS/ssn/MICCAI_BraTS2020_TrainingData/BraTS20_Training_056/BraTS20_Training_056_t1ce.nii.gz,/home/feiner/datasets/BraTS/ssn/MICCAI_BraTS2020_TrainingData/BraTS20_Training_056/BraTS20_Training_056_t2.nii.gz,True,,BraTS20_Training_056,Brats17_CBICA_ATB_1,,BraTS19_CBICA_ATB_1
HGG,Brats18_CBICA_AUQ_1,Brats18_CBICA_AUQ_1,MICCAI_BraTS2020_TrainingData,/home/feiner/datasets/BraTS/ssn/MICCAI_BraTS2020_TrainingData/BraTS20_Training_063/BraTS20_Training_063_seg.nii.gz,/home/feiner/datasets/BraTS/ssn/MICCAI_BraTS2020_TrainingData/BraTS20_Training_063/BraTS20_Training_063_brain_mask.nii.gz,/home/feiner/datasets/BraTS/ssn/MICCAI_BraTS2020_TrainingData/BraTS20_Training_063/BraTS20_Training_063_flair.nii.gz,/home/feiner/datasets/BraTS/ssn/MICCAI_BraTS2020_TrainingData/BraTS20_Training_063/BraTS20_Training_063_t1.nii.gz,/home/feiner/datasets/BraTS/ssn/MICCAI_BraTS2020_TrainingData/BraTS20_Training_063/BraTS20_Training_063_t1ce.nii.gz,/home/feiner/datasets/BraTS/ssn/MICCAI_BraTS2020_TrainingData/BraTS20_Training_063/BraTS20_Training_063_t2.nii.gz,True,,BraTS20_Training_063,Brats17_CBICA_AUQ_1,,BraTS19_CBICA_AUQ_1
HGG,Brats18_CBICA_AUR_1,Brats18_CBICA_AUR_1,MICCAI_BraTS2020_TrainingData,/home/feiner/datasets/BraTS/ssn/MICCAI_BraTS2020_TrainingData/BraTS20_Training_064/BraTS20_Training_064_seg.nii.gz,/home/feiner/datasets/BraTS/ssn/MICCAI_BraTS2020_TrainingData/BraTS20_Training_064/BraTS20_Training_064_brain_mask.nii.gz,/home/feiner/datasets/BraTS/ssn/MICCAI_BraTS2020_TrainingData/BraTS20_Training_064/BraTS20_Training_064_flair.nii.gz,/home/feiner/datasets/BraTS/ssn/MICCAI_BraTS2020_TrainingData/BraTS20_Training_064/BraTS20_Training_064_t1.nii.gz,/home/feiner/datasets/BraTS/ssn/MICCAI_BraTS2020_TrainingData/BraTS20_Training_064/BraTS20_Training_064_t1ce.nii.gz,/home/feiner/datasets/BraTS/ssn/MICCAI_BraTS2020_TrainingData/BraTS20_Training_064/BraTS20_Training_064_t2.nii.gz,True,,BraTS20_Training_064,Brats17_CBICA_AUR_1,,BraTS19_CBICA_AUR_1
HGG,Brats18_CBICA_AVJ_1,Brats18_CBICA_AVJ_1,MICCAI_BraTS2020_TrainingData,/home/feiner/datasets/BraTS/ssn/MICCAI_BraTS2020_TrainingData/BraTS20_Training_066/BraTS20_Training_066_seg.nii.gz,/home/feiner/datasets/BraTS/ssn/MICCAI_BraTS2020_TrainingData/BraTS20_Training_066/BraTS20_Training_066_brain_mask.nii.gz,/home/feiner/datasets/BraTS/ssn/MICCAI_BraTS2020_TrainingData/BraTS20_Training_066/BraTS20_Training_066_flair.nii.gz,/home/feiner/datasets/BraTS/ssn/MICCAI_BraTS2020_TrainingData/BraTS20_Training_066/BraTS20_Training_066_t1.nii.gz,/home/feiner/datasets/BraTS/ssn/MICCAI_BraTS2020_TrainingData/BraTS20_Training_066/BraTS20_Training_066_t1ce.nii.gz,/home/feiner/datasets/BraTS/ssn/MICCAI_BraTS2020_TrainingData/BraTS20_Training_066/BraTS20_Training_066_t2.nii.gz,True,,BraTS20_Training_066,Brats17_CBICA_AVJ_1,,BraTS19_CBICA_AVJ_1
HGG,Brats18_CBICA_AVV_1,Brats18_CBICA_AVV_1,MICCAI_BraTS2020_TrainingData,/home/feiner/datasets/BraTS/ssn/MICCAI_BraTS2020_TrainingData/BraTS20_Training_067/BraTS20_Training_067_seg.nii.gz,/home/feiner/datasets/BraTS/ssn/MICCAI_BraTS2020_TrainingData/BraTS20_Training_067/BraTS20_Training_067_brain_mask.nii.gz,/home/feiner/datasets/BraTS/ssn/MICCAI_BraTS2020_TrainingData/BraTS20_Training_067/BraTS20_Training_067_flair.nii.gz,/home/feiner/datasets/BraTS/ssn/MICCAI_BraTS2020_TrainingData/BraTS20_Training_067/BraTS20_Training_067_t1.nii.gz,/home/feiner/datasets/BraTS/ssn/MICCAI_BraTS2020_TrainingData/BraTS20_Training_067/BraTS20_Training_067_t1ce.nii.gz,/home/feiner/datasets/BraTS/ssn/MICCAI_BraTS2020_TrainingData/BraTS20_Training_067/BraTS20_Training_067_t2.nii.gz,True,,BraTS20_Training_067,Brats17_CBICA_AVV_1,,BraTS19_CBICA_AVV_1
HGG,Brats18_CBICA_AXW_1,Brats18_CBICA_AXW_1,MICCAI_BraTS2020_TrainingData,/home/feiner/datasets/BraTS/ssn/MICCAI_BraTS2020_TrainingData/BraTS20_Training_077/BraTS20_Training_077_seg.nii.gz,/home/feiner/datasets/BraTS/ssn/MICCAI_BraTS2020_TrainingData/BraTS20_Training_077/BraTS20_Training_077_brain_mask.nii.gz,/home/feiner/datasets/BraTS/ssn/MICCAI_BraTS2020_TrainingData/BraTS20_Training_077/BraTS20_Training_077_flair.nii.gz,/home/feiner/datasets/BraTS/ssn/MICCAI_BraTS2020_TrainingData/BraTS20_Training_077/BraTS20_Training_077_t1.nii.gz,/home/feiner/datasets/BraTS/ssn/MICCAI_BraTS2020_TrainingData/BraTS20_Training_077/BraTS20_Training_077_t1ce.nii.gz,/home/feiner/datasets/BraTS/ssn/MICCAI_BraTS2020_TrainingData/BraTS20_Training_077/BraTS20_Training_077_t2.nii.gz,True,,BraTS20_Training_077,Brats17_CBICA_AXW_1,,BraTS19_CBICA_AXW_1
HGG,Brats18_CBICA_AYA_1,Brats18_CBICA_AYA_1,MICCAI_BraTS2020_TrainingData,/home/feiner/datasets/BraTS/ssn/MICCAI_BraTS2020_TrainingData/BraTS20_Training_078/BraTS20_Training_078_seg.nii.gz,/home/feiner/datasets/BraTS/ssn/MICCAI_BraTS2020_TrainingData/BraTS20_Training_078/BraTS20_Training_078_brain_mask.nii.gz,/home/feiner/datasets/BraTS/ssn/MICCAI_BraTS2020_TrainingData/BraTS20_Training_078/BraTS20_Training_078_flair.nii.gz,/home/feiner/datasets/BraTS/ssn/MICCAI_BraTS2020_TrainingData/BraTS20_Training_078/BraTS20_Training_078_t1.nii.gz,/home/feiner/datasets/BraTS/ssn/MICCAI_BraTS2020_TrainingData/BraTS20_Training_078/BraTS20_Training_078_t1ce.nii.gz,/home/feiner/datasets/BraTS/ssn/MICCAI_BraTS2020_TrainingData/BraTS20_Training_078/BraTS20_Training_078_t2.nii.gz,True,,BraTS20_Training_078,Brats17_CBICA_AYA_1,,BraTS19_CBICA_AYA_1
HGG,Brats18_CBICA_BHB_1,Brats18_CBICA_BHB_1,MICCAI_BraTS2020_TrainingData,/home/feiner/datasets/BraTS/ssn/MICCAI_BraTS2020_TrainingData/BraTS20_Training_086/BraTS20_Training_086_seg.nii.gz,/home/feiner/datasets/BraTS/ssn/MICCAI_BraTS2020_TrainingData/BraTS20_Training_086/BraTS20_Training_086_brain_mask.nii.gz,/home/feiner/datasets/BraTS/ssn/MICCAI_BraTS2020_TrainingData/BraTS20_Training_086/BraTS20_Training_086_flair.nii.gz,/home/feiner/datasets/BraTS/ssn/MICCAI_BraTS2020_TrainingData/BraTS20_Training_086/BraTS20_Training_086_t1.nii.gz,/home/feiner/datasets/BraTS/ssn/MICCAI_BraTS2020_TrainingData/BraTS20_Training_086/BraTS20_Training_086_t1ce.nii.gz,/home/feiner/datasets/BraTS/ssn/MICCAI_BraTS2020_TrainingData/BraTS20_Training_086/BraTS20_Training_086_t2.nii.gz,True,,BraTS20_Training_086,Brats17_CBICA_BHB_1,,BraTS19_CBICA_BHB_1
HGG,Brats18_TCIA01_390_1,Brats18_TCIA01_390_1,MICCAI_BraTS2020_TrainingData,/home/feiner/datasets/BraTS/ssn/MICCAI_BraTS2020_TrainingData/BraTS20_Training_173/BraTS20_Training_173_seg.nii.gz,/home/feiner/datasets/BraTS/ssn/MICCAI_BraTS2020_TrainingData/BraTS20_Training_173/BraTS20_Training_173_brain_mask.nii.gz,/home/feiner/datasets/BraTS/ssn/MICCAI_BraTS2020_TrainingData/BraTS20_Training_173/BraTS20_Training_173_flair.nii.gz,/home/feiner/datasets/BraTS/ssn/MICCAI_BraTS2020_TrainingData/BraTS20_Training_173/BraTS20_Training_173_t1.nii.gz,/home/feiner/datasets/BraTS/ssn/MICCAI_BraTS2020_TrainingData/BraTS20_Training_173/BraTS20_Training_173_t1ce.nii.gz,/home/feiner/datasets/BraTS/ssn/MICCAI_BraTS2020_TrainingData/BraTS20_Training_173/BraTS20_Training_173_t2.nii.gz,True,,BraTS20_Training_173,Brats17_TCIA_390_1,TCGA-02-0075,BraTS19_TCIA01_390_1
HGG,Brats18_TCIA01_429_1,Brats18_TCIA01_429_1,MICCAI_BraTS2020_TrainingData,/home/feiner/datasets/BraTS/ssn/MICCAI_BraTS2020_TrainingData/BraTS20_Training_162/BraTS20_Training_162_seg.nii.gz,/home/feiner/datasets/BraTS/ssn/MICCAI_BraTS2020_TrainingData/BraTS20_Training_162/BraTS20_Training_162_brain_mask.nii.gz,/home/feiner/datasets/BraTS/ssn/MICCAI_BraTS2020_TrainingData/BraTS20_Training_162/BraTS20_Training_162_flair.nii.gz,/home/feiner/datasets/BraTS/ssn/MICCAI_BraTS2020_TrainingData/BraTS20_Training_162/BraTS20_Training_162_t1.nii.gz,/home/feiner/datasets/BraTS/ssn/MICCAI_BraTS2020_TrainingData/BraTS20_Training_162/BraTS20_Training_162_t1ce.nii.gz,/home/feiner/datasets/BraTS/ssn/MICCAI_BraTS2020_TrainingData/BraTS20_Training_162/BraTS20_Training_162_t2.nii.gz,True,,BraTS20_Training_162,Brats17_TCIA_429_1,TCGA-02-0033,BraTS19_TCIA01_429_1
HGG,Brats18_TCIA02_118_1,Brats18_TCIA02_118_1,MICCAI_BraTS2020_TrainingData,/home/feiner/datasets/BraTS/ssn/MICCAI_BraTS2020_TrainingData/BraTS20_Training_191/BraTS20_Training_191_seg.nii.gz,/home/feiner/datasets/BraTS/ssn/MICCAI_BraTS2020_TrainingData/BraTS20_Training_191/BraTS20_Training_191_brain_mask.nii.gz,/home/feiner/datasets/BraTS/ssn/MICCAI_BraTS2020_TrainingData/BraTS20_Training_191/BraTS20_Training_191_flair.nii.gz,/home/feiner/datasets/BraTS/ssn/MICCAI_BraTS2020_TrainingData/BraTS20_Training_191/BraTS20_Training_191_t1.nii.gz,/home/feiner/datasets/BraTS/ssn/MICCAI_BraTS2020_TrainingData/BraTS20_Training_191/BraTS20_Training_191_t1ce.nii.gz,/home/feiner/datasets/BraTS/ssn/MICCAI_BraTS2020_TrainingData/BraTS20_Training_191/BraTS20_Training_191_t2.nii.gz,True,,BraTS20_Training_191,Brats17_TCIA_118_1,TCGA-06-0162,BraTS19_TCIA02_118_1
HGG,Brats18_TCIA02_179_1,Brats18_TCIA02_179_1,MICCAI_BraTS2020_TrainingData,/home/feiner/datasets/BraTS/ssn/MICCAI_BraTS2020_TrainingData/BraTS20_Training_203/BraTS20_Training_203_seg.nii.gz,/home/feiner/datasets/BraTS/ssn/MICCAI_BraTS2020_TrainingData/BraTS20_Training_203/BraTS20_Training_203_brain_mask.nii.gz,/home/feiner/datasets/BraTS/ssn/MICCAI_BraTS2020_TrainingData/BraTS20_Training_203/BraTS20_Training_203_flair.nii.gz,/home/feiner/datasets/BraTS/ssn/MICCAI_BraTS2020_TrainingData/BraTS20_Training_203/BraTS20_Training_203_t1.nii.gz,/home/feiner/datasets/BraTS/ssn/MICCAI_BraTS2020_TrainingData/BraTS20_Training_203/BraTS20_Training_203_t1ce.nii.gz,/home/feiner/datasets/BraTS/ssn/MICCAI_BraTS2020_TrainingData/BraTS20_Training_203/BraTS20_Training_203_t2.nii.gz,True,,BraTS20_Training_203,Brats17_TCIA_179_1,TCGA-06-0238,BraTS19_TCIA02_179_1
HGG,Brats18_TCIA02_283_1,Brats18_TCIA02_283_1,MICCAI_BraTS2020_TrainingData,/home/feiner/datasets/BraTS/ssn/MICCAI_BraTS2020_TrainingData/BraTS20_Training_188/BraTS20_Training_188_seg.nii.gz,/home/feiner/datasets/BraTS/ssn/MICCAI_BraTS2020_TrainingData/BraTS20_Training_188/BraTS20_Training_188_brain_mask.nii.gz,/home/feiner/datasets/BraTS/ssn/MICCAI_BraTS2020_TrainingData/BraTS20_Training_188/BraTS20_Training_188_flair.nii.gz,/home/feiner/datasets/BraTS/ssn/MICCAI_BraTS2020_TrainingData/BraTS20_Training_188/BraTS20_Training_188_t1.nii.gz,/home/feiner/datasets/BraTS/ssn/MICCAI_BraTS2020_TrainingData/BraTS20_Training_188/BraTS20_Training_188_t1ce.nii.gz,/home/feiner/datasets/BraTS/ssn/MICCAI_BraTS2020_TrainingData/BraTS20_Training_188/BraTS20_Training_188_t2.nii.gz,True,,BraTS20_Training_188,Brats17_TCIA_283_1,TCGA-06-0149,BraTS19_TCIA02_283_1
HGG,Brats18_TCIA02_314_1,Brats18_TCIA02_314_1,MICCAI_BraTS2020_TrainingData,/home/feiner/datasets/BraTS/ssn/MICCAI_BraTS2020_TrainingData/BraTS20_Training_185/BraTS20_Training_185_seg.nii.gz,/home/feiner/datasets/BraTS/ssn/MICCAI_BraTS2020_TrainingData/BraTS20_Training_185/BraTS20_Training_185_brain_mask.nii.gz,/home/feiner/datasets/BraTS/ssn/MICCAI_BraTS2020_TrainingData/BraTS20_Training_185/BraTS20_Training_185_flair.nii.gz,/home/feiner/datasets/BraTS/ssn/MICCAI_BraTS2020_TrainingData/BraTS20_Training_185/BraTS20_Training_185_t1.nii.gz,/home/feiner/datasets/BraTS/ssn/MICCAI_BraTS2020_TrainingData/BraTS20_Training_185/BraTS20_Training_185_t1ce.nii.gz,/home/feiner/datasets/BraTS/ssn/MICCAI_BraTS2020_TrainingData/BraTS20_Training_185/BraTS20_Training_185_t2.nii.gz,True,,BraTS20_Training_185,Brats17_TCIA_314_1,TCGA-06-0139,BraTS19_TCIA02_314_1
HGG,Brats18_TCIA02_377_1,Brats18_TCIA02_377_1,MICCAI_BraTS2020_TrainingData,/home/feiner/datasets/BraTS/ssn/MICCAI_BraTS2020_TrainingData/BraTS20_Training_183/BraTS20_Training_183_seg.nii.gz,/home/feiner/datasets/BraTS/ssn/MICCAI_BraTS2020_TrainingData/BraTS20_Training_183/BraTS20_Training_183_brain_mask.nii.gz,/home/feiner/datasets/BraTS/ssn/MICCAI_BraTS2020_TrainingData/BraTS20_Training_183/BraTS20_Training_183_flair.nii.gz,/home/feiner/datasets/BraTS/ssn/MICCAI_BraTS2020_TrainingData/BraTS20_Training_183/BraTS20_Training_183_t1.nii.gz,/home/feiner/datasets/BraTS/ssn/MICCAI_BraTS2020_TrainingData/BraTS20_Training_183/BraTS20_Training_183_t1ce.nii.gz,/home/feiner/datasets/BraTS/ssn/MICCAI_BraTS2020_TrainingData/BraTS20_Training_183/BraTS20_Training_183_t2.nii.gz,True,,BraTS20_Training_183,Brats17_TCIA_377_1,TCGA-06-0137,BraTS19_TCIA02_377_1
HGG,Brats18_TCIA02_394_1,Brats18_TCIA02_394_1,MICCAI_BraTS2020_TrainingData,/home/feiner/datasets/BraTS/ssn/MICCAI_BraTS2020_TrainingData/BraTS20_Training_195/BraTS20_Training_195_seg.nii.gz,/home/feiner/datasets/BraTS/ssn/MICCAI_BraTS2020_TrainingData/BraTS20_Training_195/BraTS20_Training_195_brain_mask.nii.gz,/home/feiner/datasets/BraTS/ssn/MICCAI_BraTS2020_TrainingData/BraTS20_Training_195/BraTS20_Training_195_flair.nii.gz,/home/feiner/datasets/BraTS/ssn/MICCAI_BraTS2020_TrainingData/BraTS20_Training_195/BraTS20_Training_195_t1.nii.gz,/home/feiner/datasets/BraTS/ssn/MICCAI_BraTS2020_TrainingData/BraTS20_Training_195/BraTS20_Training_195_t1ce.nii.gz,/home/feiner/datasets/BraTS/ssn/MICCAI_BraTS2020_TrainingData/BraTS20_Training_195/BraTS20_Training_195_t2.nii.gz,True,,BraTS20_Training_195,Brats17_TCIA_394_1,TCGA-06-0179,BraTS19_TCIA02_394_1
HGG,Brats18_TCIA02_606_1,Brats18_TCIA02_606_1,MICCAI_BraTS2020_TrainingData,/home/feiner/datasets/BraTS/ssn/MICCAI_BraTS2020_TrainingData/BraTS20_Training_212/BraTS20_Training_212_seg.nii.gz,/home/feiner/datasets/BraTS/ssn/MICCAI_BraTS2020_TrainingData/BraTS20_Training_212/BraTS20_Training_212_brain_mask.nii.gz,/home/feiner/datasets/BraTS/ssn/MICCAI_BraTS2020_TrainingData/BraTS20_Training_212/BraTS20_Training_212_flair.nii.gz,/home/feiner/datasets/BraTS/ssn/MICCAI_BraTS2020_TrainingData/BraTS20_Training_212/BraTS20_Training_212_t1.nii.gz,/home/feiner/datasets/BraTS/ssn/MICCAI_BraTS2020_TrainingData/BraTS20_Training_212/BraTS20_Training_212_t1ce.nii.gz,/home/feiner/datasets/BraTS/ssn/MICCAI_BraTS2020_TrainingData/BraTS20_Training_212/BraTS20_Training_212_t2.nii.gz,True,,BraTS20_Training_212,Brats17_TCIA_606_1,TCGA-06-5417,BraTS19_TCIA02_606_1
HGG,Brats18_TCIA02_607_1,Brats18_TCIA02_607_1,MICCAI_BraTS2020_TrainingData,/home/feiner/datasets/BraTS/ssn/MICCAI_BraTS2020_TrainingData/BraTS20_Training_209/BraTS20_Training_209_seg.nii.gz,/home/feiner/datasets/BraTS/ssn/MICCAI_BraTS2020_TrainingData/BraTS20_Training_209/BraTS20_Training_209_brain_mask.nii.gz,/home/feiner/datasets/BraTS/ssn/MICCAI_BraTS2020_TrainingData/BraTS20_Training_209/BraTS20_Training_209_flair.nii.gz,/home/feiner/datasets/BraTS/ssn/MICCAI_BraTS2020_TrainingData/BraTS20_Training_209/BraTS20_Training_209_t1.nii.gz,/home/feiner/datasets/BraTS/ssn/MICCAI_BraTS2020_TrainingData/BraTS20_Training_209/BraTS20_Training_209_t1ce.nii.gz,/home/feiner/datasets/BraTS/ssn/MICCAI_BraTS2020_TrainingData/BraTS20_Training_209/BraTS20_Training_209_t2.nii.gz,True,,BraTS20_Training_209,Brats17_TCIA_607_1,TCGA-06-2570,BraTS19_TCIA02_607_1
HGG,Brats18_TCIA03_265_1,Brats18_TCIA03_265_1,MICCAI_BraTS2020_TrainingData,/home/feiner/datasets/BraTS/ssn/MICCAI_BraTS2020_TrainingData/BraTS20_Training_216/BraTS20_Training_216_seg.nii.gz,/home/feiner/datasets/BraTS/ssn/MICCAI_BraTS2020_TrainingData/BraTS20_Training_216/BraTS20_Training_216_brain_mask.nii.gz,/home/feiner/datasets/BraTS/ssn/MICCAI_BraTS2020_TrainingData/BraTS20_Training_216/BraTS20_Training_216_flair.nii.gz,/home/feiner/datasets/BraTS/ssn/MICCAI_BraTS2020_TrainingData/BraTS20_Training_216/BraTS20_Training_216_t1.nii.gz,/home/feiner/datasets/BraTS/ssn/MICCAI_BraTS2020_TrainingData/BraTS20_Training_216/BraTS20_Training_216_t1ce.nii.gz,/home/feiner/datasets/BraTS/ssn/MICCAI_BraTS2020_TrainingData/BraTS20_Training_216/BraTS20_Training_216_t2.nii.gz,True,,BraTS20_Training_216,Brats17_TCIA_265_1,TCGA-08-0359,BraTS19_TCIA03_265_1
HGG,Brats18_TCIA03_498_1,Brats18_TCIA03_498_1,MICCAI_BraTS2020_TrainingData,/home/feiner/datasets/BraTS/ssn/MICCAI_BraTS2020_TrainingData/BraTS20_Training_219/BraTS20_Training_219_seg.nii.gz,/home/feiner/datasets/BraTS/ssn/MICCAI_BraTS2020_TrainingData/BraTS20_Training_219/BraTS20_Training_219_brain_mask.nii.gz,/home/feiner/datasets/BraTS/ssn/MICCAI_BraTS2020_TrainingData/BraTS20_Training_219/BraTS20_Training_219_flair.nii.gz,/home/feiner/datasets/BraTS/ssn/MICCAI_BraTS2020_TrainingData/BraTS20_Training_219/BraTS20_Training_219_t1.nii.gz,/home/feiner/datasets/BraTS/ssn/MICCAI_BraTS2020_TrainingData/BraTS20_Training_219/BraTS20_Training_219_t1ce.nii.gz,/home/feiner/datasets/BraTS/ssn/MICCAI_BraTS2020_TrainingData/BraTS20_Training_219/BraTS20_Training_219_t2.nii.gz,True,,BraTS20_Training_219,Brats17_TCIA_498_1,TCGA-08-0389,BraTS19_TCIA03_498_1
HGG,Brats18_TCIA04_343_1,Brats18_TCIA04_343_1,MICCAI_BraTS2020_TrainingData,/home/feiner/datasets/BraTS/ssn/MICCAI_BraTS2020_TrainingData/BraTS20_Training_227/BraTS20_Training_227_seg.nii.gz,/home/feiner/datasets/BraTS/ssn/MICCAI_BraTS2020_TrainingData/BraTS20_Training_227/BraTS20_Training_227_brain_mask.nii.gz,/home/feiner/datasets/BraTS/ssn/MICCAI_BraTS2020_TrainingData/BraTS20_Training_227/BraTS20_Training_227_flair.nii.gz,/home/feiner/datasets/BraTS/ssn/MICCAI_BraTS2020_TrainingData/BraTS20_Training_227/BraTS20_Training_227_t1.nii.gz,/home/feiner/datasets/BraTS/ssn/MICCAI_BraTS2020_TrainingData/BraTS20_Training_227/BraTS20_Training_227_t1ce.nii.gz,/home/feiner/datasets/BraTS/ssn/MICCAI_BraTS2020_TrainingData/BraTS20_Training_227/BraTS20_Training_227_t2.nii.gz,True,,BraTS20_Training_227,Brats17_TCIA_343_1,TCGA-12-0776,BraTS19_TCIA04_343_1
HGG,Brats18_TCIA04_361_1,Brats18_TCIA04_361_1,MICCAI_BraTS2020_TrainingData,/home/feiner/datasets/BraTS/ssn/MICCAI_BraTS2020_TrainingData/BraTS20_Training_231/BraTS20_Training_231_seg.nii.gz,/home/feiner/datasets/BraTS/ssn/MICCAI_BraTS2020_TrainingData/BraTS20_Training_231/BraTS20_Training_231_brain_mask.nii.gz,/home/feiner/datasets/BraTS/ssn/MICCAI_BraTS2020_TrainingData/BraTS20_Training_231/BraTS20_Training_231_flair.nii.gz,/home/feiner/datasets/BraTS/ssn/MICCAI_BraTS2020_TrainingData/BraTS20_Training_231/BraTS20_Training_231_t1.nii.gz,/home/feiner/datasets/BraTS/ssn/MICCAI_BraTS2020_TrainingData/BraTS20_Training_231/BraTS20_Training_231_t1ce.nii.gz,/home/feiner/datasets/BraTS/ssn/MICCAI_BraTS2020_TrainingData/BraTS20_Training_231/BraTS20_Training_231_t2.nii.gz,True,,BraTS20_Training_231,Brats17_TCIA_361_1,TCGA-12-1598,BraTS19_TCIA04_361_1
HGG,Brats18_TCIA05_478_1,Brats18_TCIA05_478_1,MICCAI_BraTS2020_TrainingData,/home/feiner/datasets/BraTS/ssn/MICCAI_BraTS2020_TrainingData/BraTS20_Training_235/BraTS20_Training_235_seg.nii.gz,/home/feiner/datasets/BraTS/ssn/MICCAI_BraTS2020_TrainingData/BraTS20_Training_235/BraTS20_Training_235_brain_mask.nii.gz,/home/feiner/datasets/BraTS/ssn/MICCAI_BraTS2020_TrainingData/BraTS20_Training_235/BraTS20_Training_235_flair.nii.gz,/home/feiner/datasets/BraTS/ssn/MICCAI_BraTS2020_TrainingData/BraTS20_Training_235/BraTS20_Training_235_t1.nii.gz,/home/feiner/datasets/BraTS/ssn/MICCAI_BraTS2020_TrainingData/BraTS20_Training_235/BraTS20_Training_235_t1ce.nii.gz,/home/feiner/datasets/BraTS/ssn/MICCAI_BraTS2020_TrainingData/BraTS20_Training_235/BraTS20_Training_235_t2.nii.gz,True,,BraTS20_Training_235,Brats17_TCIA_478_1,TCGA-14-1794,BraTS19_TCIA05_478_1
HGG,Brats18_TCIA06_603_1,Brats18_TCIA06_603_1,MICCAI_BraTS2020_TrainingData,/home/feiner/datasets/BraTS/ssn/MICCAI_BraTS2020_TrainingData/BraTS20_Training_244/BraTS20_Training_244_seg.nii.gz,/home/feiner/datasets/BraTS/ssn/MICCAI_BraTS2020_TrainingData/BraTS20_Training_244/BraTS20_Training_244_brain_mask.nii.gz,/home/feiner/datasets/BraTS/ssn/MICCAI_BraTS2020_TrainingData/BraTS20_Training_244/BraTS20_Training_244_flair.nii.gz,/home/feiner/datasets/BraTS/ssn/MICCAI_BraTS2020_TrainingData/BraTS20_Training_244/BraTS20_Training_244_t1.nii.gz,/home/feiner/datasets/BraTS/ssn/MICCAI_BraTS2020_TrainingData/BraTS20_Training_244/BraTS20_Training_244_t1ce.nii.gz,/home/feiner/datasets/BraTS/ssn/MICCAI_BraTS2020_TrainingData/BraTS20_Training_244/BraTS20_Training_244_t2.nii.gz,True,,BraTS20_Training_244,Brats17_TCIA_603_1,TCGA-19-5958,BraTS19_TCIA06_603_1
HGG,Brats18_TCIA08_234_1,Brats18_TCIA08_234_1,MICCAI_BraTS2020_TrainingData,/home/feiner/datasets/BraTS/ssn/MICCAI_BraTS2020_TrainingData/BraTS20_Training_257/BraTS20_Training_257_seg.nii.gz,/home/feiner/datasets/BraTS/ssn/MICCAI_BraTS2020_TrainingData/BraTS20_Training_257/BraTS20_Training_257_brain_mask.nii.gz,/home/feiner/datasets/BraTS/ssn/MICCAI_BraTS2020_TrainingData/BraTS20_Training_257/BraTS20_Training_257_flair.nii.gz,/home/feiner/datasets/BraTS/ssn/MICCAI_BraTS2020_TrainingData/BraTS20_Training_257/BraTS20_Training_257_t1.nii.gz,/home/feiner/datasets/BraTS/ssn/MICCAI_BraTS2020_TrainingData/BraTS20_Training_257/BraTS20_Training_257_t1ce.nii.gz,/home/feiner/datasets/BraTS/ssn/MICCAI_BraTS2020_TrainingData/BraTS20_Training_257/BraTS20_Training_257_t2.nii.gz,True,,BraTS20_Training_257,Brats17_TCIA_234_1,TCGA-76-6662,BraTS19_TCIA08_234_1
HGG,Brats18_TCIA08_406_1,Brats18_TCIA08_406_1,MICCAI_BraTS2020_TrainingData,/home/feiner/datasets/BraTS/ssn/MICCAI_BraTS2020_TrainingData/BraTS20_Training_250/BraTS20_Training_250_seg.nii.gz,/home/feiner/datasets/BraTS/ssn/MICCAI_BraTS2020_TrainingData/BraTS20_Training_250/BraTS20_Training_250_brain_mask.nii.gz,/home/feiner/datasets/BraTS/ssn/MICCAI_BraTS2020_TrainingData/BraTS20_Training_250/BraTS20_Training_250_flair.nii.gz,/home/feiner/datasets/BraTS/ssn/MICCAI_BraTS2020_TrainingData/BraTS20_Training_250/BraTS20_Training_250_t1.nii.gz,/home/feiner/datasets/BraTS/ssn/MICCAI_BraTS2020_TrainingData/BraTS20_Training_250/BraTS20_Training_250_t1ce.nii.gz,/home/feiner/datasets/BraTS/ssn/MICCAI_BraTS2020_TrainingData/BraTS20_Training_250/BraTS20_Training_250_t2.nii.gz,True,,BraTS20_Training_250,Brats17_TCIA_406_1,TCGA-76-6193,BraTS19_TCIA08_406_1
HGG,Brats18_TCIA08_436_1,Brats18_TCIA08_436_1,MICCAI_BraTS2020_TrainingData,/home/feiner/datasets/BraTS/ssn/MICCAI_BraTS2020_TrainingData/BraTS20_Training_258/BraTS20_Training_258_seg.nii.gz,/home/feiner/datasets/BraTS/ssn/MICCAI_BraTS2020_TrainingData/BraTS20_Training_258/BraTS20_Training_258_brain_mask.nii.gz,/home/feiner/datasets/BraTS/ssn/MICCAI_BraTS2020_TrainingData/BraTS20_Training_258/BraTS20_Training_258_flair.nii.gz,/home/feiner/datasets/BraTS/ssn/MICCAI_BraTS2020_TrainingData/BraTS20_Training_258/BraTS20_Training_258_t1.nii.gz,/home/feiner/datasets/BraTS/ssn/MICCAI_BraTS2020_TrainingData/BraTS20_Training_258/BraTS20_Training_258_t1ce.nii.gz,/home/feiner/datasets/BraTS/ssn/MICCAI_BraTS2020_TrainingData/BraTS20_Training_258/BraTS20_Training_258_t2.nii.gz,True,,BraTS20_Training_258,Brats17_TCIA_436_1,TCGA-76-6663,BraTS19_TCIA08_436_1
HGG,Brats18_TCIA08_469_1,Brats18_TCIA08_469_1,MICCAI_BraTS2020_TrainingData,/home/feiner/datasets/BraTS/ssn/MICCAI_BraTS2020_TrainingData/BraTS20_Training_252/BraTS20_Training_252_seg.nii.gz,/home/feiner/datasets/BraTS/ssn/MICCAI_BraTS2020_TrainingData/BraTS20_Training_252/BraTS20_Training_252_brain_mask.nii.gz,/home/feiner/datasets/BraTS/ssn/MICCAI_BraTS2020_TrainingData/BraTS20_Training_252/BraTS20_Training_252_flair.nii.gz,/home/feiner/datasets/BraTS/ssn/MICCAI_BraTS2020_TrainingData/BraTS20_Training_252/BraTS20_Training_252_t1.nii.gz,/home/feiner/datasets/BraTS/ssn/MICCAI_BraTS2020_TrainingData/BraTS20_Training_252/BraTS20_Training_252_t1ce.nii.gz,/home/feiner/datasets/BraTS/ssn/MICCAI_BraTS2020_TrainingData/BraTS20_Training_252/BraTS20_Training_252_t2.nii.gz,True,,BraTS20_Training_252,Brats17_TCIA_469_1,TCGA-76-6282,BraTS19_TCIA08_469_1
LGG,Brats18_2013_24_1,Brats18_2013_24_1,MICCAI_BraTS2020_TrainingData,/home/feiner/datasets/BraTS/ssn/MICCAI_BraTS2020_TrainingData/BraTS20_Training_265/BraTS20_Training_265_seg.nii.gz,/home/feiner/datasets/BraTS/ssn/MICCAI_BraTS2020_TrainingData/BraTS20_Training_265/BraTS20_Training_265_brain_mask.nii.gz,/home/feiner/datasets/BraTS/ssn/MICCAI_BraTS2020_TrainingData/BraTS20_Training_265/BraTS20_Training_265_flair.nii.gz,/home/feiner/datasets/BraTS/ssn/MICCAI_BraTS2020_TrainingData/BraTS20_Training_265/BraTS20_Training_265_t1.nii.gz,/home/feiner/datasets/BraTS/ssn/MICCAI_BraTS2020_TrainingData/BraTS20_Training_265/BraTS20_Training_265_t1ce.nii.gz,/home/feiner/datasets/BraTS/ssn/MICCAI_BraTS2020_TrainingData/BraTS20_Training_265/BraTS20_Training_265_t2.nii.gz,True,,BraTS20_Training_265,Brats17_2013_24_1,,BraTS19_2013_24_1
LGG,Brats18_2013_8_1,Brats18_2013_8_1,MICCAI_BraTS2020_TrainingData,/home/feiner/datasets/BraTS/ssn/MICCAI_BraTS2020_TrainingData/BraTS20_Training_264/BraTS20_Training_264_seg.nii.gz,/home/feiner/datasets/BraTS/ssn/MICCAI_BraTS2020_TrainingData/BraTS20_Training_264/BraTS20_Training_264_brain_mask.nii.gz,/home/feiner/datasets/BraTS/ssn/MICCAI_BraTS2020_TrainingData/BraTS20_Training_264/BraTS20_Training_264_flair.nii.gz,/home/feiner/datasets/BraTS/ssn/MICCAI_BraTS2020_TrainingData/BraTS20_Training_264/BraTS20_Training_264_t1.nii.gz,/home/feiner/datasets/BraTS/ssn/MICCAI_BraTS2020_TrainingData/BraTS20_Training_264/BraTS20_Training_264_t1ce.nii.gz,/home/feiner/datasets/BraTS/ssn/MICCAI_BraTS2020_TrainingData/BraTS20_Training_264/BraTS20_Training_264_t2.nii.gz,True,,BraTS20_Training_264,Brats17_2013_8_1,,BraTS19_2013_8_1
LGG,Brats18_TCIA09_141_1,Brats18_TCIA09_141_1,MICCAI_BraTS2020_TrainingData,/home/feiner/datasets/BraTS/ssn/MICCAI_BraTS2020_TrainingData/BraTS20_Training_274/BraTS20_Training_274_seg.nii.gz,/home/feiner/datasets/BraTS/ssn/MICCAI_BraTS2020_TrainingData/BraTS20_Training_274/BraTS20_Training_274_brain_mask.nii.gz,/home/feiner/datasets/BraTS/ssn/MICCAI_BraTS2020_TrainingData/BraTS20_Training_274/BraTS20_Training_274_flair.nii.gz,/home/feiner/datasets/BraTS/ssn/MICCAI_BraTS2020_TrainingData/BraTS20_Training_274/BraTS20_Training_274_t1.nii.gz,/home/feiner/datasets/BraTS/ssn/MICCAI_BraTS2020_TrainingData/BraTS20_Training_274/BraTS20_Training_274_t1ce.nii.gz,/home/feiner/datasets/BraTS/ssn/MICCAI_BraTS2020_TrainingData/BraTS20_Training_274/BraTS20_Training_274_t2.nii.gz,True,,BraTS20_Training_274,Brats17_TCIA_141_1,TCGA-CS-5396,BraTS19_TCIA09_141_1
LGG,Brats18_TCIA10_103_1,Brats18_TCIA10_103_1,MICCAI_BraTS2020_TrainingData,/home/feiner/datasets/BraTS/ssn/MICCAI_BraTS2020_TrainingData/BraTS20_Training_290/BraTS20_Training_290_seg.nii.gz,/home/feiner/datasets/BraTS/ssn/MICCAI_BraTS2020_TrainingData/BraTS20_Training_290/BraTS20_Training_290_brain_mask.nii.gz,/home/feiner/datasets/BraTS/ssn/MICCAI_BraTS2020_TrainingData/BraTS20_Training_290/BraTS20_Training_290_flair.nii.gz,/home/feiner/datasets/BraTS/ssn/MICCAI_BraTS2020_TrainingData/BraTS20_Training_290/BraTS20_Training_290_t1.nii.gz,/home/feiner/datasets/BraTS/ssn/MICCAI_BraTS2020_TrainingData/BraTS20_Training_290/BraTS20_Training_290_t1ce.nii.gz,/home/feiner/datasets/BraTS/ssn/MICCAI_BraTS2020_TrainingData/BraTS20_Training_290/BraTS20_Training_290_t2.nii.gz,True,,BraTS20_Training_290,Brats17_TCIA_103_1,TCGA-DU-7010,BraTS19_TCIA10_103_1
LGG,Brats18_TCIA10_175_1,Brats18_TCIA10_175_1,MICCAI_BraTS2020_TrainingData,/home/feiner/datasets/BraTS/ssn/MICCAI_BraTS2020_TrainingData/BraTS20_Training_289/BraTS20_Training_289_seg.nii.gz,/home/feiner/datasets/BraTS/ssn/MICCAI_BraTS2020_TrainingData/BraTS20_Training_289/BraTS20_Training_289_brain_mask.nii.gz,/home/feiner/datasets/BraTS/ssn/MICCAI_BraTS2020_TrainingData/BraTS20_Training_289/BraTS20_Training_289_flair.nii.gz,/home/feiner/datasets/BraTS/ssn/MICCAI_BraTS2020_TrainingData/BraTS20_Training_289/BraTS20_Training_289_t1.nii.gz,/home/feiner/datasets/BraTS/ssn/MICCAI_BraTS2020_TrainingData/BraTS20_Training_289/BraTS20_Training_289_t1ce.nii.gz,/home/feiner/datasets/BraTS/ssn/MICCAI_BraTS2020_TrainingData/BraTS20_Training_289/BraTS20_Training_289_t2.nii.gz,True,,BraTS20_Training_289,Brats17_TCIA_175_1,TCGA-DU-7008,BraTS19_TCIA10_175_1
LGG,Brats18_TCIA10_261_1,Brats18_TCIA10_261_1,MICCAI_BraTS2020_TrainingData,/home/feiner/datasets/BraTS/ssn/MICCAI_BraTS2020_TrainingData/BraTS20_Training_308/BraTS20_Training_308_seg.nii.gz,/home/feiner/datasets/BraTS/ssn/MICCAI_BraTS2020_TrainingData/BraTS20_Training_308/BraTS20_Training_308_brain_mask.nii.gz,/home/feiner/datasets/BraTS/ssn/MICCAI_BraTS2020_TrainingData/BraTS20_Training_308/BraTS20_Training_308_flair.nii.gz,/home/feiner/datasets/BraTS/ssn/MICCAI_BraTS2020_TrainingData/BraTS20_Training_308/BraTS20_Training_308_t1.nii.gz,/home/feiner/datasets/BraTS/ssn/MICCAI_BraTS2020_TrainingData/BraTS20_Training_308/BraTS20_Training_308_t1ce.nii.gz,/home/feiner/datasets/BraTS/ssn/MICCAI_BraTS2020_TrainingData/BraTS20_Training_308/BraTS20_Training_308_t2.nii.gz,True,,BraTS20_Training_308,Brats17_TCIA_261_1,TCGA-DU-8168,BraTS19_TCIA10_261_1
LGG,Brats18_TCIA10_276_1,Brats18_TCIA10_276_1,MICCAI_BraTS2020_TrainingData,/home/feiner/datasets/BraTS/ssn/MICCAI_BraTS2020_TrainingData/BraTS20_Training_298/BraTS20_Training_298_seg.nii.gz,/home/feiner/datasets/BraTS/ssn/MICCAI_BraTS2020_TrainingData/BraTS20_Training_298/BraTS20_Training_298_brain_mask.nii.gz,/home/feiner/datasets/BraTS/ssn/MICCAI_BraTS2020_TrainingData/BraTS20_Training_298/BraTS20_Training_298_flair.nii.gz,/home/feiner/datasets/BraTS/ssn/MICCAI_BraTS2020_TrainingData/BraTS20_Training_298/BraTS20_Training_298_t1.nii.gz,/home/feiner/datasets/BraTS/ssn/MICCAI_BraTS2020_TrainingData/BraTS20_Training_298/BraTS20_Training_298_t1ce.nii.gz,/home/feiner/datasets/BraTS/ssn/MICCAI_BraTS2020_TrainingData/BraTS20_Training_298/BraTS20_Training_298_t2.nii.gz,True,,BraTS20_Training_298,Brats17_TCIA_276_1,TCGA-DU-7300,BraTS19_TCIA10_276_1
LGG,Brats18_TCIA10_325_1,Brats18_TCIA10_325_1,MICCAI_BraTS2020_TrainingData,/home/feiner/datasets/BraTS/ssn/MICCAI_BraTS2020_TrainingData/BraTS20_Training_305/BraTS20_Training_305_seg.nii.gz,/home/feiner/datasets/BraTS/ssn/MICCAI_BraTS2020_TrainingData/BraTS20_Training_305/BraTS20_Training_305_brain_mask.nii.gz,/home/feiner/datasets/BraTS/ssn/MICCAI_BraTS2020_TrainingData/BraTS20_Training_305/BraTS20_Training_305_flair.nii.gz,/home/feiner/datasets/BraTS/ssn/MICCAI_BraTS2020_TrainingData/BraTS20_Training_305/BraTS20_Training_305_t1.nii.gz,/home/feiner/datasets/BraTS/ssn/MICCAI_BraTS2020_TrainingData/BraTS20_Training_305/BraTS20_Training_305_t1ce.nii.gz,/home/feiner/datasets/BraTS/ssn/MICCAI_BraTS2020_TrainingData/BraTS20_Training_305/BraTS20_Training_305_t2.nii.gz,True,,BraTS20_Training_305,Brats17_TCIA_325_1,TCGA-DU-8164,BraTS19_TCIA10_325_1
LGG,Brats18_TCIA10_387_1,Brats18_TCIA10_387_1,MICCAI_BraTS2020_TrainingData,/home/feiner/datasets/BraTS/ssn/MICCAI_BraTS2020_TrainingData/BraTS20_Training_300/BraTS20_Training_300_seg.nii.gz,/home/feiner/datasets/BraTS/ssn/MICCAI_BraTS2020_TrainingData/BraTS20_Training_300/BraTS20_Training_300_brain_mask.nii.gz,/home/feiner/datasets/BraTS/ssn/MICCAI_BraTS2020_TrainingData/BraTS20_Training_300/BraTS20_Training_300_flair.nii.gz,/home/feiner/datasets/BraTS/ssn/MICCAI_BraTS2020_TrainingData/BraTS20_Training_300/BraTS20_Training_300_t1.nii.gz,/home/feiner/datasets/BraTS/ssn/MICCAI_BraTS2020_TrainingData/BraTS20_Training_300/BraTS20_Training_300_t1ce.nii.gz,/home/feiner/datasets/BraTS/ssn/MICCAI_BraTS2020_TrainingData/BraTS20_Training_300/BraTS20_Training_300_t2.nii.gz,True,,BraTS20_Training_300,Brats17_TCIA_387_1,TCGA-DU-7302,BraTS19_TCIA10_387_1
LGG,Brats18_TCIA10_420_1,Brats18_TCIA10_420_1,MICCAI_BraTS2020_TrainingData,/home/feiner/datasets/BraTS/ssn/MICCAI_BraTS2020_TrainingData/BraTS20_Training_303/BraTS20_Training_303_seg.nii.gz,/home/feiner/datasets/BraTS/ssn/MICCAI_BraTS2020_TrainingData/BraTS20_Training_303/BraTS20_Training_303_brain_mask.nii.gz,/home/feiner/datasets/BraTS/ssn/MICCAI_BraTS2020_TrainingData/BraTS20_Training_303/BraTS20_Training_303_flair.nii.gz,/home/feiner/datasets/BraTS/ssn/MICCAI_BraTS2020_TrainingData/BraTS20_Training_303/BraTS20_Training_303_t1.nii.gz,/home/feiner/datasets/BraTS/ssn/MICCAI_BraTS2020_TrainingData/BraTS20_Training_303/BraTS20_Training_303_t1ce.nii.gz,/home/feiner/datasets/BraTS/ssn/MICCAI_BraTS2020_TrainingData/BraTS20_Training_303/BraTS20_Training_303_t2.nii.gz,True,,BraTS20_Training_303,Brats17_TCIA_420_1,TCGA-DU-7309,BraTS19_TCIA10_420_1
LGG,Brats18_TCIA12_101_1,Brats18_TCIA12_101_1,MICCAI_BraTS2020_TrainingData,/home/feiner/datasets/BraTS/ssn/MICCAI_BraTS2020_TrainingData/BraTS20_Training_320/BraTS20_Training_320_seg.nii.gz,/home/feiner/datasets/BraTS/ssn/MICCAI_BraTS2020_TrainingData/BraTS20_Training_320/BraTS20_Training_320_brain_mask.nii.gz,/home/feiner/datasets/BraTS/ssn/MICCAI_BraTS2020_TrainingData/BraTS20_Training_320/BraTS20_Training_320_flair.nii.gz,/home/feiner/datasets/BraTS/ssn/MICCAI_BraTS2020_TrainingData/BraTS20_Training_320/BraTS20_Training_320_t1.nii.gz,/home/feiner/datasets/BraTS/ssn/MICCAI_BraTS2020_TrainingData/BraTS20_Training_320/BraTS20_Training_320_t1ce.nii.gz,/home/feiner/datasets/BraTS/ssn/MICCAI_BraTS2020_TrainingData/BraTS20_Training_320/BraTS20_Training_320_t2.nii.gz,True,,BraTS20_Training_320,Brats17_TCIA_101_1,TCGA-FG-6692,BraTS19_TCIA12_101_1
LGG,Brats18_TCIA12_249_1,Brats18_TCIA12_249_1,MICCAI_BraTS2020_TrainingData,/home/feiner/datasets/BraTS/ssn/MICCAI_BraTS2020_TrainingData/BraTS20_Training_322/BraTS20_Training_322_seg.nii.gz,/home/feiner/datasets/BraTS/ssn/MICCAI_BraTS2020_TrainingData/BraTS20_Training_322/BraTS20_Training_322_brain_mask.nii.gz,/home/feiner/datasets/BraTS/ssn/MICCAI_BraTS2020_TrainingData/BraTS20_Training_322/BraTS20_Training_322_flair.nii.gz,/home/feiner/datasets/BraTS/ssn/MICCAI_BraTS2020_TrainingData/BraTS20_Training_322/BraTS20_Training_322_t1.nii.gz,/home/feiner/datasets/BraTS/ssn/MICCAI_BraTS2020_TrainingData/BraTS20_Training_322/BraTS20_Training_322_t1ce.nii.gz,/home/feiner/datasets/BraTS/ssn/MICCAI_BraTS2020_TrainingData/BraTS20_Training_322/BraTS20_Training_322_t2.nii.gz,True,,BraTS20_Training_322,Brats17_TCIA_249_1,TCGA-FG-A4MT,BraTS19_TCIA12_249_1
LGG,Brats18_TCIA13_624_1,Brats18_TCIA13_624_1,MICCAI_BraTS2020_TrainingData,/home/feiner/datasets/BraTS/ssn/MICCAI_BraTS2020_TrainingData/BraTS20_Training_334/BraTS20_Training_334_seg.nii.gz,/home/feiner/datasets/BraTS/ssn/MICCAI_BraTS2020_TrainingData/BraTS20_Training_334/BraTS20_Training_334_brain_mask.nii.gz,/home/feiner/datasets/BraTS/ssn/MICCAI_BraTS2020_TrainingData/BraTS20_Training_334/BraTS20_Training_334_flair.nii.gz,/home/feiner/datasets/BraTS/ssn/MICCAI_BraTS2020_TrainingData/BraTS20_Training_334/BraTS20_Training_334_t1.nii.gz,/home/feiner/datasets/BraTS/ssn/MICCAI_BraTS2020_TrainingData/BraTS20_Training_334/BraTS20_Training_334_t1ce.nii.gz,/home/feiner/datasets/BraTS/ssn/MICCAI_BraTS2020_TrainingData/BraTS20_Training_334/BraTS20_Training_334_t2.nii.gz,True,,BraTS20_Training_334,Brats17_TCIA_624_1,TCGA-HT-8563,BraTS19_TCIA13_624_1
LGG,Brats18_TCIA13_630_1,Brats18_TCIA13_630_1,MICCAI_BraTS2020_TrainingData,/home/feiner/datasets/BraTS/ssn/MICCAI_BraTS2020_TrainingData/BraTS20_Training_330/BraTS20_Training_330_seg.nii.gz,/home/feiner/datasets/BraTS/ssn/MICCAI_BraTS2020_TrainingData/BraTS20_Training_330/BraTS20_Training_330_brain_mask.nii.gz,/home/feiner/datasets/BraTS/ssn/MICCAI_BraTS2020_TrainingData/BraTS20_Training_330/BraTS20_Training_330_flair.nii.gz,/home/feiner/datasets/BraTS/ssn/MICCAI_BraTS2020_TrainingData/BraTS20_Training_330/BraTS20_Training_330_t1.nii.gz,/home/feiner/datasets/BraTS/ssn/MICCAI_BraTS2020_TrainingData/BraTS20_Training_330/BraTS20_Training_330_t1ce.nii.gz,/home/feiner/datasets/BraTS/ssn/MICCAI_BraTS2020_TrainingData/BraTS20_Training_330/BraTS20_Training_330_t2.nii.gz,True,,BraTS20_Training_330,Brats17_TCIA_630_1,TCGA-HT-7884,BraTS19_TCIA13_630_1
LGG,Brats18_TCIA13_634_1,Brats18_TCIA13_634_1,MICCAI_BraTS2020_TrainingData,/home/feiner/datasets/BraTS/ssn/MICCAI_BraTS2020_TrainingData/BraTS20_Training_335/BraTS20_Training_335_seg.nii.gz,/home/feiner/datasets/BraTS/ssn/MICCAI_BraTS2020_TrainingData/BraTS20_Training_335/BraTS20_Training_335_brain_mask.nii.gz,/home/feiner/datasets/BraTS/ssn/MICCAI_BraTS2020_TrainingData/BraTS20_Training_335/BraTS20_Training_335_flair.nii.gz,/home/feiner/datasets/BraTS/ssn/MICCAI_BraTS2020_TrainingData/BraTS20_Training_335/BraTS20_Training_335_t1.nii.gz,/home/feiner/datasets/BraTS/ssn/MICCAI_BraTS2020_TrainingData/BraTS20_Training_335/BraTS20_Training_335_t1ce.nii.gz,/home/feiner/datasets/BraTS/ssn/MICCAI_BraTS2020_TrainingData/BraTS20_Training_335/BraTS20_Training_335_t2.nii.gz,True,,BraTS20_Training_335,Brats17_TCIA_634_1,TCGA-HT-A61A,BraTS19_TCIA13_634_1
LGG,Brats18_TCIA13_642_1,Brats18_TCIA13_642_1,MICCAI_BraTS2020_TrainingData,/home/feiner/datasets/BraTS/ssn/MICCAI_BraTS2020_TrainingData/BraTS20_Training_333/BraTS20_Training_333_seg.nii.gz,/home/feiner/datasets/BraTS/ssn/MICCAI_BraTS2020_TrainingData/BraTS20_Training_333/BraTS20_Training_333_brain_mask.nii.gz,/home/feiner/datasets/BraTS/ssn/MICCAI_BraTS2020_TrainingData/BraTS20_Training_333/BraTS20_Training_333_flair.nii.gz,/home/feiner/datasets/BraTS/ssn/MICCAI_BraTS2020_TrainingData/BraTS20_Training_333/BraTS20_Training_333_t1.nii.gz,/home/feiner/datasets/BraTS/ssn/MICCAI_BraTS2020_TrainingData/BraTS20_Training_333/BraTS20_Training_333_t1ce.nii.gz,/home/feiner/datasets/BraTS/ssn/MICCAI_BraTS2020_TrainingData/BraTS20_Training_333/BraTS20_Training_333_t2.nii.gz,True,,BraTS20_Training_333,Brats17_TCIA_642_1,TCGA-HT-8114,BraTS19_TCIA13_642_1
LGG,Brats18_TCIA13_650_1,Brats18_TCIA13_650_1,MICCAI_BraTS2020_TrainingData,/home/feiner/datasets/BraTS/ssn/MICCAI_BraTS2020_TrainingData/BraTS20_Training_325/BraTS20_Training_325_seg.nii.gz,/home/feiner/datasets/BraTS/ssn/MICCAI_BraTS2020_TrainingData/BraTS20_Training_325/BraTS20_Training_325_brain_mask.nii.gz,/home/feiner/datasets/BraTS/ssn/MICCAI_BraTS2020_TrainingData/BraTS20_Training_325/BraTS20_Training_325_flair.nii.gz,/home/feiner/datasets/BraTS/ssn/MICCAI_BraTS2020_TrainingData/BraTS20_Training_325/BraTS20_Training_325_t1.nii.gz,/home/feiner/datasets/BraTS/ssn/MICCAI_BraTS2020_TrainingData/BraTS20_Training_325/BraTS20_Training_325_t1ce.nii.gz,/home/feiner/datasets/BraTS/ssn/MICCAI_BraTS2020_TrainingData/BraTS20_Training_325/BraTS20_Training_325_t2.nii.gz,True,,BraTS20_Training_325,Brats17_TCIA_650_1,TCGA-HT-7680,BraTS19_TCIA13_650_1
HGG,Brats18_2013_20_1,Brats18_2013_20_1,MICCAI_BraTS2020_TrainingData,/home/feiner/datasets/BraTS/ssn/MICCAI_BraTS2020_TrainingData/BraTS20_Training_135/BraTS20_Training_135_seg.nii.gz,/home/feiner/datasets/BraTS/ssn/MICCAI_BraTS2020_TrainingData/BraTS20_Training_135/BraTS20_Training_135_brain_mask.nii.gz,/home/feiner/datasets/BraTS/ssn/MICCAI_BraTS2020_TrainingData/BraTS20_Training_135/BraTS20_Training_135_flair.nii.gz,/home/feiner/datasets/BraTS/ssn/MICCAI_BraTS2020_TrainingData/BraTS20_Training_135/BraTS20_Training_135_t1.nii.gz,/home/feiner/datasets/BraTS/ssn/MICCAI_BraTS2020_TrainingData/BraTS20_Training_135/BraTS20_Training_135_t1ce.nii.gz,/home/feiner/datasets/BraTS/ssn/MICCAI_BraTS2020_TrainingData/BraTS20_Training_135/BraTS20_Training_135_t2.nii.gz,True,,BraTS20_Training_135,Brats17_2013_20_1,,BraTS19_2013_20_1
HGG,Brats18_2013_27_1,Brats18_2013_27_1,MICCAI_BraTS2020_TrainingData,/home/feiner/datasets/BraTS/ssn/MICCAI_BraTS2020_TrainingData/BraTS20_Training_145/BraTS20_Training_145_seg.nii.gz,/home/feiner/datasets/BraTS/ssn/MICCAI_BraTS2020_TrainingData/BraTS20_Training_145/BraTS20_Training_145_brain_mask.nii.gz,/home/feiner/datasets/BraTS/ssn/MICCAI_BraTS2020_TrainingData/BraTS20_Training_145/BraTS20_Training_145_flair.nii.gz,/home/feiner/datasets/BraTS/ssn/MICCAI_BraTS2020_TrainingData/BraTS20_Training_145/BraTS20_Training_145_t1.nii.gz,/home/feiner/datasets/BraTS/ssn/MICCAI_BraTS2020_TrainingData/BraTS20_Training_145/BraTS20_Training_145_t1ce.nii.gz,/home/feiner/datasets/BraTS/ssn/MICCAI_BraTS2020_TrainingData/BraTS20_Training_145/BraTS20_Training_145_t2.nii.gz,True,,BraTS20_Training_145,Brats17_2013_27_1,,BraTS19_2013_27_1
HGG,Brats18_2013_7_1,Brats18_2013_7_1,MICCAI_BraTS2020_TrainingData,/home/feiner/datasets/BraTS/ssn/MICCAI_BraTS2020_TrainingData/BraTS20_Training_140/BraTS20_Training_140_seg.nii.gz,/home/feiner/datasets/BraTS/ssn/MICCAI_BraTS2020_TrainingData/BraTS20_Training_140/BraTS20_Training_140_brain_mask.nii.gz,/home/feiner/datasets/BraTS/ssn/MICCAI_BraTS2020_TrainingData/BraTS20_Training_140/BraTS20_Training_140_flair.nii.gz,/home/feiner/datasets/BraTS/ssn/MICCAI_BraTS2020_TrainingData/BraTS20_Training_140/BraTS20_Training_140_t1.nii.gz,/home/feiner/datasets/BraTS/ssn/MICCAI_BraTS2020_TrainingData/BraTS20_Training_140/BraTS20_Training_140_t1ce.nii.gz,/home/feiner/datasets/BraTS/ssn/MICCAI_BraTS2020_TrainingData/BraTS20_Training_140/BraTS20_Training_140_t2.nii.gz,True,,BraTS20_Training_140,Brats17_2013_7_1,,BraTS19_2013_7_1
HGG,Brats18_CBICA_ABB_1,Brats18_CBICA_ABB_1,MICCAI_BraTS2020_TrainingData,/home/feiner/datasets/BraTS/ssn/MICCAI_BraTS2020_TrainingData/BraTS20_Training_005/BraTS20_Training_005_seg.nii.gz,/home/feiner/datasets/BraTS/ssn/MICCAI_BraTS2020_TrainingData/BraTS20_Training_005/BraTS20_Training_005_brain_mask.nii.gz,/home/feiner/datasets/BraTS/ssn/MICCAI_BraTS2020_TrainingData/BraTS20_Training_005/BraTS20_Training_005_flair.nii.gz,/home/feiner/datasets/BraTS/ssn/MICCAI_BraTS2020_TrainingData/BraTS20_Training_005/BraTS20_Training_005_t1.nii.gz,/home/feiner/datasets/BraTS/ssn/MICCAI_BraTS2020_TrainingData/BraTS20_Training_005/BraTS20_Training_005_t1ce.nii.gz,/home/feiner/datasets/BraTS/ssn/MICCAI_BraTS2020_TrainingData/BraTS20_Training_005/BraTS20_Training_005_t2.nii.gz,True,,BraTS20_Training_005,Brats17_CBICA_ABB_1,,BraTS19_CBICA_ABB_1
HGG,Brats18_CBICA_ABN_1,Brats18_CBICA_ABN_1,MICCAI_BraTS2020_TrainingData,/home/feiner/datasets/BraTS/ssn/MICCAI_BraTS2020_TrainingData/BraTS20_Training_008/BraTS20_Training_008_seg.nii.gz,/home/feiner/datasets/BraTS/ssn/MICCAI_BraTS2020_TrainingData/BraTS20_Training_008/BraTS20_Training_008_brain_mask.nii.gz,/home/feiner/datasets/BraTS/ssn/MICCAI_BraTS2020_TrainingData/BraTS20_Training_008/BraTS20_Training_008_flair.nii.gz,/home/feiner/datasets/BraTS/ssn/MICCAI_BraTS2020_TrainingData/BraTS20_Training_008/BraTS20_Training_008_t1.nii.gz,/home/feiner/datasets/BraTS/ssn/MICCAI_BraTS2020_TrainingData/BraTS20_Training_008/BraTS20_Training_008_t1ce.nii.gz,/home/feiner/datasets/BraTS/ssn/MICCAI_BraTS2020_TrainingData/BraTS20_Training_008/BraTS20_Training_008_t2.nii.gz,True,,BraTS20_Training_008,Brats17_CBICA_ABN_1,,BraTS19_CBICA_ABN_1
HGG,Brats18_CBICA_ABO_1,Brats18_CBICA_ABO_1,MICCAI_BraTS2020_TrainingData,/home/feiner/datasets/BraTS/ssn/MICCAI_BraTS2020_TrainingData/BraTS20_Training_009/BraTS20_Training_009_seg.nii.gz,/home/feiner/datasets/BraTS/ssn/MICCAI_BraTS2020_TrainingData/BraTS20_Training_009/BraTS20_Training_009_brain_mask.nii.gz,/home/feiner/datasets/BraTS/ssn/MICCAI_BraTS2020_TrainingData/BraTS20_Training_009/BraTS20_Training_009_flair.nii.gz,/home/feiner/datasets/BraTS/ssn/MICCAI_BraTS2020_TrainingData/BraTS20_Training_009/BraTS20_Training_009_t1.nii.gz,/home/feiner/datasets/BraTS/ssn/MICCAI_BraTS2020_TrainingData/BraTS20_Training_009/BraTS20_Training_009_t1ce.nii.gz,/home/feiner/datasets/BraTS/ssn/MICCAI_BraTS2020_TrainingData/BraTS20_Training_009/BraTS20_Training_009_t2.nii.gz,True,,BraTS20_Training_009,Brats17_CBICA_ABO_1,,BraTS19_CBICA_ABO_1
HGG,Brats18_CBICA_ALU_1,Brats18_CBICA_ALU_1,MICCAI_BraTS2020_TrainingData,/home/feiner/datasets/BraTS/ssn/MICCAI_BraTS2020_TrainingData/BraTS20_Training_012/BraTS20_Training_012_seg.nii.gz,/home/feiner/datasets/BraTS/ssn/MICCAI_BraTS2020_TrainingData/BraTS20_Training_012/BraTS20_Training_012_brain_mask.nii.gz,/home/feiner/datasets/BraTS/ssn/MICCAI_BraTS2020_TrainingData/BraTS20_Training_012/BraTS20_Training_012_flair.nii.gz,/home/feiner/datasets/BraTS/ssn/MICCAI_BraTS2020_TrainingData/BraTS20_Training_012/BraTS20_Training_012_t1.nii.gz,/home/feiner/datasets/BraTS/ssn/MICCAI_BraTS2020_TrainingData/BraTS20_Training_012/BraTS20_Training_012_t1ce.nii.gz,/home/feiner/datasets/BraTS/ssn/MICCAI_BraTS2020_TrainingData/BraTS20_Training_012/BraTS20_Training_012_t2.nii.gz,True,,BraTS20_Training_012,Brats17_CBICA_ALU_1,,BraTS19_CBICA_ALU_1
HGG,Brats18_CBICA_AMH_1,Brats18_CBICA_AMH_1,MICCAI_BraTS2020_TrainingData,/home/feiner/datasets/BraTS/ssn/MICCAI_BraTS2020_TrainingData/BraTS20_Training_015/BraTS20_Training_015_seg.nii.gz,/home/feiner/datasets/BraTS/ssn/MICCAI_BraTS2020_TrainingData/BraTS20_Training_015/BraTS20_Training_015_brain_mask.nii.gz,/home/feiner/datasets/BraTS/ssn/MICCAI_BraTS2020_TrainingData/BraTS20_Training_015/BraTS20_Training_015_flair.nii.gz,/home/feiner/datasets/BraTS/ssn/MICCAI_BraTS2020_TrainingData/BraTS20_Training_015/BraTS20_Training_015_t1.nii.gz,/home/feiner/datasets/BraTS/ssn/MICCAI_BraTS2020_TrainingData/BraTS20_Training_015/BraTS20_Training_015_t1ce.nii.gz,/home/feiner/datasets/BraTS/ssn/MICCAI_BraTS2020_TrainingData/BraTS20_Training_015/BraTS20_Training_015_t2.nii.gz,True,,BraTS20_Training_015,Brats17_CBICA_AMH_1,,BraTS19_CBICA_AMH_1
HGG,Brats18_CBICA_ANZ_1,Brats18_CBICA_ANZ_1,MICCAI_BraTS2020_TrainingData,/home/feiner/datasets/BraTS/ssn/MICCAI_BraTS2020_TrainingData/BraTS20_Training_019/BraTS20_Training_019_seg.nii.gz,/home/feiner/datasets/BraTS/ssn/MICCAI_BraTS2020_TrainingData/BraTS20_Training_019/BraTS20_Training_019_brain_mask.nii.gz,/home/feiner/datasets/BraTS/ssn/MICCAI_BraTS2020_TrainingData/BraTS20_Training_019/BraTS20_Training_019_flair.nii.gz,/home/feiner/datasets/BraTS/ssn/MICCAI_BraTS2020_TrainingData/BraTS20_Training_019/BraTS20_Training_019_t1.nii.gz,/home/feiner/datasets/BraTS/ssn/MICCAI_BraTS2020_TrainingData/BraTS20_Training_019/BraTS20_Training_019_t1ce.nii.gz,/home/feiner/datasets/BraTS/ssn/MICCAI_BraTS2020_TrainingData/BraTS20_Training_019/BraTS20_Training_019_t2.nii.gz,True,,BraTS20_Training_019,Brats17_CBICA_ANZ_1,,BraTS19_CBICA_ANZ_1
HGG,Brats18_CBICA_AOO_1,Brats18_CBICA_AOO_1,MICCAI_BraTS2020_TrainingData,/home/feiner/datasets/BraTS/ssn/MICCAI_BraTS2020_TrainingData/BraTS20_Training_022/BraTS20_Training_022_seg.nii.gz,/home/feiner/datasets/BraTS/ssn/MICCAI_BraTS2020_TrainingData/BraTS20_Training_022/BraTS20_Training_022_brain_mask.nii.gz,/home/feiner/datasets/BraTS/ssn/MICCAI_BraTS2020_TrainingData/BraTS20_Training_022/BraTS20_Training_022_flair.nii.gz,/home/feiner/datasets/BraTS/ssn/MICCAI_BraTS2020_TrainingData/BraTS20_Training_022/BraTS20_Training_022_t1.nii.gz,/home/feiner/datasets/BraTS/ssn/MICCAI_BraTS2020_TrainingData/BraTS20_Training_022/BraTS20_Training_022_t1ce.nii.gz,/home/feiner/datasets/BraTS/ssn/MICCAI_BraTS2020_TrainingData/BraTS20_Training_022/BraTS20_Training_022_t2.nii.gz,True,,BraTS20_Training_022,Brats17_CBICA_AOO_1,,BraTS19_CBICA_AOO_1
HGG,Brats18_CBICA_APY_1,Brats18_CBICA_APY_1,MICCAI_BraTS2020_TrainingData,/home/feiner/datasets/BraTS/ssn/MICCAI_BraTS2020_TrainingData/BraTS20_Training_026/BraTS20_Training_026_seg.nii.gz,/home/feiner/datasets/BraTS/ssn/MICCAI_BraTS2020_TrainingData/BraTS20_Training_026/BraTS20_Training_026_brain_mask.nii.gz,/home/feiner/datasets/BraTS/ssn/MICCAI_BraTS2020_TrainingData/BraTS20_Training_026/BraTS20_Training_026_flair.nii.gz,/home/feiner/datasets/BraTS/ssn/MICCAI_BraTS2020_TrainingData/BraTS20_Training_026/BraTS20_Training_026_t1.nii.gz,/home/feiner/datasets/BraTS/ssn/MICCAI_BraTS2020_TrainingData/BraTS20_Training_026/BraTS20_Training_026_t1ce.nii.gz,/home/feiner/datasets/BraTS/ssn/MICCAI_BraTS2020_TrainingData/BraTS20_Training_026/BraTS20_Training_026_t2.nii.gz,True,,BraTS20_Training_026,Brats17_CBICA_APY_1,,BraTS19_CBICA_APY_1
HGG,Brats18_CBICA_APZ_1,Brats18_CBICA_APZ_1,MICCAI_BraTS2020_TrainingData,/home/feiner/datasets/BraTS/ssn/MICCAI_BraTS2020_TrainingData/BraTS20_Training_027/BraTS20_Training_027_seg.nii.gz,/home/feiner/datasets/BraTS/ssn/MICCAI_BraTS2020_TrainingData/BraTS20_Training_027/BraTS20_Training_027_brain_mask.nii.gz,/home/feiner/datasets/BraTS/ssn/MICCAI_BraTS2020_TrainingData/BraTS20_Training_027/BraTS20_Training_027_flair.nii.gz,/home/feiner/datasets/BraTS/ssn/MICCAI_BraTS2020_TrainingData/BraTS20_Training_027/BraTS20_Training_027_t1.nii.gz,/home/feiner/datasets/BraTS/ssn/MICCAI_BraTS2020_TrainingData/BraTS20_Training_027/BraTS20_Training_027_t1ce.nii.gz,/home/feiner/datasets/BraTS/ssn/MICCAI_BraTS2020_TrainingData/BraTS20_Training_027/BraTS20_Training_027_t2.nii.gz,True,,BraTS20_Training_027,Brats17_CBICA_APZ_1,,BraTS19_CBICA_APZ_1
HGG,Brats18_CBICA_AQD_1,Brats18_CBICA_AQD_1,MICCAI_BraTS2020_TrainingData,/home/feiner/datasets/BraTS/ssn/MICCAI_BraTS2020_TrainingData/BraTS20_Training_029/BraTS20_Training_029_seg.nii.gz,/home/feiner/datasets/BraTS/ssn/MICCAI_BraTS2020_TrainingData/BraTS20_Training_029/BraTS20_Training_029_brain_mask.nii.gz,/home/feiner/datasets/BraTS/ssn/MICCAI_BraTS2020_TrainingData/BraTS20_Training_029/BraTS20_Training_029_flair.nii.gz,/home/feiner/datasets/BraTS/ssn/MICCAI_BraTS2020_TrainingData/BraTS20_Training_029/BraTS20_Training_029_t1.nii.gz,/home/feiner/datasets/BraTS/ssn/MICCAI_BraTS2020_TrainingData/BraTS20_Training_029/BraTS20_Training_029_t1ce.nii.gz,/home/feiner/datasets/BraTS/ssn/MICCAI_BraTS2020_TrainingData/BraTS20_Training_029/BraTS20_Training_029_t2.nii.gz,True,,BraTS20_Training_029,Brats17_CBICA_AQD_1,,BraTS19_CBICA_AQD_1
HGG,Brats18_CBICA_AQJ_1,Brats18_CBICA_AQJ_1,MICCAI_BraTS2020_TrainingData,/home/feiner/datasets/BraTS/ssn/MICCAI_BraTS2020_TrainingData/BraTS20_Training_031/BraTS20_Training_031_seg.nii.gz,/home/feiner/datasets/BraTS/ssn/MICCAI_BraTS2020_TrainingData/BraTS20_Training_031/BraTS20_Training_031_brain_mask.nii.gz,/home/feiner/datasets/BraTS/ssn/MICCAI_BraTS2020_TrainingData/BraTS20_Training_031/BraTS20_Training_031_flair.nii.gz,/home/feiner/datasets/BraTS/ssn/MICCAI_BraTS2020_TrainingData/BraTS20_Training_031/BraTS20_Training_031_t1.nii.gz,/home/feiner/datasets/BraTS/ssn/MICCAI_BraTS2020_TrainingData/BraTS20_Training_031/BraTS20_Training_031_t1ce.nii.gz,/home/feiner/datasets/BraTS/ssn/MICCAI_BraTS2020_TrainingData/BraTS20_Training_031/BraTS20_Training_031_t2.nii.gz,True,,BraTS20_Training_031,Brats17_CBICA_AQJ_1,,BraTS19_CBICA_AQJ_1
HGG,Brats18_CBICA_ASG_1,Brats18_CBICA_ASG_1,MICCAI_BraTS2020_TrainingData,/home/feiner/datasets/BraTS/ssn/MICCAI_BraTS2020_TrainingData/BraTS20_Training_047/BraTS20_Training_047_seg.nii.gz,/home/feiner/datasets/BraTS/ssn/MICCAI_BraTS2020_TrainingData/BraTS20_Training_047/BraTS20_Training_047_brain_mask.nii.gz,/home/feiner/datasets/BraTS/ssn/MICCAI_BraTS2020_TrainingData/BraTS20_Training_047/BraTS20_Training_047_flair.nii.gz,/home/feiner/datasets/BraTS/ssn/MICCAI_BraTS2020_TrainingData/BraTS20_Training_047/BraTS20_Training_047_t1.nii.gz,/home/feiner/datasets/BraTS/ssn/MICCAI_BraTS2020_TrainingData/BraTS20_Training_047/BraTS20_Training_047_t1ce.nii.gz,/home/feiner/datasets/BraTS/ssn/MICCAI_BraTS2020_TrainingData/BraTS20_Training_047/BraTS20_Training_047_t2.nii.gz,True,,BraTS20_Training_047,Brats17_CBICA_ASG_1,,BraTS19_CBICA_ASG_1
HGG,Brats18_CBICA_ASK_1,Brats18_CBICA_ASK_1,MICCAI_BraTS2020_TrainingData,/home/feiner/datasets/BraTS/ssn/MICCAI_BraTS2020_TrainingData/BraTS20_Training_049/BraTS20_Training_049_seg.nii.gz,/home/feiner/datasets/BraTS/ssn/MICCAI_BraTS2020_TrainingData/BraTS20_Training_049/BraTS20_Training_049_brain_mask.nii.gz,/home/feiner/datasets/BraTS/ssn/MICCAI_BraTS2020_TrainingData/BraTS20_Training_049/BraTS20_Training_049_flair.nii.gz,/home/feiner/datasets/BraTS/ssn/MICCAI_BraTS2020_TrainingData/BraTS20_Training_049/BraTS20_Training_049_t1.nii.gz,/home/feiner/datasets/BraTS/ssn/MICCAI_BraTS2020_TrainingData/BraTS20_Training_049/BraTS20_Training_049_t1ce.nii.gz,/home/feiner/datasets/BraTS/ssn/MICCAI_BraTS2020_TrainingData/BraTS20_Training_049/BraTS20_Training_049_t2.nii.gz,True,,BraTS20_Training_049,Brats17_CBICA_ASK_1,,BraTS19_CBICA_ASK_1
HGG,Brats18_CBICA_ASN_1,Brats18_CBICA_ASN_1,MICCAI_BraTS2020_TrainingData,/home/feiner/datasets/BraTS/ssn/MICCAI_BraTS2020_TrainingData/BraTS20_Training_050/BraTS20_Training_050_seg.nii.gz,/home/feiner/datasets/BraTS/ssn/MICCAI_BraTS2020_TrainingData/BraTS20_Training_050/BraTS20_Training_050_brain_mask.nii.gz,/home/feiner/datasets/BraTS/ssn/MICCAI_BraTS2020_TrainingData/BraTS20_Training_050/BraTS20_Training_050_flair.nii.gz,/home/feiner/datasets/BraTS/ssn/MICCAI_BraTS2020_TrainingData/BraTS20_Training_050/BraTS20_Training_050_t1.nii.gz,/home/feiner/datasets/BraTS/ssn/MICCAI_BraTS2020_TrainingData/BraTS20_Training_050/BraTS20_Training_050_t1ce.nii.gz,/home/feiner/datasets/BraTS/ssn/MICCAI_BraTS2020_TrainingData/BraTS20_Training_050/BraTS20_Training_050_t2.nii.gz,True,,BraTS20_Training_050,Brats17_CBICA_ASN_1,,BraTS19_CBICA_ASN_1
HGG,Brats18_CBICA_ASV_1,Brats18_CBICA_ASV_1,MICCAI_BraTS2020_TrainingData,/home/feiner/datasets/BraTS/ssn/MICCAI_BraTS2020_TrainingData/BraTS20_Training_053/BraTS20_Training_053_seg.nii.gz,/home/feiner/datasets/BraTS/ssn/MICCAI_BraTS2020_TrainingData/BraTS20_Training_053/BraTS20_Training_053_brain_mask.nii.gz,/home/feiner/datasets/BraTS/ssn/MICCAI_BraTS2020_TrainingData/BraTS20_Training_053/BraTS20_Training_053_flair.nii.gz,/home/feiner/datasets/BraTS/ssn/MICCAI_BraTS2020_TrainingData/BraTS20_Training_053/BraTS20_Training_053_t1.nii.gz,/home/feiner/datasets/BraTS/ssn/MICCAI_BraTS2020_TrainingData/BraTS20_Training_053/BraTS20_Training_053_t1ce.nii.gz,/home/feiner/datasets/BraTS/ssn/MICCAI_BraTS2020_TrainingData/BraTS20_Training_053/BraTS20_Training_053_t2.nii.gz,True,,BraTS20_Training_053,Brats17_CBICA_ASV_1,,BraTS19_CBICA_ASV_1
HGG,Brats18_CBICA_ASW_1,Brats18_CBICA_ASW_1,MICCAI_BraTS2020_TrainingData,/home/feiner/datasets/BraTS/ssn/MICCAI_BraTS2020_TrainingData/BraTS20_Training_054/BraTS20_Training_054_seg.nii.gz,/home/feiner/datasets/BraTS/ssn/MICCAI_BraTS2020_TrainingData/BraTS20_Training_054/BraTS20_Training_054_brain_mask.nii.gz,/home/feiner/datasets/BraTS/ssn/MICCAI_BraTS2020_TrainingData/BraTS20_Training_054/BraTS20_Training_054_flair.nii.gz,/home/feiner/datasets/BraTS/ssn/MICCAI_BraTS2020_TrainingData/BraTS20_Training_054/BraTS20_Training_054_t1.nii.gz,/home/feiner/datasets/BraTS/ssn/MICCAI_BraTS2020_TrainingData/BraTS20_Training_054/BraTS20_Training_054_t1ce.nii.gz,/home/feiner/datasets/BraTS/ssn/MICCAI_BraTS2020_TrainingData/BraTS20_Training_054/BraTS20_Training_054_t2.nii.gz,True,,BraTS20_Training_054,Brats17_CBICA_ASW_1,,BraTS19_CBICA_ASW_1
HGG,Brats18_CBICA_ATP_1,Brats18_CBICA_ATP_1,MICCAI_BraTS2020_TrainingData,/home/feiner/datasets/BraTS/ssn/MICCAI_BraTS2020_TrainingData/BraTS20_Training_059/BraTS20_Training_059_seg.nii.gz,/home/feiner/datasets/BraTS/ssn/MICCAI_BraTS2020_TrainingData/BraTS20_Training_059/BraTS20_Training_059_brain_mask.nii.gz,/home/feiner/datasets/BraTS/ssn/MICCAI_BraTS2020_TrainingData/BraTS20_Training_059/BraTS20_Training_059_flair.nii.gz,/home/feiner/datasets/BraTS/ssn/MICCAI_BraTS2020_TrainingData/BraTS20_Training_059/BraTS20_Training_059_t1.nii.gz,/home/feiner/datasets/BraTS/ssn/MICCAI_BraTS2020_TrainingData/BraTS20_Training_059/BraTS20_Training_059_t1ce.nii.gz,/home/feiner/datasets/BraTS/ssn/MICCAI_BraTS2020_TrainingData/BraTS20_Training_059/BraTS20_Training_059_t2.nii.gz,True,,BraTS20_Training_059,Brats17_CBICA_ATP_1,,BraTS19_CBICA_ATP_1
HGG,Brats18_CBICA_AWH_1,Brats18_CBICA_AWH_1,MICCAI_BraTS2020_TrainingData,/home/feiner/datasets/BraTS/ssn/MICCAI_BraTS2020_TrainingData/BraTS20_Training_069/BraTS20_Training_069_seg.nii.gz,/home/feiner/datasets/BraTS/ssn/MICCAI_BraTS2020_TrainingData/BraTS20_Training_069/BraTS20_Training_069_brain_mask.nii.gz,/home/feiner/datasets/BraTS/ssn/MICCAI_BraTS2020_TrainingData/BraTS20_Training_069/BraTS20_Training_069_flair.nii.gz,/home/feiner/datasets/BraTS/ssn/MICCAI_BraTS2020_TrainingData/BraTS20_Training_069/BraTS20_Training_069_t1.nii.gz,/home/feiner/datasets/BraTS/ssn/MICCAI_BraTS2020_TrainingData/BraTS20_Training_069/BraTS20_Training_069_t1ce.nii.gz,/home/feiner/datasets/BraTS/ssn/MICCAI_BraTS2020_TrainingData/BraTS20_Training_069/BraTS20_Training_069_t2.nii.gz,True,,BraTS20_Training_069,Brats17_CBICA_AWH_1,,BraTS19_CBICA_AWH_1
HGG,Brats18_CBICA_AZD_1,Brats18_CBICA_AZD_1,MICCAI_BraTS2020_TrainingData,/home/feiner/datasets/BraTS/ssn/MICCAI_BraTS2020_TrainingData/BraTS20_Training_082/BraTS20_Training_082_seg.nii.gz,/home/feiner/datasets/BraTS/ssn/MICCAI_BraTS2020_TrainingData/BraTS20_Training_082/BraTS20_Training_082_brain_mask.nii.gz,/home/feiner/datasets/BraTS/ssn/MICCAI_BraTS2020_TrainingData/BraTS20_Training_082/BraTS20_Training_082_flair.nii.gz,/home/feiner/datasets/BraTS/ssn/MICCAI_BraTS2020_TrainingData/BraTS20_Training_082/BraTS20_Training_082_t1.nii.gz,/home/feiner/datasets/BraTS/ssn/MICCAI_BraTS2020_TrainingData/BraTS20_Training_082/BraTS20_Training_082_t1ce.nii.gz,/home/feiner/datasets/BraTS/ssn/MICCAI_BraTS2020_TrainingData/BraTS20_Training_082/BraTS20_Training_082_t2.nii.gz,True,,BraTS20_Training_082,Brats17_CBICA_AZD_1,,BraTS19_CBICA_AZD_1
HGG,Brats18_TCIA01_131_1,Brats18_TCIA01_131_1,MICCAI_BraTS2020_TrainingData,/home/feiner/datasets/BraTS/ssn/MICCAI_BraTS2020_TrainingData/BraTS20_Training_172/BraTS20_Training_172_seg.nii.gz,/home/feiner/datasets/BraTS/ssn/MICCAI_BraTS2020_TrainingData/BraTS20_Training_172/BraTS20_Training_172_brain_mask.nii.gz,/home/feiner/datasets/BraTS/ssn/MICCAI_BraTS2020_TrainingData/BraTS20_Training_172/BraTS20_Training_172_flair.nii.gz,/home/feiner/datasets/BraTS/ssn/MICCAI_BraTS2020_TrainingData/BraTS20_Training_172/BraTS20_Training_172_t1.nii.gz,/home/feiner/datasets/BraTS/ssn/MICCAI_BraTS2020_TrainingData/BraTS20_Training_172/BraTS20_Training_172_t1ce.nii.gz,/home/feiner/datasets/BraTS/ssn/MICCAI_BraTS2020_TrainingData/BraTS20_Training_172/BraTS20_Training_172_t2.nii.gz,True,,BraTS20_Training_172,Brats17_TCIA_131_1,TCGA-02-0070,BraTS19_TCIA01_131_1
HGG,Brats18_TCIA01_147_1,Brats18_TCIA01_147_1,MICCAI_BraTS2020_TrainingData,/home/feiner/datasets/BraTS/ssn/MICCAI_BraTS2020_TrainingData/BraTS20_Training_165/BraTS20_Training_165_seg.nii.gz,/home/feiner/datasets/BraTS/ssn/MICCAI_BraTS2020_TrainingData/BraTS20_Training_165/BraTS20_Training_165_brain_mask.nii.gz,/home/feiner/datasets/BraTS/ssn/MICCAI_BraTS2020_TrainingData/BraTS20_Training_165/BraTS20_Training_165_flair.nii.gz,/home/feiner/datasets/BraTS/ssn/MICCAI_BraTS2020_TrainingData/BraTS20_Training_165/BraTS20_Training_165_t1.nii.gz,/home/feiner/datasets/BraTS/ssn/MICCAI_BraTS2020_TrainingData/BraTS20_Training_165/BraTS20_Training_165_t1ce.nii.gz,/home/feiner/datasets/BraTS/ssn/MICCAI_BraTS2020_TrainingData/BraTS20_Training_165/BraTS20_Training_165_t2.nii.gz,True,,BraTS20_Training_165,Brats17_TCIA_147_1,TCGA-02-0046,BraTS19_TCIA01_147_1
HGG,Brats18_TCIA01_180_1,Brats18_TCIA01_180_1,MICCAI_BraTS2020_TrainingData,/home/feiner/datasets/BraTS/ssn/MICCAI_BraTS2020_TrainingData/BraTS20_Training_171/BraTS20_Training_171_seg.nii.gz,/home/feiner/datasets/BraTS/ssn/MICCAI_BraTS2020_TrainingData/BraTS20_Training_171/BraTS20_Training_171_brain_mask.nii.gz,/home/feiner/datasets/BraTS/ssn/MICCAI_BraTS2020_TrainingData/BraTS20_Training_171/BraTS20_Training_171_flair.nii.gz,/home/feiner/datasets/BraTS/ssn/MICCAI_BraTS2020_TrainingData/BraTS20_Training_171/BraTS20_Training_171_t1.nii.gz,/home/feiner/datasets/BraTS/ssn/MICCAI_BraTS2020_TrainingData/BraTS20_Training_171/BraTS20_Training_171_t1ce.nii.gz,/home/feiner/datasets/BraTS/ssn/MICCAI_BraTS2020_TrainingData/BraTS20_Training_171/BraTS20_Training_171_t2.nii.gz,True,,BraTS20_Training_171,Brats17_TCIA_180_1,TCGA-02-0069,BraTS19_TCIA01_180_1
HGG,Brats18_TCIA01_190_1,Brats18_TCIA01_190_1,MICCAI_BraTS2020_TrainingData,/home/feiner/datasets/BraTS/ssn/MICCAI_BraTS2020_TrainingData/BraTS20_Training_159/BraTS20_Training_159_seg.nii.gz,/home/feiner/datasets/BraTS/ssn/MICCAI_BraTS2020_TrainingData/BraTS20_Training_159/BraTS20_Training_159_brain_mask.nii.gz,/home/feiner/datasets/BraTS/ssn/MICCAI_BraTS2020_TrainingData/BraTS20_Training_159/BraTS20_Training_159_flair.nii.gz,/home/feiner/datasets/BraTS/ssn/MICCAI_BraTS2020_TrainingData/BraTS20_Training_159/BraTS20_Training_159_t1.nii.gz,/home/feiner/datasets/BraTS/ssn/MICCAI_BraTS2020_TrainingData/BraTS20_Training_159/BraTS20_Training_159_t1ce.nii.gz,/home/feiner/datasets/BraTS/ssn/MICCAI_BraTS2020_TrainingData/BraTS20_Training_159/BraTS20_Training_159_t2.nii.gz,True,,BraTS20_Training_159,Brats17_TCIA_190_1,TCGA-02-0009,BraTS19_TCIA01_190_1
HGG,Brats18_TCIA01_335_1,Brats18_TCIA01_335_1,MICCAI_BraTS2020_TrainingData,/home/feiner/datasets/BraTS/ssn/MICCAI_BraTS2020_TrainingData/BraTS20_Training_178/BraTS20_Training_178_seg.nii.gz,/home/feiner/datasets/BraTS/ssn/MICCAI_BraTS2020_TrainingData/BraTS20_Training_178/BraTS20_Training_178_brain_mask.nii.gz,/home/feiner/datasets/BraTS/ssn/MICCAI_BraTS2020_TrainingData/BraTS20_Training_178/BraTS20_Training_178_flair.nii.gz,/home/feiner/datasets/BraTS/ssn/MICCAI_BraTS2020_TrainingData/BraTS20_Training_178/BraTS20_Training_178_t1.nii.gz,/home/feiner/datasets/BraTS/ssn/MICCAI_BraTS2020_TrainingData/BraTS20_Training_178/BraTS20_Training_178_t1ce.nii.gz,/home/feiner/datasets/BraTS/ssn/MICCAI_BraTS2020_TrainingData/BraTS20_Training_178/BraTS20_Training_178_t2.nii.gz,True,,BraTS20_Training_178,Brats17_TCIA_335_1,TCGA-02-0106,BraTS19_TCIA01_335_1
HGG,Brats18_TCIA02_117_1,Brats18_TCIA02_117_1,MICCAI_BraTS2020_TrainingData,/home/feiner/datasets/BraTS/ssn/MICCAI_BraTS2020_TrainingData/BraTS20_Training_211/BraTS20_Training_211_seg.nii.gz,/home/feiner/datasets/BraTS/ssn/MICCAI_BraTS2020_TrainingData/BraTS20_Training_211/BraTS20_Training_211_brain_mask.nii.gz,/home/feiner/datasets/BraTS/ssn/MICCAI_BraTS2020_TrainingData/BraTS20_Training_211/BraTS20_Training_211_flair.nii.gz,/home/feiner/datasets/BraTS/ssn/MICCAI_BraTS2020_TrainingData/BraTS20_Training_211/BraTS20_Training_211_t1.nii.gz,/home/feiner/datasets/BraTS/ssn/MICCAI_BraTS2020_TrainingData/BraTS20_Training_211/BraTS20_Training_211_t1ce.nii.gz,/home/feiner/datasets/BraTS/ssn/MICCAI_BraTS2020_TrainingData/BraTS20_Training_211/BraTS20_Training_211_t2.nii.gz,True,,BraTS20_Training_211,Brats17_TCIA_117_1,TCGA-06-5413,BraTS19_TCIA02_117_1
HGG,Brats18_TCIA02_135_1,Brats18_TCIA02_135_1,MICCAI_BraTS2020_TrainingData,/home/feiner/datasets/BraTS/ssn/MICCAI_BraTS2020_TrainingData/BraTS20_Training_199/BraTS20_Training_199_seg.nii.gz,/home/feiner/datasets/BraTS/ssn/MICCAI_BraTS2020_TrainingData/BraTS20_Training_199/BraTS20_Training_199_brain_mask.nii.gz,/home/feiner/datasets/BraTS/ssn/MICCAI_BraTS2020_TrainingData/BraTS20_Training_199/BraTS20_Training_199_flair.nii.gz,/home/feiner/datasets/BraTS/ssn/MICCAI_BraTS2020_TrainingData/BraTS20_Training_199/BraTS20_Training_199_t1.nii.gz,/home/feiner/datasets/BraTS/ssn/MICCAI_BraTS2020_TrainingData/BraTS20_Training_199/BraTS20_Training_199_t1ce.nii.gz,/home/feiner/datasets/BraTS/ssn/MICCAI_BraTS2020_TrainingData/BraTS20_Training_199/BraTS20_Training_199_t2.nii.gz,True,,BraTS20_Training_199,Brats17_TCIA_135_1,TCGA-06-0187,BraTS19_TCIA02_135_1
HGG,Brats18_TCIA02_198_1,Brats18_TCIA02_198_1,MICCAI_BraTS2020_TrainingData,/home/feiner/datasets/BraTS/ssn/MICCAI_BraTS2020_TrainingData/BraTS20_Training_182/BraTS20_Training_182_seg.nii.gz,/home/feiner/datasets/BraTS/ssn/MICCAI_BraTS2020_TrainingData/BraTS20_Training_182/BraTS20_Training_182_brain_mask.nii.gz,/home/feiner/datasets/BraTS/ssn/MICCAI_BraTS2020_TrainingData/BraTS20_Training_182/BraTS20_Training_182_flair.nii.gz,/home/feiner/datasets/BraTS/ssn/MICCAI_BraTS2020_TrainingData/BraTS20_Training_182/BraTS20_Training_182_t1.nii.gz,/home/feiner/datasets/BraTS/ssn/MICCAI_BraTS2020_TrainingData/BraTS20_Training_182/BraTS20_Training_182_t1ce.nii.gz,/home/feiner/datasets/BraTS/ssn/MICCAI_BraTS2020_TrainingData/BraTS20_Training_182/BraTS20_Training_182_t2.nii.gz,True,,BraTS20_Training_182,Brats17_TCIA_198_1,TCGA-06-0130,BraTS19_TCIA02_198_1
HGG,Brats18_TCIA02_208_1,Brats18_TCIA02_208_1,MICCAI_BraTS2020_TrainingData,/home/feiner/datasets/BraTS/ssn/MICCAI_BraTS2020_TrainingData/BraTS20_Training_205/BraTS20_Training_205_seg.nii.gz,/home/feiner/datasets/BraTS/ssn/MICCAI_BraTS2020_TrainingData/BraTS20_Training_205/BraTS20_Training_205_brain_mask.nii.gz,/home/feiner/datasets/BraTS/ssn/MICCAI_BraTS2020_TrainingData/BraTS20_Training_205/BraTS20_Training_205_flair.nii.gz,/home/feiner/datasets/BraTS/ssn/MICCAI_BraTS2020_TrainingData/BraTS20_Training_205/BraTS20_Training_205_t1.nii.gz,/home/feiner/datasets/BraTS/ssn/MICCAI_BraTS2020_TrainingData/BraTS20_Training_205/BraTS20_Training_205_t1ce.nii.gz,/home/feiner/datasets/BraTS/ssn/MICCAI_BraTS2020_TrainingData/BraTS20_Training_205/BraTS20_Training_205_t2.nii.gz,True,,BraTS20_Training_205,Brats17_TCIA_208_1,TCGA-06-0644,BraTS19_TCIA02_208_1
HGG,Brats18_TCIA02_290_1,Brats18_TCIA02_290_1,MICCAI_BraTS2020_TrainingData,/home/feiner/datasets/BraTS/ssn/MICCAI_BraTS2020_TrainingData/BraTS20_Training_184/BraTS20_Training_184_seg.nii.gz,/home/feiner/datasets/BraTS/ssn/MICCAI_BraTS2020_TrainingData/BraTS20_Training_184/BraTS20_Training_184_brain_mask.nii.gz,/home/feiner/datasets/BraTS/ssn/MICCAI_BraTS2020_TrainingData/BraTS20_Training_184/BraTS20_Training_184_flair.nii.gz,/home/feiner/datasets/BraTS/ssn/MICCAI_BraTS2020_TrainingData/BraTS20_Training_184/BraTS20_Training_184_t1.nii.gz,/home/feiner/datasets/BraTS/ssn/MICCAI_BraTS2020_TrainingData/BraTS20_Training_184/BraTS20_Training_184_t1ce.nii.gz,/home/feiner/datasets/BraTS/ssn/MICCAI_BraTS2020_TrainingData/BraTS20_Training_184/BraTS20_Training_184_t2.nii.gz,True,,BraTS20_Training_184,Brats17_TCIA_290_1,TCGA-06-0138,BraTS19_TCIA02_290_1
HGG,Brats18_TCIA02_455_1,Brats18_TCIA02_455_1,MICCAI_BraTS2020_TrainingData,/home/feiner/datasets/BraTS/ssn/MICCAI_BraTS2020_TrainingData/BraTS20_Training_189/BraTS20_Training_189_seg.nii.gz,/home/feiner/datasets/BraTS/ssn/MICCAI_BraTS2020_TrainingData/BraTS20_Training_189/BraTS20_Training_189_brain_mask.nii.gz,/home/feiner/datasets/BraTS/ssn/MICCAI_BraTS2020_TrainingData/BraTS20_Training_189/BraTS20_Training_189_flair.nii.gz,/home/feiner/datasets/BraTS/ssn/MICCAI_BraTS2020_TrainingData/BraTS20_Training_189/BraTS20_Training_189_t1.nii.gz,/home/feiner/datasets/BraTS/ssn/MICCAI_BraTS2020_TrainingData/BraTS20_Training_189/BraTS20_Training_189_t1ce.nii.gz,/home/feiner/datasets/BraTS/ssn/MICCAI_BraTS2020_TrainingData/BraTS20_Training_189/BraTS20_Training_189_t2.nii.gz,True,,BraTS20_Training_189,Brats17_TCIA_455_1,TCGA-06-0154,BraTS19_TCIA02_455_1
HGG,Brats18_TCIA03_199_1,Brats18_TCIA03_199_1,MICCAI_BraTS2020_TrainingData,/home/feiner/datasets/BraTS/ssn/MICCAI_BraTS2020_TrainingData/BraTS20_Training_223/BraTS20_Training_223_seg.nii.gz,/home/feiner/datasets/BraTS/ssn/MICCAI_BraTS2020_TrainingData/BraTS20_Training_223/BraTS20_Training_223_brain_mask.nii.gz,/home/feiner/datasets/BraTS/ssn/MICCAI_BraTS2020_TrainingData/BraTS20_Training_223/BraTS20_Training_223_flair.nii.gz,/home/feiner/datasets/BraTS/ssn/MICCAI_BraTS2020_TrainingData/BraTS20_Training_223/BraTS20_Training_223_t1.nii.gz,/home/feiner/datasets/BraTS/ssn/MICCAI_BraTS2020_TrainingData/BraTS20_Training_223/BraTS20_Training_223_t1ce.nii.gz,/home/feiner/datasets/BraTS/ssn/MICCAI_BraTS2020_TrainingData/BraTS20_Training_223/BraTS20_Training_223_t2.nii.gz,True,,BraTS20_Training_223,Brats17_TCIA_199_1,TCGA-08-0512,BraTS19_TCIA03_199_1
HGG,Brats18_TCIA03_296_1,Brats18_TCIA03_296_1,MICCAI_BraTS2020_TrainingData,/home/feiner/datasets/BraTS/ssn/MICCAI_BraTS2020_TrainingData/BraTS20_Training_221/BraTS20_Training_221_seg.nii.gz,/home/feiner/datasets/BraTS/ssn/MICCAI_BraTS2020_TrainingData/BraTS20_Training_221/BraTS20_Training_221_brain_mask.nii.gz,/home/feiner/datasets/BraTS/ssn/MICCAI_BraTS2020_TrainingData/BraTS20_Training_221/BraTS20_Training_221_flair.nii.gz,/home/feiner/datasets/BraTS/ssn/MICCAI_BraTS2020_TrainingData/BraTS20_Training_221/BraTS20_Training_221_t1.nii.gz,/home/feiner/datasets/BraTS/ssn/MICCAI_BraTS2020_TrainingData/BraTS20_Training_221/BraTS20_Training_221_t1ce.nii.gz,/home/feiner/datasets/BraTS/ssn/MICCAI_BraTS2020_TrainingData/BraTS20_Training_221/BraTS20_Training_221_t2.nii.gz,True,,BraTS20_Training_221,Brats17_TCIA_296_1,TCGA-08-0392,BraTS19_TCIA03_296_1
HGG,Brats18_TCIA04_111_1,Brats18_TCIA04_111_1,MICCAI_BraTS2020_TrainingData,/home/feiner/datasets/BraTS/ssn/MICCAI_BraTS2020_TrainingData/BraTS20_Training_228/BraTS20_Training_228_seg.nii.gz,/home/feiner/datasets/BraTS/ssn/MICCAI_BraTS2020_TrainingData/BraTS20_Training_228/BraTS20_Training_228_brain_mask.nii.gz,/home/feiner/datasets/BraTS/ssn/MICCAI_BraTS2020_TrainingData/BraTS20_Training_228/BraTS20_Training_228_flair.nii.gz,/home/feiner/datasets/BraTS/ssn/MICCAI_BraTS2020_TrainingData/BraTS20_Training_228/BraTS20_Training_228_t1.nii.gz,/home/feiner/datasets/BraTS/ssn/MICCAI_BraTS2020_TrainingData/BraTS20_Training_228/BraTS20_Training_228_t1ce.nii.gz,/home/feiner/datasets/BraTS/ssn/MICCAI_BraTS2020_TrainingData/BraTS20_Training_228/BraTS20_Training_228_t2.nii.gz,True,,BraTS20_Training_228,Brats17_TCIA_111_1,TCGA-12-0829,BraTS19_TCIA04_111_1
HGG,Brats18_TCIA04_328_1,Brats18_TCIA04_328_1,MICCAI_BraTS2020_TrainingData,/home/feiner/datasets/BraTS/ssn/MICCAI_BraTS2020_TrainingData/BraTS20_Training_232/BraTS20_Training_232_seg.nii.gz,/home/feiner/datasets/BraTS/ssn/MICCAI_BraTS2020_TrainingData/BraTS20_Training_232/BraTS20_Training_232_brain_mask.nii.gz,/home/feiner/datasets/BraTS/ssn/MICCAI_BraTS2020_TrainingData/BraTS20_Training_232/BraTS20_Training_232_flair.nii.gz,/home/feiner/datasets/BraTS/ssn/MICCAI_BraTS2020_TrainingData/BraTS20_Training_232/BraTS20_Training_232_t1.nii.gz,/home/feiner/datasets/BraTS/ssn/MICCAI_BraTS2020_TrainingData/BraTS20_Training_232/BraTS20_Training_232_t1ce.nii.gz,/home/feiner/datasets/BraTS/ssn/MICCAI_BraTS2020_TrainingData/BraTS20_Training_232/BraTS20_Training_232_t2.nii.gz,True,,BraTS20_Training_232,Brats17_TCIA_328_1,TCGA-12-1601,BraTS19_TCIA04_328_1
HGG,Brats18_TCIA05_277_1,Brats18_TCIA05_277_1,MICCAI_BraTS2020_TrainingData,/home/feiner/datasets/BraTS/ssn/MICCAI_BraTS2020_TrainingData/BraTS20_Training_236/BraTS20_Training_236_seg.nii.gz,/home/feiner/datasets/BraTS/ssn/MICCAI_BraTS2020_TrainingData/BraTS20_Training_236/BraTS20_Training_236_brain_mask.nii.gz,/home/feiner/datasets/BraTS/ssn/MICCAI_BraTS2020_TrainingData/BraTS20_Training_236/BraTS20_Training_236_flair.nii.gz,/home/feiner/datasets/BraTS/ssn/MICCAI_BraTS2020_TrainingData/BraTS20_Training_236/BraTS20_Training_236_t1.nii.gz,/home/feiner/datasets/BraTS/ssn/MICCAI_BraTS2020_TrainingData/BraTS20_Training_236/BraTS20_Training_236_t1ce.nii.gz,/home/feiner/datasets/BraTS/ssn/MICCAI_BraTS2020_TrainingData/BraTS20_Training_236/BraTS20_Training_236_t2.nii.gz,True,,BraTS20_Training_236,Brats17_TCIA_277_1,TCGA-14-1825,BraTS19_TCIA05_277_1
HGG,Brats18_TCIA06_165_1,Brats18_TCIA06_165_1,MICCAI_BraTS2020_TrainingData,/home/feiner/datasets/BraTS/ssn/MICCAI_BraTS2020_TrainingData/BraTS20_Training_240/BraTS20_Training_240_seg.nii.gz,/home/feiner/datasets/BraTS/ssn/MICCAI_BraTS2020_TrainingData/BraTS20_Training_240/BraTS20_Training_240_brain_mask.nii.gz,/home/feiner/datasets/BraTS/ssn/MICCAI_BraTS2020_TrainingData/BraTS20_Training_240/BraTS20_Training_240_flair.nii.gz,/home/feiner/datasets/BraTS/ssn/MICCAI_BraTS2020_TrainingData/BraTS20_Training_240/BraTS20_Training_240_t1.nii.gz,/home/feiner/datasets/BraTS/ssn/MICCAI_BraTS2020_TrainingData/BraTS20_Training_240/BraTS20_Training_240_t1ce.nii.gz,/home/feiner/datasets/BraTS/ssn/MICCAI_BraTS2020_TrainingData/BraTS20_Training_240/BraTS20_Training_240_t2.nii.gz,True,,BraTS20_Training_240,Brats17_TCIA_165_1,TCGA-19-2624,BraTS19_TCIA06_165_1
HGG,Brats18_TCIA06_211_1,Brats18_TCIA06_211_1,MICCAI_BraTS2020_TrainingData,/home/feiner/datasets/BraTS/ssn/MICCAI_BraTS2020_TrainingData/BraTS20_Training_245/BraTS20_Training_245_seg.nii.gz,/home/feiner/datasets/BraTS/ssn/MICCAI_BraTS2020_TrainingData/BraTS20_Training_245/BraTS20_Training_245_brain_mask.nii.gz,/home/feiner/datasets/BraTS/ssn/MICCAI_BraTS2020_TrainingData/BraTS20_Training_245/BraTS20_Training_245_flair.nii.gz,/home/feiner/datasets/BraTS/ssn/MICCAI_BraTS2020_TrainingData/BraTS20_Training_245/BraTS20_Training_245_t1.nii.gz,/home/feiner/datasets/BraTS/ssn/MICCAI_BraTS2020_TrainingData/BraTS20_Training_245/BraTS20_Training_245_t1ce.nii.gz,/home/feiner/datasets/BraTS/ssn/MICCAI_BraTS2020_TrainingData/BraTS20_Training_245/BraTS20_Training_245_t2.nii.gz,True,,BraTS20_Training_245,Brats17_TCIA_211_1,TCGA-19-5960,BraTS19_TCIA06_211_1
HGG,Brats18_TCIA06_332_1,Brats18_TCIA06_332_1,MICCAI_BraTS2020_TrainingData,/home/feiner/datasets/BraTS/ssn/MICCAI_BraTS2020_TrainingData/BraTS20_Training_243/BraTS20_Training_243_seg.nii.gz,/home/feiner/datasets/BraTS/ssn/MICCAI_BraTS2020_TrainingData/BraTS20_Training_243/BraTS20_Training_243_brain_mask.nii.gz,/home/feiner/datasets/BraTS/ssn/MICCAI_BraTS2020_TrainingData/BraTS20_Training_243/BraTS20_Training_243_flair.nii.gz,/home/feiner/datasets/BraTS/ssn/MICCAI_BraTS2020_TrainingData/BraTS20_Training_243/BraTS20_Training_243_t1.nii.gz,/home/feiner/datasets/BraTS/ssn/MICCAI_BraTS2020_TrainingData/BraTS20_Training_243/BraTS20_Training_243_t1ce.nii.gz,/home/feiner/datasets/BraTS/ssn/MICCAI_BraTS2020_TrainingData/BraTS20_Training_243/BraTS20_Training_243_t2.nii.gz,True,,BraTS20_Training_243,Brats17_TCIA_332_1,TCGA-19-5954,BraTS19_TCIA06_332_1
HGG,Brats18_TCIA08_278_1,Brats18_TCIA08_278_1,MICCAI_BraTS2020_TrainingData,/home/feiner/datasets/BraTS/ssn/MICCAI_BraTS2020_TrainingData/BraTS20_Training_246/BraTS20_Training_246_seg.nii.gz,/home/feiner/datasets/BraTS/ssn/MICCAI_BraTS2020_TrainingData/BraTS20_Training_246/BraTS20_Training_246_brain_mask.nii.gz,/home/feiner/datasets/BraTS/ssn/MICCAI_BraTS2020_TrainingData/BraTS20_Training_246/BraTS20_Training_246_flair.nii.gz,/home/feiner/datasets/BraTS/ssn/MICCAI_BraTS2020_TrainingData/BraTS20_Training_246/BraTS20_Training_246_t1.nii.gz,/home/feiner/datasets/BraTS/ssn/MICCAI_BraTS2020_TrainingData/BraTS20_Training_246/BraTS20_Training_246_t1ce.nii.gz,/home/feiner/datasets/BraTS/ssn/MICCAI_BraTS2020_TrainingData/BraTS20_Training_246/BraTS20_Training_246_t2.nii.gz,True,,BraTS20_Training_246,Brats17_TCIA_278_1,TCGA-76-4932,BraTS19_TCIA08_278_1
LGG,Brats18_2013_1_1,Brats18_2013_1_1,MICCAI_BraTS2020_TrainingData,/home/feiner/datasets/BraTS/ssn/MICCAI_BraTS2020_TrainingData/BraTS20_Training_268/BraTS20_Training_268_seg.nii.gz,/home/feiner/datasets/BraTS/ssn/MICCAI_BraTS2020_TrainingData/BraTS20_Training_268/BraTS20_Training_268_brain_mask.nii.gz,/home/feiner/datasets/BraTS/ssn/MICCAI_BraTS2020_TrainingData/BraTS20_Training_268/BraTS20_Training_268_flair.nii.gz,/home/feiner/datasets/BraTS/ssn/MICCAI_BraTS2020_TrainingData/BraTS20_Training_268/BraTS20_Training_268_t1.nii.gz,/home/feiner/datasets/BraTS/ssn/MICCAI_BraTS2020_TrainingData/BraTS20_Training_268/BraTS20_Training_268_t1ce.nii.gz,/home/feiner/datasets/BraTS/ssn/MICCAI_BraTS2020_TrainingData/BraTS20_Training_268/BraTS20_Training_268_t2.nii.gz,True,,BraTS20_Training_268,Brats17_2013_1_1,,BraTS19_2013_1_1
LGG,Brats18_2013_29_1,Brats18_2013_29_1,MICCAI_BraTS2020_TrainingData,/home/feiner/datasets/BraTS/ssn/MICCAI_BraTS2020_TrainingData/BraTS20_Training_266/BraTS20_Training_266_seg.nii.gz,/home/feiner/datasets/BraTS/ssn/MICCAI_BraTS2020_TrainingData/BraTS20_Training_266/BraTS20_Training_266_brain_mask.nii.gz,/home/feiner/datasets/BraTS/ssn/MICCAI_BraTS2020_TrainingData/BraTS20_Training_266/BraTS20_Training_266_flair.nii.gz,/home/feiner/datasets/BraTS/ssn/MICCAI_BraTS2020_TrainingData/BraTS20_Training_266/BraTS20_Training_266_t1.nii.gz,/home/feiner/datasets/BraTS/ssn/MICCAI_BraTS2020_TrainingData/BraTS20_Training_266/BraTS20_Training_266_t1ce.nii.gz,/home/feiner/datasets/BraTS/ssn/MICCAI_BraTS2020_TrainingData/BraTS20_Training_266/BraTS20_Training_266_t2.nii.gz,True,,BraTS20_Training_266,Brats17_2013_29_1,,BraTS19_2013_29_1
LGG,Brats18_TCIA09_177_1,Brats18_TCIA09_177_1,MICCAI_BraTS2020_TrainingData,/home/feiner/datasets/BraTS/ssn/MICCAI_BraTS2020_TrainingData/BraTS20_Training_275/BraTS20_Training_275_seg.nii.gz,/home/feiner/datasets/BraTS/ssn/MICCAI_BraTS2020_TrainingData/BraTS20_Training_275/BraTS20_Training_275_brain_mask.nii.gz,/home/feiner/datasets/BraTS/ssn/MICCAI_BraTS2020_TrainingData/BraTS20_Training_275/BraTS20_Training_275_flair.nii.gz,/home/feiner/datasets/BraTS/ssn/MICCAI_BraTS2020_TrainingData/BraTS20_Training_275/BraTS20_Training_275_t1.nii.gz,/home/feiner/datasets/BraTS/ssn/MICCAI_BraTS2020_TrainingData/BraTS20_Training_275/BraTS20_Training_275_t1ce.nii.gz,/home/feiner/datasets/BraTS/ssn/MICCAI_BraTS2020_TrainingData/BraTS20_Training_275/BraTS20_Training_275_t2.nii.gz,True,,BraTS20_Training_275,Brats17_TCIA_177_1,TCGA-CS-5397,BraTS19_TCIA09_177_1
LGG,Brats18_TCIA09_493_1,Brats18_TCIA09_493_1,MICCAI_BraTS2020_TrainingData,/home/feiner/datasets/BraTS/ssn/MICCAI_BraTS2020_TrainingData/BraTS20_Training_278/BraTS20_Training_278_seg.nii.gz,/home/feiner/datasets/BraTS/ssn/MICCAI_BraTS2020_TrainingData/BraTS20_Training_278/BraTS20_Training_278_brain_mask.nii.gz,/home/feiner/datasets/BraTS/ssn/MICCAI_BraTS2020_TrainingData/BraTS20_Training_278/BraTS20_Training_278_flair.nii.gz,/home/feiner/datasets/BraTS/ssn/MICCAI_BraTS2020_TrainingData/BraTS20_Training_278/BraTS20_Training_278_t1.nii.gz,/home/feiner/datasets/BraTS/ssn/MICCAI_BraTS2020_TrainingData/BraTS20_Training_278/BraTS20_Training_278_t1ce.nii.gz,/home/feiner/datasets/BraTS/ssn/MICCAI_BraTS2020_TrainingData/BraTS20_Training_278/BraTS20_Training_278_t2.nii.gz,True,,BraTS20_Training_278,Brats17_TCIA_493_1,TCGA-CS-6665,BraTS19_TCIA09_493_1
LGG,Brats18_TCIA10_130_1,Brats18_TCIA10_130_1,MICCAI_BraTS2020_TrainingData,/home/feiner/datasets/BraTS/ssn/MICCAI_BraTS2020_TrainingData/BraTS20_Training_295/BraTS20_Training_295_seg.nii.gz,/home/feiner/datasets/BraTS/ssn/MICCAI_BraTS2020_TrainingData/BraTS20_Training_295/BraTS20_Training_295_brain_mask.nii.gz,/home/feiner/datasets/BraTS/ssn/MICCAI_BraTS2020_TrainingData/BraTS20_Training_295/BraTS20_Training_295_flair.nii.gz,/home/feiner/datasets/BraTS/ssn/MICCAI_BraTS2020_TrainingData/BraTS20_Training_295/BraTS20_Training_295_t1.nii.gz,/home/feiner/datasets/BraTS/ssn/MICCAI_BraTS2020_TrainingData/BraTS20_Training_295/BraTS20_Training_295_t1ce.nii.gz,/home/feiner/datasets/BraTS/ssn/MICCAI_BraTS2020_TrainingData/BraTS20_Training_295/BraTS20_Training_295_t2.nii.gz,True,,BraTS20_Training_295,Brats17_TCIA_130_1,TCGA-DU-7294,BraTS19_TCIA10_130_1
LGG,Brats18_TCIA10_152_1,Brats18_TCIA10_152_1,MICCAI_BraTS2020_TrainingData,/home/feiner/datasets/BraTS/ssn/MICCAI_BraTS2020_TrainingData/BraTS20_Training_282/BraTS20_Training_282_seg.nii.gz,/home/feiner/datasets/BraTS/ssn/MICCAI_BraTS2020_TrainingData/BraTS20_Training_282/BraTS20_Training_282_brain_mask.nii.gz,/home/feiner/datasets/BraTS/ssn/MICCAI_BraTS2020_TrainingData/BraTS20_Training_282/BraTS20_Training_282_flair.nii.gz,/home/feiner/datasets/BraTS/ssn/MICCAI_BraTS2020_TrainingData/BraTS20_Training_282/BraTS20_Training_282_t1.nii.gz,/home/feiner/datasets/BraTS/ssn/MICCAI_BraTS2020_TrainingData/BraTS20_Training_282/BraTS20_Training_282_t1ce.nii.gz,/home/feiner/datasets/BraTS/ssn/MICCAI_BraTS2020_TrainingData/BraTS20_Training_282/BraTS20_Training_282_t2.nii.gz,True,,BraTS20_Training_282,Brats17_TCIA_152_1,TCGA-DU-5851,BraTS19_TCIA10_152_1
LGG,Brats18_TCIA10_202_1,Brats18_TCIA10_202_1,MICCAI_BraTS2020_TrainingData,/home/feiner/datasets/BraTS/ssn/MICCAI_BraTS2020_TrainingData/BraTS20_Training_307/BraTS20_Training_307_seg.nii.gz,/home/feiner/datasets/BraTS/ssn/MICCAI_BraTS2020_TrainingData/BraTS20_Training_307/BraTS20_Training_307_brain_mask.nii.gz,/home/feiner/datasets/BraTS/ssn/MICCAI_BraTS2020_TrainingData/BraTS20_Training_307/BraTS20_Training_307_flair.nii.gz,/home/feiner/datasets/BraTS/ssn/MICCAI_BraTS2020_TrainingData/BraTS20_Training_307/BraTS20_Training_307_t1.nii.gz,/home/feiner/datasets/BraTS/ssn/MICCAI_BraTS2020_TrainingData/BraTS20_Training_307/BraTS20_Training_307_t1ce.nii.gz,/home/feiner/datasets/BraTS/ssn/MICCAI_BraTS2020_TrainingData/BraTS20_Training_307/BraTS20_Training_307_t2.nii.gz,True,,BraTS20_Training_307,Brats17_TCIA_202_1,TCGA-DU-8167,BraTS19_TCIA10_202_1
LGG,Brats18_TCIA10_241_1,Brats18_TCIA10_241_1,MICCAI_BraTS2020_TrainingData,/home/feiner/datasets/BraTS/ssn/MICCAI_BraTS2020_TrainingData/BraTS20_Training_296/BraTS20_Training_296_seg.nii.gz,/home/feiner/datasets/BraTS/ssn/MICCAI_BraTS2020_TrainingData/BraTS20_Training_296/BraTS20_Training_296_brain_mask.nii.gz,/home/feiner/datasets/BraTS/ssn/MICCAI_BraTS2020_TrainingData/BraTS20_Training_296/BraTS20_Training_296_flair.nii.gz,/home/feiner/datasets/BraTS/ssn/MICCAI_BraTS2020_TrainingData/BraTS20_Training_296/BraTS20_Training_296_t1.nii.gz,/home/feiner/datasets/BraTS/ssn/MICCAI_BraTS2020_TrainingData/BraTS20_Training_296/BraTS20_Training_296_t1ce.nii.gz,/home/feiner/datasets/BraTS/ssn/MICCAI_BraTS2020_TrainingData/BraTS20_Training_296/BraTS20_Training_296_t2.nii.gz,True,,BraTS20_Training_296,Brats17_TCIA_241_1,TCGA-DU-7298,BraTS19_TCIA10_241_1
LGG,Brats18_TCIA10_299_1,Brats18_TCIA10_299_1,MICCAI_BraTS2020_TrainingData,/home/feiner/datasets/BraTS/ssn/MICCAI_BraTS2020_TrainingData/BraTS20_Training_283/BraTS20_Training_283_seg.nii.gz,/home/feiner/datasets/BraTS/ssn/MICCAI_BraTS2020_TrainingData/BraTS20_Training_283/BraTS20_Training_283_brain_mask.nii.gz,/home/feiner/datasets/BraTS/ssn/MICCAI_BraTS2020_TrainingData/BraTS20_Training_283/BraTS20_Training_283_flair.nii.gz,/home/feiner/datasets/BraTS/ssn/MICCAI_BraTS2020_TrainingData/BraTS20_Training_283/BraTS20_Training_283_t1.nii.gz,/home/feiner/datasets/BraTS/ssn/MICCAI_BraTS2020_TrainingData/BraTS20_Training_283/BraTS20_Training_283_t1ce.nii.gz,/home/feiner/datasets/BraTS/ssn/MICCAI_BraTS2020_TrainingData/BraTS20_Training_283/BraTS20_Training_283_t2.nii.gz,True,,BraTS20_Training_283,Brats17_TCIA_299_1,TCGA-DU-5854,BraTS19_TCIA10_299_1
LGG,Brats18_TCIA10_346_1,Brats18_TCIA10_346_1,MICCAI_BraTS2020_TrainingData,/home/feiner/datasets/BraTS/ssn/MICCAI_BraTS2020_TrainingData/BraTS20_Training_299/BraTS20_Training_299_seg.nii.gz,/home/feiner/datasets/BraTS/ssn/MICCAI_BraTS2020_TrainingData/BraTS20_Training_299/BraTS20_Training_299_brain_mask.nii.gz,/home/feiner/datasets/BraTS/ssn/MICCAI_BraTS2020_TrainingData/BraTS20_Training_299/BraTS20_Training_299_flair.nii.gz,/home/feiner/datasets/BraTS/ssn/MICCAI_BraTS2020_TrainingData/BraTS20_Training_299/BraTS20_Training_299_t1.nii.gz,/home/feiner/datasets/BraTS/ssn/MICCAI_BraTS2020_TrainingData/BraTS20_Training_299/BraTS20_Training_299_t1ce.nii.gz,/home/feiner/datasets/BraTS/ssn/MICCAI_BraTS2020_TrainingData/BraTS20_Training_299/BraTS20_Training_299_t2.nii.gz,True,,BraTS20_Training_299,Brats17_TCIA_346_1,TCGA-DU-7301,BraTS19_TCIA10_346_1
LGG,Brats18_TCIA10_408_1,Brats18_TCIA10_408_1,MICCAI_BraTS2020_TrainingData,/home/feiner/datasets/BraTS/ssn/MICCAI_BraTS2020_TrainingData/BraTS20_Training_288/BraTS20_Training_288_seg.nii.gz,/home/feiner/datasets/BraTS/ssn/MICCAI_BraTS2020_TrainingData/BraTS20_Training_288/BraTS20_Training_288_brain_mask.nii.gz,/home/feiner/datasets/BraTS/ssn/MICCAI_BraTS2020_TrainingData/BraTS20_Training_288/BraTS20_Training_288_flair.nii.gz,/home/feiner/datasets/BraTS/ssn/MICCAI_BraTS2020_TrainingData/BraTS20_Training_288/BraTS20_Training_288_t1.nii.gz,/home/feiner/datasets/BraTS/ssn/MICCAI_BraTS2020_TrainingData/BraTS20_Training_288/BraTS20_Training_288_t1ce.nii.gz,/home/feiner/datasets/BraTS/ssn/MICCAI_BraTS2020_TrainingData/BraTS20_Training_288/BraTS20_Training_288_t2.nii.gz,True,,BraTS20_Training_288,Brats17_TCIA_408_1,TCGA-DU-6542,BraTS19_TCIA10_408_1
LGG,Brats18_TCIA10_629_1,Brats18_TCIA10_629_1,MICCAI_BraTS2020_TrainingData,/home/feiner/datasets/BraTS/ssn/MICCAI_BraTS2020_TrainingData/BraTS20_Training_314/BraTS20_Training_314_seg.nii.gz,/home/feiner/datasets/BraTS/ssn/MICCAI_BraTS2020_TrainingData/BraTS20_Training_314/BraTS20_Training_314_brain_mask.nii.gz,/home/feiner/datasets/BraTS/ssn/MICCAI_BraTS2020_TrainingData/BraTS20_Training_314/BraTS20_Training_314_flair.nii.gz,/home/feiner/datasets/BraTS/ssn/MICCAI_BraTS2020_TrainingData/BraTS20_Training_314/BraTS20_Training_314_t1.nii.gz,/home/feiner/datasets/BraTS/ssn/MICCAI_BraTS2020_TrainingData/BraTS20_Training_314/BraTS20_Training_314_t1ce.nii.gz,/home/feiner/datasets/BraTS/ssn/MICCAI_BraTS2020_TrainingData/BraTS20_Training_314/BraTS20_Training_314_t2.nii.gz,True,,BraTS20_Training_314,Brats17_TCIA_629_1,TCGA-DU-A5TY,BraTS19_TCIA10_629_1
LGG,Brats18_TCIA13_621_1,Brats18_TCIA13_621_1,MICCAI_BraTS2020_TrainingData,/home/feiner/datasets/BraTS/ssn/MICCAI_BraTS2020_TrainingData/BraTS20_Training_331/BraTS20_Training_331_seg.nii.gz,/home/feiner/datasets/BraTS/ssn/MICCAI_BraTS2020_TrainingData/BraTS20_Training_331/BraTS20_Training_331_brain_mask.nii.gz,/home/feiner/datasets/BraTS/ssn/MICCAI_BraTS2020_TrainingData/BraTS20_Training_331/BraTS20_Training_331_flair.nii.gz,/home/feiner/datasets/BraTS/ssn/MICCAI_BraTS2020_TrainingData/BraTS20_Training_331/BraTS20_Training_331_t1.nii.gz,/home/feiner/datasets/BraTS/ssn/MICCAI_BraTS2020_TrainingData/BraTS20_Training_331/BraTS20_Training_331_t1ce.nii.gz,/home/feiner/datasets/BraTS/ssn/MICCAI_BraTS2020_TrainingData/BraTS20_Training_331/BraTS20_Training_331_t2.nii.gz,True,,BraTS20_Training_331,Brats17_TCIA_621_1,TCGA-HT-8018,BraTS19_TCIA13_621_1
LGG,Brats18_TCIA13_653_1,Brats18_TCIA13_653_1,MICCAI_BraTS2020_TrainingData,/home/feiner/datasets/BraTS/ssn/MICCAI_BraTS2020_TrainingData/BraTS20_Training_332/BraTS20_Training_332_seg.nii.gz,/home/feiner/datasets/BraTS/ssn/MICCAI_BraTS2020_TrainingData/BraTS20_Training_332/BraTS20_Training_332_brain_mask.nii.gz,/home/feiner/datasets/BraTS/ssn/MICCAI_BraTS2020_TrainingData/BraTS20_Training_332/BraTS20_Training_332_flair.nii.gz,/home/feiner/datasets/BraTS/ssn/MICCAI_BraTS2020_TrainingData/BraTS20_Training_332/BraTS20_Training_332_t1.nii.gz,/home/feiner/datasets/BraTS/ssn/MICCAI_BraTS2020_TrainingData/BraTS20_Training_332/BraTS20_Training_332_t1ce.nii.gz,/home/feiner/datasets/BraTS/ssn/MICCAI_BraTS2020_TrainingData/BraTS20_Training_332/BraTS20_Training_332_t2.nii.gz,True,,BraTS20_Training_332,Brats17_TCIA_653_1,TCGA-HT-8111,BraTS19_TCIA13_653_1
LGG,Brats18_TCIA13_654_1,Brats18_TCIA13_654_1,MICCAI_BraTS2020_TrainingData,/home/feiner/datasets/BraTS/ssn/MICCAI_BraTS2020_TrainingData/BraTS20_Training_327/BraTS20_Training_327_seg.nii.gz,/home/feiner/datasets/BraTS/ssn/MICCAI_BraTS2020_TrainingData/BraTS20_Training_327/BraTS20_Training_327_brain_mask.nii.gz,/home/feiner/datasets/BraTS/ssn/MICCAI_BraTS2020_TrainingData/BraTS20_Training_327/BraTS20_Training_327_flair.nii.gz,/home/feiner/datasets/BraTS/ssn/MICCAI_BraTS2020_TrainingData/BraTS20_Training_327/BraTS20_Training_327_t1.nii.gz,/home/feiner/datasets/BraTS/ssn/MICCAI_BraTS2020_TrainingData/BraTS20_Training_327/BraTS20_Training_327_t1ce.nii.gz,/home/feiner/datasets/BraTS/ssn/MICCAI_BraTS2020_TrainingData/BraTS20_Training_327/BraTS20_Training_327_t2.nii.gz,True,,BraTS20_Training_327,Brats17_TCIA_654_1,TCGA-HT-7690,BraTS19_TCIA13_654_1
