id,seg,sampling_mask,flair,t1,t1ce,t2
HGG/Brats18_2013_10_1/Brats18_2013_10_1,/home/feiner/datasets/BraTS/ssn/MICCAI_BraTS2020_TrainingData/BraTS20_Training_130/BraTS20_Training_130_seg.nii.gz,/home/feiner/datasets/BraTS/ssn/MICCAI_BraTS2020_TrainingData/BraTS20_Training_130/BraTS20_Training_130_brain_mask.nii.gz,/home/feiner/datasets/BraTS/ssn/MICCAI_BraTS2020_TrainingData/BraTS20_Training_130/BraTS20_Training_130_flair.nii.gz,/home/feiner/datasets/BraTS/ssn/MICCAI_BraTS2020_TrainingData/BraTS20_Training_130/BraTS20_Training_130_t1.nii.gz,/home/feiner/datasets/BraTS/ssn/MICCAI_BraTS2020_TrainingData/BraTS20_Training_130/BraTS20_Training_130_t1ce.nii.gz,/home/feiner/datasets/BraTS/ssn/MICCAI_BraTS2020_TrainingData/BraTS20_Training_130/BraTS20_Training_130_t2.nii.gz
HGG/Brats18_2013_11_1/Brats18_2013_11_1,/home/feiner/datasets/BraTS/ssn/MICCAI_BraTS2020_TrainingData/BraTS20_Training_147/BraTS20_Training_147_seg.nii.gz,/home/feiner/datasets/BraTS/ssn/MICCAI_BraTS2020_TrainingData/BraTS20_Training_147/BraTS20_Training_147_brain_mask.nii.gz,/home/feiner/datasets/BraTS/ssn/MICCAI_BraTS2020_TrainingData/BraTS20_Training_147/BraTS20_Training_147_flair.nii.gz,/home/feiner/datasets/BraTS/ssn/MICCAI_BraTS2020_TrainingData/BraTS20_Training_147/BraTS20_Training_147_t1.nii.gz,/home/feiner/datasets/BraTS/ssn/MICCAI_BraTS2020_TrainingData/BraTS20_Training_147/BraTS20_Training_147_t1ce.nii.gz,/home/feiner/datasets/BraTS/ssn/MICCAI_BraTS2020_TrainingData/BraTS20_Training_147/BraTS20_Training_147_t2.nii.gz
HGG/Brats18_2013_12_1/Brats18_2013_12_1,/home/feiner/datasets/BraTS/ssn/MICCAI_BraTS2020_TrainingData/BraTS20_Training_138/BraTS20_Training_138_seg.nii.gz,/home/feiner/datasets/BraTS/ssn/MICCAI_BraTS2020_TrainingData/BraTS20_Training_138/BraTS20_Training_138_brain_mask.nii.gz,/home/feiner/datasets/BraTS/ssn/MICCAI_BraTS2020_TrainingData/BraTS20_Training_138/BraTS20_Training_138_flair.nii.gz,/home/feiner/datasets/BraTS/ssn/MICCAI_BraTS2020_TrainingData/BraTS20_Training_138/BraTS20_Training_138_t1.nii.gz,/home/feiner/datasets/BraTS/ssn/MICCAI_BraTS2020_TrainingData/BraTS20_Training_138/BraTS20_Training_138_t1ce.nii.gz,/home/feiner/datasets/BraTS/ssn/MICCAI_BraTS2020_TrainingData/BraTS20_Training_138/BraTS20_Training_138_t2.nii.gz
HGG/Brats18_2013_13_1/Brats18_2013_13_1,/home/feiner/datasets/BraTS/ssn/MICCAI_BraTS2020_TrainingData/BraTS20_Training_139/BraTS20_Training_139_seg.nii.gz,/home/feiner/datasets/BraTS/ssn/MICCAI_BraTS2020_TrainingData/BraTS20_Training_139/BraTS20_Training_139_brain_mask.nii.gz,/home/feiner/datasets/BraTS/ssn/MICCAI_BraTS2020_TrainingData/BraTS20_Training_139/BraTS20_Training_139_flair.nii.gz,/home/feiner/datasets/BraTS/ssn/MICCAI_BraTS2020_TrainingData/BraTS20_Training_139/BraTS20_Training_139_t1.nii.gz,/home/feiner/datasets/BraTS/ssn/MICCAI_BraTS2020_TrainingData/BraTS20_Training_139/BraTS20_Training_139_t1ce.nii.gz,/home/feiner/datasets/BraTS/ssn/MICCAI_BraTS2020_TrainingData/BraTS20_Training_139/BraTS20_Training_139_t2.nii.gz
HGG/Brats18_2013_14_1/Brats18_2013_14_1,/home/feiner/datasets/BraTS/ssn/MICCAI_BraTS2020_TrainingData/BraTS20_Training_137/BraTS20_Training_137_seg.nii.gz,/home/feiner/datasets/BraTS/ssn/MICCAI_BraTS2020_TrainingData/BraTS20_Training_137/BraTS20_Training_137_brain_mask.nii.gz,/home/feiner/datasets/BraTS/ssn/MICCAI_BraTS2020_TrainingData/BraTS20_Training_137/BraTS20_Training_137_flair.nii.gz,/home/feiner/datasets/BraTS/ssn/MICCAI_BraTS2020_TrainingData/BraTS20_Training_137/BraTS20_Training_137_t1.nii.gz,/home/feiner/datasets/BraTS/ssn/MICCAI_BraTS2020_TrainingData/BraTS20_Training_137/BraTS20_Training_137_t1ce.nii.gz,/home/feiner/datasets/BraTS/ssn/MICCAI_BraTS2020_TrainingData/BraTS20_Training_137/BraTS20_Training_137_t2.nii.gz
HGG/Brats18_2013_17_1/Brats18_2013_17_1,/home/feiner/datasets/BraTS/ssn/MICCAI_BraTS2020_TrainingData/BraTS20_Training_144/BraTS20_Training_144_seg.nii.gz,/home/feiner/datasets/BraTS/ssn/MICCAI_BraTS2020_TrainingData/BraTS20_Training_144/BraTS20_Training_144_brain_mask.nii.gz,/home/feiner/datasets/BraTS/ssn/MICCAI_BraTS2020_TrainingData/BraTS20_Training_144/BraTS20_Training_144_flair.nii.gz,/home/feiner/datasets/BraTS/ssn/MICCAI_BraTS2020_TrainingData/BraTS20_Training_144/BraTS20_Training_144_t1.nii.gz,/home/feiner/datasets/BraTS/ssn/MICCAI_BraTS2020_TrainingData/BraTS20_Training_144/BraTS20_Training_144_t1ce.nii.gz,/home/feiner/datasets/BraTS/ssn/MICCAI_BraTS2020_TrainingData/BraTS20_Training_144/BraTS20_Training_144_t2.nii.gz
HGG/Brats18_2013_18_1/Brats18_2013_18_1,/home/feiner/datasets/BraTS/ssn/MICCAI_BraTS2020_TrainingData/BraTS20_Training_132/BraTS20_Training_132_seg.nii.gz,/home/feiner/datasets/BraTS/ssn/MICCAI_BraTS2020_TrainingData/BraTS20_Training_132/BraTS20_Training_132_brain_mask.nii.gz,/home/feiner/datasets/BraTS/ssn/MICCAI_BraTS2020_TrainingData/BraTS20_Training_132/BraTS20_Training_132_flair.nii.gz,/home/feiner/datasets/BraTS/ssn/MICCAI_BraTS2020_TrainingData/BraTS20_Training_132/BraTS20_Training_132_t1.nii.gz,/home/feiner/datasets/BraTS/ssn/MICCAI_BraTS2020_TrainingData/BraTS20_Training_132/BraTS20_Training_132_t1ce.nii.gz,/home/feiner/datasets/BraTS/ssn/MICCAI_BraTS2020_TrainingData/BraTS20_Training_132/BraTS20_Training_132_t2.nii.gz
HGG/Brats18_2013_19_1/Brats18_2013_19_1,/home/feiner/datasets/BraTS/ssn/MICCAI_BraTS2020_TrainingData/BraTS20_Training_134/BraTS20_Training_134_seg.nii.gz,/home/feiner/datasets/BraTS/ssn/MICCAI_BraTS2020_TrainingData/BraTS20_Training_134/BraTS20_Training_134_brain_mask.nii.gz,/home/feiner/datasets/BraTS/ssn/MICCAI_BraTS2020_TrainingData/BraTS20_Training_134/BraTS20_Training_134_flair.nii.gz,/home/feiner/datasets/BraTS/ssn/MICCAI_BraTS2020_TrainingData/BraTS20_Training_134/BraTS20_Training_134_t1.nii.gz,/home/feiner/datasets/BraTS/ssn/MICCAI_BraTS2020_TrainingData/BraTS20_Training_134/BraTS20_Training_134_t1ce.nii.gz,/home/feiner/datasets/BraTS/ssn/MICCAI_BraTS2020_TrainingData/BraTS20_Training_134/BraTS20_Training_134_t2.nii.gz
HGG/Brats18_2013_23_1/Brats18_2013_23_1,/home/feiner/datasets/BraTS/ssn/MICCAI_BraTS2020_TrainingData/BraTS20_Training_143/BraTS20_Training_143_seg.nii.gz,/home/feiner/datasets/BraTS/ssn/MICCAI_BraTS2020_TrainingData/BraTS20_Training_143/BraTS20_Training_143_brain_mask.nii.gz,/home/feiner/datasets/BraTS/ssn/MICCAI_BraTS2020_TrainingData/BraTS20_Training_143/BraTS20_Training_143_flair.nii.gz,/home/feiner/datasets/BraTS/ssn/MICCAI_BraTS2020_TrainingData/BraTS20_Training_143/BraTS20_Training_143_t1.nii.gz,/home/feiner/datasets/BraTS/ssn/MICCAI_BraTS2020_TrainingData/BraTS20_Training_143/BraTS20_Training_143_t1ce.nii.gz,/home/feiner/datasets/BraTS/ssn/MICCAI_BraTS2020_TrainingData/BraTS20_Training_143/BraTS20_Training_143_t2.nii.gz
HGG/Brats18_2013_25_1/Brats18_2013_25_1,/home/feiner/datasets/BraTS/ssn/MICCAI_BraTS2020_TrainingData/BraTS20_Training_141/BraTS20_Training_141_seg.nii.gz,/home/feiner/datasets/BraTS/ssn/MICCAI_BraTS2020_TrainingData/BraTS20_Training_141/BraTS20_Training_141_brain_mask.nii.gz,/home/feiner/datasets/BraTS/ssn/MICCAI_BraTS2020_TrainingData/BraTS20_Training_141/BraTS20_Training_141_flair.nii.gz,/home/feiner/datasets/BraTS/ssn/MICCAI_BraTS2020_TrainingData/BraTS20_Training_141/BraTS20_Training_141_t1.nii.gz,/home/feiner/datasets/BraTS/ssn/MICCAI_BraTS2020_TrainingData/BraTS20_Training_141/BraTS20_Training_141_t1ce.nii.gz,/home/feiner/datasets/BraTS/ssn/MICCAI_BraTS2020_TrainingData/BraTS20_Training_141/BraTS20_Training_141_t2.nii.gz
HGG/Brats18_2013_26_1/Brats18_2013_26_1,/home/feiner/datasets/BraTS/ssn/MICCAI_BraTS2020_TrainingData/BraTS20_Training_142/BraTS20_Training_142_seg.nii.gz,/home/feiner/datasets/BraTS/ssn/MICCAI_BraTS2020_TrainingData/BraTS20_Training_142/BraTS20_Training_142_brain_mask.nii.gz,/home/feiner/datasets/BraTS/ssn/MICCAI_BraTS2020_TrainingData/BraTS20_Training_142/BraTS20_Training_142_flair.nii.gz,/home/feiner/datasets/BraTS/ssn/MICCAI_BraTS2020_TrainingData/BraTS20_Training_142/BraTS20_Training_142_t1.nii.gz,/home/feiner/datasets/BraTS/ssn/MICCAI_BraTS2020_TrainingData/BraTS20_Training_142/BraTS20_Training_142_t1ce.nii.gz,/home/feiner/datasets/BraTS/ssn/MICCAI_BraTS2020_TrainingData/BraTS20_Training_142/BraTS20_Training_142_t2.nii.gz
HGG/Brats18_2013_2_1/Brats18_2013_2_1,/home/feiner/datasets/BraTS/ssn/MICCAI_BraTS2020_TrainingData/BraTS20_Training_136/BraTS20_Training_136_seg.nii.gz,/home/feiner/datasets/BraTS/ssn/MICCAI_BraTS2020_TrainingData/BraTS20_Training_136/BraTS20_Training_136_brain_mask.nii.gz,/home/feiner/datasets/BraTS/ssn/MICCAI_BraTS2020_TrainingData/BraTS20_Training_136/BraTS20_Training_136_flair.nii.gz,/home/feiner/datasets/BraTS/ssn/MICCAI_BraTS2020_TrainingData/BraTS20_Training_136/BraTS20_Training_136_t1.nii.gz,/home/feiner/datasets/BraTS/ssn/MICCAI_BraTS2020_TrainingData/BraTS20_Training_136/BraTS20_Training_136_t1ce.nii.gz,/home/feiner/datasets/BraTS/ssn/MICCAI_BraTS2020_TrainingData/BraTS20_Training_136/BraTS20_Training_136_t2.nii.gz
HGG/Brats18_2013_4_1/Brats18_2013_4_1,/home/feiner/datasets/BraTS/ssn/MICCAI_BraTS2020_TrainingData/BraTS20_Training_148/BraTS20_Training_148_seg.nii.gz,/home/feiner/datasets/BraTS/ssn/MICCAI_BraTS2020_TrainingData/BraTS20_Training_148/BraTS20_Training_148_brain_mask.nii.gz,/home/feiner/datasets/BraTS/ssn/MICCAI_BraTS2020_TrainingData/BraTS20_Training_148/BraTS20_Training_148_flair.nii.gz,/home/feiner/datasets/BraTS/ssn/MICCAI_BraTS2020_TrainingData/BraTS20_Training_148/BraTS20_Training_148_t1.nii.gz,/home/feiner/datasets/BraTS/ssn/MICCAI_BraTS2020_TrainingData/BraTS20_Training_148/BraTS20_Training_148_t1ce.nii.gz,/home/feiner/datasets/BraTS/ssn/MICCAI_BraTS2020_TrainingData/BraTS20_Training_148/BraTS20_Training_148_t2.nii.gz
HGG/Brats18_2013_5_1/Brats18_2013_5_1,/home/feiner/datasets/BraTS/ssn/MICCAI_BraTS2020_TrainingData/BraTS20_Training_131/BraTS20_Training_131_seg.nii.gz,/home/feiner/datasets/BraTS/ssn/MICCAI_BraTS2020_TrainingData/BraTS20_Training_131/BraTS20_Training_131_brain_mask.nii.gz,/home/feiner/datasets/BraTS/ssn/MICCAI_BraTS2020_TrainingData/BraTS20_Training_131/BraTS20_Training_131_flair.nii.gz,/home/feiner/datasets/BraTS/ssn/MICCAI_BraTS2020_TrainingData/BraTS20_Training_131/BraTS20_Training_131_t1.nii.gz,/home/feiner/datasets/BraTS/ssn/MICCAI_BraTS2020_TrainingData/BraTS20_Training_131/BraTS20_Training_131_t1ce.nii.gz,/home/feiner/datasets/BraTS/ssn/MICCAI_BraTS2020_TrainingData/BraTS20_Training_131/BraTS20_Training_131_t2.nii.gz
HGG/Brats18_CBICA_AAB_1/Brats18_CBICA_AAB_1,/home/feiner/datasets/BraTS/ssn/MICCAI_BraTS2020_TrainingData/BraTS20_Training_001/BraTS20_Training_001_seg.nii.gz,/home/feiner/datasets/BraTS/ssn/MICCAI_BraTS2020_TrainingData/BraTS20_Training_001/BraTS20_Training_001_brain_mask.nii.gz,/home/feiner/datasets/BraTS/ssn/MICCAI_BraTS2020_TrainingData/BraTS20_Training_001/BraTS20_Training_001_flair.nii.gz,/home/feiner/datasets/BraTS/ssn/MICCAI_BraTS2020_TrainingData/BraTS20_Training_001/BraTS20_Training_001_t1.nii.gz,/home/feiner/datasets/BraTS/ssn/MICCAI_BraTS2020_TrainingData/BraTS20_Training_001/BraTS20_Training_001_t1ce.nii.gz,/home/feiner/datasets/BraTS/ssn/MICCAI_BraTS2020_TrainingData/BraTS20_Training_001/BraTS20_Training_001_t2.nii.gz
HGG/Brats18_CBICA_AAL_1/Brats18_CBICA_AAL_1,/home/feiner/datasets/BraTS/ssn/MICCAI_BraTS2020_TrainingData/BraTS20_Training_003/BraTS20_Training_003_seg.nii.gz,/home/feiner/datasets/BraTS/ssn/MICCAI_BraTS2020_TrainingData/BraTS20_Training_003/BraTS20_Training_003_brain_mask.nii.gz,/home/feiner/datasets/BraTS/ssn/MICCAI_BraTS2020_TrainingData/BraTS20_Training_003/BraTS20_Training_003_flair.nii.gz,/home/feiner/datasets/BraTS/ssn/MICCAI_BraTS2020_TrainingData/BraTS20_Training_003/BraTS20_Training_003_t1.nii.gz,/home/feiner/datasets/BraTS/ssn/MICCAI_BraTS2020_TrainingData/BraTS20_Training_003/BraTS20_Training_003_t1ce.nii.gz,/home/feiner/datasets/BraTS/ssn/MICCAI_BraTS2020_TrainingData/BraTS20_Training_003/BraTS20_Training_003_t2.nii.gz
HGG/Brats18_CBICA_AAP_1/Brats18_CBICA_AAP_1,/home/feiner/datasets/BraTS/ssn/MICCAI_BraTS2020_TrainingData/BraTS20_Training_004/BraTS20_Training_004_seg.nii.gz,/home/feiner/datasets/BraTS/ssn/MICCAI_BraTS2020_TrainingData/BraTS20_Training_004/BraTS20_Training_004_brain_mask.nii.gz,/home/feiner/datasets/BraTS/ssn/MICCAI_BraTS2020_TrainingData/BraTS20_Training_004/BraTS20_Training_004_flair.nii.gz,/home/feiner/datasets/BraTS/ssn/MICCAI_BraTS2020_TrainingData/BraTS20_Training_004/BraTS20_Training_004_t1.nii.gz,/home/feiner/datasets/BraTS/ssn/MICCAI_BraTS2020_TrainingData/BraTS20_Training_004/BraTS20_Training_004_t1ce.nii.gz,/home/feiner/datasets/BraTS/ssn/MICCAI_BraTS2020_TrainingData/BraTS20_Training_004/BraTS20_Training_004_t2.nii.gz
HGG/Brats18_CBICA_ABE_1/Brats18_CBICA_ABE_1,/home/feiner/datasets/BraTS/ssn/MICCAI_BraTS2020_TrainingData/BraTS20_Training_006/BraTS20_Training_006_seg.nii.gz,/home/feiner/datasets/BraTS/ssn/MICCAI_BraTS2020_TrainingData/BraTS20_Training_006/BraTS20_Training_006_brain_mask.nii.gz,/home/feiner/datasets/BraTS/ssn/MICCAI_BraTS2020_TrainingData/BraTS20_Training_006/BraTS20_Training_006_flair.nii.gz,/home/feiner/datasets/BraTS/ssn/MICCAI_BraTS2020_TrainingData/BraTS20_Training_006/BraTS20_Training_006_t1.nii.gz,/home/feiner/datasets/BraTS/ssn/MICCAI_BraTS2020_TrainingData/BraTS20_Training_006/BraTS20_Training_006_t1ce.nii.gz,/home/feiner/datasets/BraTS/ssn/MICCAI_BraTS2020_TrainingData/BraTS20_Training_006/BraTS20_Training_006_t2.nii.gz
HGG/Brats18_CBICA_ABY_1/Brats18_CBICA_ABY_1,/home/feiner/datasets/BraTS/ssn/MICCAI_BraTS2020_TrainingData/BraTS20_Training_010/BraTS20_Training_010_seg.nii.gz,/home/feiner/datasets/BraTS/ssn/MICCAI_BraTS2020_TrainingData/BraTS20_Training_010/BraTS20_Training_010_brain_mask.nii.gz,/home/feiner/datasets/BraTS/ssn/MICCAI_BraTS2020_TrainingData/BraTS20_Training_010/BraTS20_Training_010_flair.nii.gz,/home/feiner/datasets/BraTS/ssn/MICCAI_BraTS2020_TrainingData/BraTS20_Training_010/BraTS20_Training_010_t1.nii.gz,/home/feiner/datasets/BraTS/ssn/MICCAI_BraTS2020_TrainingData/BraTS20_Training_010/BraTS20_Training_010_t1ce.nii.gz,/home/feiner/datasets/BraTS/ssn/MICCAI_BraTS2020_TrainingData/BraTS20_Training_010/BraTS20_Training_010_t2.nii.gz
HGG/Brats18_CBICA_ALN_1/Brats18_CBICA_ALN_1,/home/feiner/datasets/BraTS/ssn/MICCAI_BraTS2020_TrainingData/BraTS20_Training_011/BraTS20_Training_011_seg.nii.gz,/home/feiner/datasets/BraTS/ssn/MICCAI_BraTS2020_TrainingData/BraTS20_Training_011/BraTS20_Training_011_brain_mask.nii.gz,/home/feiner/datasets/BraTS/ssn/MICCAI_BraTS2020_TrainingData/BraTS20_Training_011/BraTS20_Training_011_flair.nii.gz,/home/feiner/datasets/BraTS/ssn/MICCAI_BraTS2020_TrainingData/BraTS20_Training_011/BraTS20_Training_011_t1.nii.gz,/home/feiner/datasets/BraTS/ssn/MICCAI_BraTS2020_TrainingData/BraTS20_Training_011/BraTS20_Training_011_t1ce.nii.gz,/home/feiner/datasets/BraTS/ssn/MICCAI_BraTS2020_TrainingData/BraTS20_Training_011/BraTS20_Training_011_t2.nii.gz
HGG/Brats18_CBICA_ALX_1/Brats18_CBICA_ALX_1,/home/feiner/datasets/BraTS/ssn/MICCAI_BraTS2020_TrainingData/BraTS20_Training_013/BraTS20_Training_013_seg.nii.gz,/home/feiner/datasets/BraTS/ssn/MICCAI_BraTS2020_TrainingData/BraTS20_Training_013/BraTS20_Training_013_brain_mask.nii.gz,/home/feiner/datasets/BraTS/ssn/MICCAI_BraTS2020_TrainingData/BraTS20_Training_013/BraTS20_Training_013_flair.nii.gz,/home/feiner/datasets/BraTS/ssn/MICCAI_BraTS2020_TrainingData/BraTS20_Training_013/BraTS20_Training_013_t1.nii.gz,/home/feiner/datasets/BraTS/ssn/MICCAI_BraTS2020_TrainingData/BraTS20_Training_013/BraTS20_Training_013_t1ce.nii.gz,/home/feiner/datasets/BraTS/ssn/MICCAI_BraTS2020_TrainingData/BraTS20_Training_013/BraTS20_Training_013_t2.nii.gz
HGG/Brats18_CBICA_ANG_1/Brats18_CBICA_ANG_1,/home/feiner/datasets/BraTS/ssn/MICCAI_BraTS2020_TrainingData/BraTS20_Training_016/BraTS20_Training_016_seg.nii.gz,/home/feiner/datasets/BraTS/ssn/MICCAI_BraTS2020_TrainingData/BraTS20_Training_016/BraTS20_Training_016_brain_mask.nii.gz,/home/feiner/datasets/BraTS/ssn/MICCAI_BraTS2020_TrainingData/BraTS20_Training_016/BraTS20_Training_016_flair.nii.gz,/home/feiner/datasets/BraTS/ssn/MICCAI_BraTS2020_TrainingData/BraTS20_Training_016/BraTS20_Training_016_t1.nii.gz,/home/feiner/datasets/BraTS/ssn/MICCAI_BraTS2020_TrainingData/BraTS20_Training_016/BraTS20_Training_016_t1ce.nii.gz,/home/feiner/datasets/BraTS/ssn/MICCAI_BraTS2020_TrainingData/BraTS20_Training_016/BraTS20_Training_016_t2.nii.gz
HGG/Brats18_CBICA_ANI_1/Brats18_CBICA_ANI_1,/home/feiner/datasets/BraTS/ssn/MICCAI_BraTS2020_TrainingData/BraTS20_Training_017/BraTS20_Training_017_seg.nii.gz,/home/feiner/datasets/BraTS/ssn/MICCAI_BraTS2020_TrainingData/BraTS20_Training_017/BraTS20_Training_017_brain_mask.nii.gz,/home/feiner/datasets/BraTS/ssn/MICCAI_BraTS2020_TrainingData/BraTS20_Training_017/BraTS20_Training_017_flair.nii.gz,/home/feiner/datasets/BraTS/ssn/MICCAI_BraTS2020_TrainingData/BraTS20_Training_017/BraTS20_Training_017_t1.nii.gz,/home/feiner/datasets/BraTS/ssn/MICCAI_BraTS2020_TrainingData/BraTS20_Training_017/BraTS20_Training_017_t1ce.nii.gz,/home/feiner/datasets/BraTS/ssn/MICCAI_BraTS2020_TrainingData/BraTS20_Training_017/BraTS20_Training_017_t2.nii.gz
HGG/Brats18_CBICA_ANP_1/Brats18_CBICA_ANP_1,/home/feiner/datasets/BraTS/ssn/MICCAI_BraTS2020_TrainingData/BraTS20_Training_018/BraTS20_Training_018_seg.nii.gz,/home/feiner/datasets/BraTS/ssn/MICCAI_BraTS2020_TrainingData/BraTS20_Training_018/BraTS20_Training_018_brain_mask.nii.gz,/home/feiner/datasets/BraTS/ssn/MICCAI_BraTS2020_TrainingData/BraTS20_Training_018/BraTS20_Training_018_flair.nii.gz,/home/feiner/datasets/BraTS/ssn/MICCAI_BraTS2020_TrainingData/BraTS20_Training_018/BraTS20_Training_018_t1.nii.gz,/home/feiner/datasets/BraTS/ssn/MICCAI_BraTS2020_TrainingData/BraTS20_Training_018/BraTS20_Training_018_t1ce.nii.gz,/home/feiner/datasets/BraTS/ssn/MICCAI_BraTS2020_TrainingData/BraTS20_Training_018/BraTS20_Training_018_t2.nii.gz
HGG/Brats18_CBICA_AOD_1/Brats18_CBICA_AOD_1,/home/feiner/datasets/BraTS/ssn/MICCAI_BraTS2020_TrainingData/BraTS20_Training_020/BraTS20_Training_020_seg.nii.gz,/home/feiner/datasets/BraTS/ssn/MICCAI_BraTS2020_TrainingData/BraTS20_Training_020/BraTS20_Training_020_brain_mask.nii.gz,/home/feiner/datasets/BraTS/ssn/MICCAI_BraTS2020_TrainingData/BraTS20_Training_020/BraTS20_Training_020_flair.nii.gz,/home/feiner/datasets/BraTS/ssn/MICCAI_BraTS2020_TrainingData/BraTS20_Training_020/BraTS20_Training_020_t1.nii.gz,/home/feiner/datasets/BraTS/ssn/MICCAI_BraTS2020_TrainingData/BraTS20_Training_020/BraTS20_Training_020_t1ce.nii.gz,/home/feiner/datasets/BraTS/ssn/MICCAI_BraTS2020_TrainingData/BraTS20_Training_020/BraTS20_Training_020_t2.nii.gz
HGG/Brats18_CBICA_AOH_1/Brats18_CBICA_AOH_1,/home/feiner/datasets/BraTS/ssn/MICCAI_BraTS2020_TrainingData/BraTS20_Training_021/BraTS20_Training_021_seg.nii.gz,/home/feiner/datasets/BraTS/ssn/MICCAI_BraTS2020_TrainingData/BraTS20_Training_021/BraTS20_Training_021_brain_mask.nii.gz,/home/feiner/datasets/BraTS/ssn/MICCAI_BraTS2020_TrainingData/BraTS20_Training_021/BraTS20_Training_021_flair.nii.gz,/home/feiner/datasets/BraTS/ssn/MICCAI_BraTS2020_TrainingData/BraTS20_Training_021/BraTS20_Training_021_t1.nii.gz,/home/feiner/datasets/BraTS/ssn/MICCAI_BraTS2020_TrainingData/BraTS20_Training_021/BraTS20_Training_021_t1ce.nii.gz,/home/feiner/datasets/BraTS/ssn/MICCAI_BraTS2020_TrainingData/BraTS20_Training_021/BraTS20_Training_021_t2.nii.gz
HGG/Brats18_CBICA_APR_1/Brats18_CBICA_APR_1,/home/feiner/datasets/BraTS/ssn/MICCAI_BraTS2020_TrainingData/BraTS20_Training_025/BraTS20_Training_025_seg.nii.gz,/home/feiner/datasets/BraTS/ssn/MICCAI_BraTS2020_TrainingData/BraTS20_Training_025/BraTS20_Training_025_brain_mask.nii.gz,/home/feiner/datasets/BraTS/ssn/MICCAI_BraTS2020_TrainingData/BraTS20_Training_025/BraTS20_Training_025_flair.nii.gz,/home/feiner/datasets/BraTS/ssn/MICCAI_BraTS2020_TrainingData/BraTS20_Training_025/BraTS20_Training_025_t1.nii.gz,/home/feiner/datasets/BraTS/ssn/MICCAI_BraTS2020_TrainingData/BraTS20_Training_025/BraTS20_Training_025_t1ce.nii.gz,/home/feiner/datasets/BraTS/ssn/MICCAI_BraTS2020_TrainingData/BraTS20_Training_025/BraTS20_Training_025_t2.nii.gz
HGG/Brats18_CBICA_AQG_1/Brats18_CBICA_AQG_1,/home/feiner/datasets/BraTS/ssn/MICCAI_BraTS2020_TrainingData/BraTS20_Training_030/BraTS20_Training_030_seg.nii.gz,/home/feiner/datasets/BraTS/ssn/MICCAI_BraTS2020_TrainingData/BraTS20_Training_030/BraTS20_Training_030_brain_mask.nii.gz,/home/feiner/datasets/BraTS/ssn/MICCAI_BraTS2020_TrainingData/BraTS20_Training_030/BraTS20_Training_030_flair.nii.gz,/home/feiner/datasets/BraTS/ssn/MICCAI_BraTS2020_TrainingData/BraTS20_Training_030/BraTS20_Training_030_t1.nii.gz,/home/feiner/datasets/BraTS/ssn/MICCAI_BraTS2020_TrainingData/BraTS20_Training_030/BraTS20_Training_030_t1ce.nii.gz,/home/feiner/datasets/BraTS/ssn/MICCAI_BraTS2020_TrainingData/BraTS20_Training_030/BraTS20_Training_030_t2.nii.gz
HGG/Brats18_CBICA_AQN_1/Brats18_CBICA_AQN_1,/home/feiner/datasets/BraTS/ssn/MICCAI_BraTS2020_TrainingData/BraTS20_Training_032/BraTS20_Training_032_seg.nii.gz,/home/feiner/datasets/BraTS/ssn/MICCAI_BraTS2020_TrainingData/BraTS20_Training_032/BraTS20_Training_032_brain_mask.nii.gz,/home/feiner/datasets/BraTS/ssn/MICCAI_BraTS2020_TrainingData/BraTS20_Training_032/BraTS20_Training_032_flair.nii.gz,/home/feiner/datasets/BraTS/ssn/MICCAI_BraTS2020_TrainingData/BraTS20_Training_032/BraTS20_Training_032_t1.nii.gz,/home/feiner/datasets/BraTS/ssn/MICCAI_BraTS2020_TrainingData/BraTS20_Training_032/BraTS20_Training_032_t1ce.nii.gz,/home/feiner/datasets/BraTS/ssn/MICCAI_BraTS2020_TrainingData/BraTS20_Training_032/BraTS20_Training_032_t2.nii.gz
HGG/Brats18_CBICA_AQO_1/Brats18_CBICA_AQO_1,/home/feiner/datasets/BraTS/ssn/MICCAI_BraTS2020_TrainingData/BraTS20_Training_033/BraTS20_Training_033_seg.nii.gz,/home/feiner/datasets/BraTS/ssn/MICCAI_BraTS2020_TrainingData/BraTS20_Training_033/BraTS20_Training_033_brain_mask.nii.gz,/home/feiner/datasets/BraTS/ssn/MICCAI_BraTS2020_TrainingData/BraTS20_Training_033/BraTS20_Training_033_flair.nii.gz,/home/feiner/datasets/BraTS/ssn/MICCAI_BraTS2020_TrainingData/BraTS20_Training_033/BraTS20_Training_033_t1.nii.gz,/home/feiner/datasets/BraTS/ssn/MICCAI_BraTS2020_TrainingData/BraTS20_Training_033/BraTS20_Training_033_t1ce.nii.gz,/home/feiner/datasets/BraTS/ssn/MICCAI_BraTS2020_TrainingData/BraTS20_Training_033/BraTS20_Training_033_t2.nii.gz
HGG/Brats18_CBICA_AQP_1/Brats18_CBICA_AQP_1,/home/feiner/datasets/BraTS/ssn/MICCAI_BraTS2020_TrainingData/BraTS20_Training_034/BraTS20_Training_034_seg.nii.gz,/home/feiner/datasets/BraTS/ssn/MICCAI_BraTS2020_TrainingData/BraTS20_Training_034/BraTS20_Training_034_brain_mask.nii.gz,/home/feiner/datasets/BraTS/ssn/MICCAI_BraTS2020_TrainingData/BraTS20_Training_034/BraTS20_Training_034_flair.nii.gz,/home/feiner/datasets/BraTS/ssn/MICCAI_BraTS2020_TrainingData/BraTS20_Training_034/BraTS20_Training_034_t1.nii.gz,/home/feiner/datasets/BraTS/ssn/MICCAI_BraTS2020_TrainingData/BraTS20_Training_034/BraTS20_Training_034_t1ce.nii.gz,/home/feiner/datasets/BraTS/ssn/MICCAI_BraTS2020_TrainingData/BraTS20_Training_034/BraTS20_Training_034_t2.nii.gz
HGG/Brats18_CBICA_AQQ_1/Brats18_CBICA_AQQ_1,/home/feiner/datasets/BraTS/ssn/MICCAI_BraTS2020_TrainingData/BraTS20_Training_035/BraTS20_Training_035_seg.nii.gz,/home/feiner/datasets/BraTS/ssn/MICCAI_BraTS2020_TrainingData/BraTS20_Training_035/BraTS20_Training_035_brain_mask.nii.gz,/home/feiner/datasets/BraTS/ssn/MICCAI_BraTS2020_TrainingData/BraTS20_Training_035/BraTS20_Training_035_flair.nii.gz,/home/feiner/datasets/BraTS/ssn/MICCAI_BraTS2020_TrainingData/BraTS20_Training_035/BraTS20_Training_035_t1.nii.gz,/home/feiner/datasets/BraTS/ssn/MICCAI_BraTS2020_TrainingData/BraTS20_Training_035/BraTS20_Training_035_t1ce.nii.gz,/home/feiner/datasets/BraTS/ssn/MICCAI_BraTS2020_TrainingData/BraTS20_Training_035/BraTS20_Training_035_t2.nii.gz
HGG/Brats18_CBICA_AQR_1/Brats18_CBICA_AQR_1,/home/feiner/datasets/BraTS/ssn/MICCAI_BraTS2020_TrainingData/BraTS20_Training_036/BraTS20_Training_036_seg.nii.gz,/home/feiner/datasets/BraTS/ssn/MICCAI_BraTS2020_TrainingData/BraTS20_Training_036/BraTS20_Training_036_brain_mask.nii.gz,/home/feiner/datasets/BraTS/ssn/MICCAI_BraTS2020_TrainingData/BraTS20_Training_036/BraTS20_Training_036_flair.nii.gz,/home/feiner/datasets/BraTS/ssn/MICCAI_BraTS2020_TrainingData/BraTS20_Training_036/BraTS20_Training_036_t1.nii.gz,/home/feiner/datasets/BraTS/ssn/MICCAI_BraTS2020_TrainingData/BraTS20_Training_036/BraTS20_Training_036_t1ce.nii.gz,/home/feiner/datasets/BraTS/ssn/MICCAI_BraTS2020_TrainingData/BraTS20_Training_036/BraTS20_Training_036_t2.nii.gz
HGG/Brats18_CBICA_AQU_1/Brats18_CBICA_AQU_1,/home/feiner/datasets/BraTS/ssn/MICCAI_BraTS2020_TrainingData/BraTS20_Training_038/BraTS20_Training_038_seg.nii.gz,/home/feiner/datasets/BraTS/ssn/MICCAI_BraTS2020_TrainingData/BraTS20_Training_038/BraTS20_Training_038_brain_mask.nii.gz,/home/feiner/datasets/BraTS/ssn/MICCAI_BraTS2020_TrainingData/BraTS20_Training_038/BraTS20_Training_038_flair.nii.gz,/home/feiner/datasets/BraTS/ssn/MICCAI_BraTS2020_TrainingData/BraTS20_Training_038/BraTS20_Training_038_t1.nii.gz,/home/feiner/datasets/BraTS/ssn/MICCAI_BraTS2020_TrainingData/BraTS20_Training_038/BraTS20_Training_038_t1ce.nii.gz,/home/feiner/datasets/BraTS/ssn/MICCAI_BraTS2020_TrainingData/BraTS20_Training_038/BraTS20_Training_038_t2.nii.gz
HGG/Brats18_CBICA_AQV_1/Brats18_CBICA_AQV_1,/home/feiner/datasets/BraTS/ssn/MICCAI_BraTS2020_TrainingData/BraTS20_Training_039/BraTS20_Training_039_seg.nii.gz,/home/feiner/datasets/BraTS/ssn/MICCAI_BraTS2020_TrainingData/BraTS20_Training_039/BraTS20_Training_039_brain_mask.nii.gz,/home/feiner/datasets/BraTS/ssn/MICCAI_BraTS2020_TrainingData/BraTS20_Training_039/BraTS20_Training_039_flair.nii.gz,/home/feiner/datasets/BraTS/ssn/MICCAI_BraTS2020_TrainingData/BraTS20_Training_039/BraTS20_Training_039_t1.nii.gz,/home/feiner/datasets/BraTS/ssn/MICCAI_BraTS2020_TrainingData/BraTS20_Training_039/BraTS20_Training_039_t1ce.nii.gz,/home/feiner/datasets/BraTS/ssn/MICCAI_BraTS2020_TrainingData/BraTS20_Training_039/BraTS20_Training_039_t2.nii.gz
HGG/Brats18_CBICA_AQY_1/Brats18_CBICA_AQY_1,/home/feiner/datasets/BraTS/ssn/MICCAI_BraTS2020_TrainingData/BraTS20_Training_040/BraTS20_Training_040_seg.nii.gz,/home/feiner/datasets/BraTS/ssn/MICCAI_BraTS2020_TrainingData/BraTS20_Training_040/BraTS20_Training_040_brain_mask.nii.gz,/home/feiner/datasets/BraTS/ssn/MICCAI_BraTS2020_TrainingData/BraTS20_Training_040/BraTS20_Training_040_flair.nii.gz,/home/feiner/datasets/BraTS/ssn/MICCAI_BraTS2020_TrainingData/BraTS20_Training_040/BraTS20_Training_040_t1.nii.gz,/home/feiner/datasets/BraTS/ssn/MICCAI_BraTS2020_TrainingData/BraTS20_Training_040/BraTS20_Training_040_t1ce.nii.gz,/home/feiner/datasets/BraTS/ssn/MICCAI_BraTS2020_TrainingData/BraTS20_Training_040/BraTS20_Training_040_t2.nii.gz
HGG/Brats18_CBICA_ARF_1/Brats18_CBICA_ARF_1,/home/feiner/datasets/BraTS/ssn/MICCAI_BraTS2020_TrainingData/BraTS20_Training_042/BraTS20_Training_042_seg.nii.gz,/home/feiner/datasets/BraTS/ssn/MICCAI_BraTS2020_TrainingData/BraTS20_Training_042/BraTS20_Training_042_brain_mask.nii.gz,/home/feiner/datasets/BraTS/ssn/MICCAI_BraTS2020_TrainingData/BraTS20_Training_042/BraTS20_Training_042_flair.nii.gz,/home/feiner/datasets/BraTS/ssn/MICCAI_BraTS2020_TrainingData/BraTS20_Training_042/BraTS20_Training_042_t1.nii.gz,/home/feiner/datasets/BraTS/ssn/MICCAI_BraTS2020_TrainingData/BraTS20_Training_042/BraTS20_Training_042_t1ce.nii.gz,/home/feiner/datasets/BraTS/ssn/MICCAI_BraTS2020_TrainingData/BraTS20_Training_042/BraTS20_Training_042_t2.nii.gz
HGG/Brats18_CBICA_ARW_1/Brats18_CBICA_ARW_1,/home/feiner/datasets/BraTS/ssn/MICCAI_BraTS2020_TrainingData/BraTS20_Training_043/BraTS20_Training_043_seg.nii.gz,/home/feiner/datasets/BraTS/ssn/MICCAI_BraTS2020_TrainingData/BraTS20_Training_043/BraTS20_Training_043_brain_mask.nii.gz,/home/feiner/datasets/BraTS/ssn/MICCAI_BraTS2020_TrainingData/BraTS20_Training_043/BraTS20_Training_043_flair.nii.gz,/home/feiner/datasets/BraTS/ssn/MICCAI_BraTS2020_TrainingData/BraTS20_Training_043/BraTS20_Training_043_t1.nii.gz,/home/feiner/datasets/BraTS/ssn/MICCAI_BraTS2020_TrainingData/BraTS20_Training_043/BraTS20_Training_043_t1ce.nii.gz,/home/feiner/datasets/BraTS/ssn/MICCAI_BraTS2020_TrainingData/BraTS20_Training_043/BraTS20_Training_043_t2.nii.gz
HGG/Brats18_CBICA_ARZ_1/Brats18_CBICA_ARZ_1,/home/feiner/datasets/BraTS/ssn/MICCAI_BraTS2020_TrainingData/BraTS20_Training_044/BraTS20_Training_044_seg.nii.gz,/home/feiner/datasets/BraTS/ssn/MICCAI_BraTS2020_TrainingData/BraTS20_Training_044/BraTS20_Training_044_brain_mask.nii.gz,/home/feiner/datasets/BraTS/ssn/MICCAI_BraTS2020_TrainingData/BraTS20_Training_044/BraTS20_Training_044_flair.nii.gz,/home/feiner/datasets/BraTS/ssn/MICCAI_BraTS2020_TrainingData/BraTS20_Training_044/BraTS20_Training_044_t1.nii.gz,/home/feiner/datasets/BraTS/ssn/MICCAI_BraTS2020_TrainingData/BraTS20_Training_044/BraTS20_Training_044_t1ce.nii.gz,/home/feiner/datasets/BraTS/ssn/MICCAI_BraTS2020_TrainingData/BraTS20_Training_044/BraTS20_Training_044_t2.nii.gz
HGG/Brats18_CBICA_ASA_1/Brats18_CBICA_ASA_1,/home/feiner/datasets/BraTS/ssn/MICCAI_BraTS2020_TrainingData/BraTS20_Training_045/BraTS20_Training_045_seg.nii.gz,/home/feiner/datasets/BraTS/ssn/MICCAI_BraTS2020_TrainingData/BraTS20_Training_045/BraTS20_Training_045_brain_mask.nii.gz,/home/feiner/datasets/BraTS/ssn/MICCAI_BraTS2020_TrainingData/BraTS20_Training_045/BraTS20_Training_045_flair.nii.gz,/home/feiner/datasets/BraTS/ssn/MICCAI_BraTS2020_TrainingData/BraTS20_Training_045/BraTS20_Training_045_t1.nii.gz,/home/feiner/datasets/BraTS/ssn/MICCAI_BraTS2020_TrainingData/BraTS20_Training_045/BraTS20_Training_045_t1ce.nii.gz,/home/feiner/datasets/BraTS/ssn/MICCAI_BraTS2020_TrainingData/BraTS20_Training_045/BraTS20_Training_045_t2.nii.gz
HGG/Brats18_CBICA_ASE_1/Brats18_CBICA_ASE_1,/home/feiner/datasets/BraTS/ssn/MICCAI_BraTS2020_TrainingData/BraTS20_Training_046/BraTS20_Training_046_seg.nii.gz,/home/feiner/datasets/BraTS/ssn/MICCAI_BraTS2020_TrainingData/BraTS20_Training_046/BraTS20_Training_046_brain_mask.nii.gz,/home/feiner/datasets/BraTS/ssn/MICCAI_BraTS2020_TrainingData/BraTS20_Training_046/BraTS20_Training_046_flair.nii.gz,/home/feiner/datasets/BraTS/ssn/MICCAI_BraTS2020_TrainingData/BraTS20_Training_046/BraTS20_Training_046_t1.nii.gz,/home/feiner/datasets/BraTS/ssn/MICCAI_BraTS2020_TrainingData/BraTS20_Training_046/BraTS20_Training_046_t1ce.nii.gz,/home/feiner/datasets/BraTS/ssn/MICCAI_BraTS2020_TrainingData/BraTS20_Training_046/BraTS20_Training_046_t2.nii.gz
HGG/Brats18_CBICA_ASH_1/Brats18_CBICA_ASH_1,/home/feiner/datasets/BraTS/ssn/MICCAI_BraTS2020_TrainingData/BraTS20_Training_048/BraTS20_Training_048_seg.nii.gz,/home/feiner/datasets/BraTS/ssn/MICCAI_BraTS2020_TrainingData/BraTS20_Training_048/BraTS20_Training_048_brain_mask.nii.gz,/home/feiner/datasets/BraTS/ssn/MICCAI_BraTS2020_TrainingData/BraTS20_Training_048/BraTS20_Training_048_flair.nii.gz,/home/feiner/datasets/BraTS/ssn/MICCAI_BraTS2020_TrainingData/BraTS20_Training_048/BraTS20_Training_048_t1.nii.gz,/home/feiner/datasets/BraTS/ssn/MICCAI_BraTS2020_TrainingData/BraTS20_Training_048/BraTS20_Training_048_t1ce.nii.gz,/home/feiner/datasets/BraTS/ssn/MICCAI_BraTS2020_TrainingData/BraTS20_Training_048/BraTS20_Training_048_t2.nii.gz
HGG/Brats18_CBICA_ASO_1/Brats18_CBICA_ASO_1,/home/feiner/datasets/BraTS/ssn/MICCAI_BraTS2020_TrainingData/BraTS20_Training_051/BraTS20_Training_051_seg.nii.gz,/home/feiner/datasets/BraTS/ssn/MICCAI_BraTS2020_TrainingData/BraTS20_Training_051/BraTS20_Training_051_brain_mask.nii.gz,/home/feiner/datasets/BraTS/ssn/MICCAI_BraTS2020_TrainingData/BraTS20_Training_051/BraTS20_Training_051_flair.nii.gz,/home/feiner/datasets/BraTS/ssn/MICCAI_BraTS2020_TrainingData/BraTS20_Training_051/BraTS20_Training_051_t1.nii.gz,/home/feiner/datasets/BraTS/ssn/MICCAI_BraTS2020_TrainingData/BraTS20_Training_051/BraTS20_Training_051_t1ce.nii.gz,/home/feiner/datasets/BraTS/ssn/MICCAI_BraTS2020_TrainingData/BraTS20_Training_051/BraTS20_Training_051_t2.nii.gz
HGG/Brats18_CBICA_ASU_1/Brats18_CBICA_ASU_1,/home/feiner/datasets/BraTS/ssn/MICCAI_BraTS2020_TrainingData/BraTS20_Training_052/BraTS20_Training_052_seg.nii.gz,/home/feiner/datasets/BraTS/ssn/MICCAI_BraTS2020_TrainingData/BraTS20_Training_052/BraTS20_Training_052_brain_mask.nii.gz,/home/feiner/datasets/BraTS/ssn/MICCAI_BraTS2020_TrainingData/BraTS20_Training_052/BraTS20_Training_052_flair.nii.gz,/home/feiner/datasets/BraTS/ssn/MICCAI_BraTS2020_TrainingData/BraTS20_Training_052/BraTS20_Training_052_t1.nii.gz,/home/feiner/datasets/BraTS/ssn/MICCAI_BraTS2020_TrainingData/BraTS20_Training_052/BraTS20_Training_052_t1ce.nii.gz,/home/feiner/datasets/BraTS/ssn/MICCAI_BraTS2020_TrainingData/BraTS20_Training_052/BraTS20_Training_052_t2.nii.gz
HGG/Brats18_CBICA_ATD_1/Brats18_CBICA_ATD_1,/home/feiner/datasets/BraTS/ssn/MICCAI_BraTS2020_TrainingData/BraTS20_Training_057/BraTS20_Training_057_seg.nii.gz,/home/feiner/datasets/BraTS/ssn/MICCAI_BraTS2020_TrainingData/BraTS20_Training_057/BraTS20_Training_057_brain_mask.nii.gz,/home/feiner/datasets/BraTS/ssn/MICCAI_BraTS2020_TrainingData/BraTS20_Training_057/BraTS20_Training_057_flair.nii.gz,/home/feiner/datasets/BraTS/ssn/MICCAI_BraTS2020_TrainingData/BraTS20_Training_057/BraTS20_Training_057_t1.nii.gz,/home/feiner/datasets/BraTS/ssn/MICCAI_BraTS2020_TrainingData/BraTS20_Training_057/BraTS20_Training_057_t1ce.nii.gz,/home/feiner/datasets/BraTS/ssn/MICCAI_BraTS2020_TrainingData/BraTS20_Training_057/BraTS20_Training_057_t2.nii.gz
HGG/Brats18_CBICA_ATF_1/Brats18_CBICA_ATF_1,/home/feiner/datasets/BraTS/ssn/MICCAI_BraTS2020_TrainingData/BraTS20_Training_058/BraTS20_Training_058_seg.nii.gz,/home/feiner/datasets/BraTS/ssn/MICCAI_BraTS2020_TrainingData/BraTS20_Training_058/BraTS20_Training_058_brain_mask.nii.gz,/home/feiner/datasets/BraTS/ssn/MICCAI_BraTS2020_TrainingData/BraTS20_Training_058/BraTS20_Training_058_flair.nii.gz,/home/feiner/datasets/BraTS/ssn/MICCAI_BraTS2020_TrainingData/BraTS20_Training_058/BraTS20_Training_058_t1.nii.gz,/home/feiner/datasets/BraTS/ssn/MICCAI_BraTS2020_TrainingData/BraTS20_Training_058/BraTS20_Training_058_t1ce.nii.gz,/home/feiner/datasets/BraTS/ssn/MICCAI_BraTS2020_TrainingData/BraTS20_Training_058/BraTS20_Training_058_t2.nii.gz
HGG/Brats18_CBICA_ATV_1/Brats18_CBICA_ATV_1,/home/feiner/datasets/BraTS/ssn/MICCAI_BraTS2020_TrainingData/BraTS20_Training_060/BraTS20_Training_060_seg.nii.gz,/home/feiner/datasets/BraTS/ssn/MICCAI_BraTS2020_TrainingData/BraTS20_Training_060/BraTS20_Training_060_brain_mask.nii.gz,/home/feiner/datasets/BraTS/ssn/MICCAI_BraTS2020_TrainingData/BraTS20_Training_060/BraTS20_Training_060_flair.nii.gz,/home/feiner/datasets/BraTS/ssn/MICCAI_BraTS2020_TrainingData/BraTS20_Training_060/BraTS20_Training_060_t1.nii.gz,/home/feiner/datasets/BraTS/ssn/MICCAI_BraTS2020_TrainingData/BraTS20_Training_060/BraTS20_Training_060_t1ce.nii.gz,/home/feiner/datasets/BraTS/ssn/MICCAI_BraTS2020_TrainingData/BraTS20_Training_060/BraTS20_Training_060_t2.nii.gz
HGG/Brats18_CBICA_ATX_1/Brats18_CBICA_ATX_1,/home/feiner/datasets/BraTS/ssn/MICCAI_BraTS2020_TrainingData/BraTS20_Training_061/BraTS20_Training_061_seg.nii.gz,/home/feiner/datasets/BraTS/ssn/MICCAI_BraTS2020_TrainingData/BraTS20_Training_061/BraTS20_Training_061_brain_mask.nii.gz,/home/feiner/datasets/BraTS/ssn/MICCAI_BraTS2020_TrainingData/BraTS20_Training_061/BraTS20_Training_061_flair.nii.gz,/home/feiner/datasets/BraTS/ssn/MICCAI_BraTS2020_TrainingData/BraTS20_Training_061/BraTS20_Training_061_t1.nii.gz,/home/feiner/datasets/BraTS/ssn/MICCAI_BraTS2020_TrainingData/BraTS20_Training_061/BraTS20_Training_061_t1ce.nii.gz,/home/feiner/datasets/BraTS/ssn/MICCAI_BraTS2020_TrainingData/BraTS20_Training_061/BraTS20_Training_061_t2.nii.gz
HGG/Brats18_CBICA_AUN_1/Brats18_CBICA_AUN_1,/home/feiner/datasets/BraTS/ssn/MICCAI_BraTS2020_TrainingData/BraTS20_Training_062/BraTS20_Training_062_seg.nii.gz,/home/feiner/datasets/BraTS/ssn/MICCAI_BraTS2020_TrainingData/BraTS20_Training_062/BraTS20_Training_062_brain_mask.nii.gz,/home/feiner/datasets/BraTS/ssn/MICCAI_BraTS2020_TrainingData/BraTS20_Training_062/BraTS20_Training_062_flair.nii.gz,/home/feiner/datasets/BraTS/ssn/MICCAI_BraTS2020_TrainingData/BraTS20_Training_062/BraTS20_Training_062_t1.nii.gz,/home/feiner/datasets/BraTS/ssn/MICCAI_BraTS2020_TrainingData/BraTS20_Training_062/BraTS20_Training_062_t1ce.nii.gz,/home/feiner/datasets/BraTS/ssn/MICCAI_BraTS2020_TrainingData/BraTS20_Training_062/BraTS20_Training_062_t2.nii.gz
HGG/Brats18_CBICA_AVG_1/Brats18_CBICA_AVG_1,/home/feiner/datasets/BraTS/ssn/MICCAI_BraTS2020_TrainingData/BraTS20_Training_065/BraTS20_Training_065_seg.nii.gz,/home/feiner/datasets/BraTS/ssn/MICCAI_BraTS2020_TrainingData/BraTS20_Training_065/BraTS20_Training_065_brain_mask.nii.gz,/home/feiner/datasets/BraTS/ssn/MICCAI_BraTS2020_TrainingData/BraTS20_Training_065/BraTS20_Training_065_flair.nii.gz,/home/feiner/datasets/BraTS/ssn/MICCAI_BraTS2020_TrainingData/BraTS20_Training_065/BraTS20_Training_065_t1.nii.gz,/home/feiner/datasets/BraTS/ssn/MICCAI_BraTS2020_TrainingData/BraTS20_Training_065/BraTS20_Training_065_t1ce.nii.gz,/home/feiner/datasets/BraTS/ssn/MICCAI_BraTS2020_TrainingData/BraTS20_Training_065/BraTS20_Training_065_t2.nii.gz
HGG/Brats18_CBICA_AWG_1/Brats18_CBICA_AWG_1,/home/feiner/datasets/BraTS/ssn/MICCAI_BraTS2020_TrainingData/BraTS20_Training_068/BraTS20_Training_068_seg.nii.gz,/home/feiner/datasets/BraTS/ssn/MICCAI_BraTS2020_TrainingData/BraTS20_Training_068/BraTS20_Training_068_brain_mask.nii.gz,/home/feiner/datasets/BraTS/ssn/MICCAI_BraTS2020_TrainingData/BraTS20_Training_068/BraTS20_Training_068_flair.nii.gz,/home/feiner/datasets/BraTS/ssn/MICCAI_BraTS2020_TrainingData/BraTS20_Training_068/BraTS20_Training_068_t1.nii.gz,/home/feiner/datasets/BraTS/ssn/MICCAI_BraTS2020_TrainingData/BraTS20_Training_068/BraTS20_Training_068_t1ce.nii.gz,/home/feiner/datasets/BraTS/ssn/MICCAI_BraTS2020_TrainingData/BraTS20_Training_068/BraTS20_Training_068_t2.nii.gz
HGG/Brats18_CBICA_AWI_1/Brats18_CBICA_AWI_1,/home/feiner/datasets/BraTS/ssn/MICCAI_BraTS2020_TrainingData/BraTS20_Training_070/BraTS20_Training_070_seg.nii.gz,/home/feiner/datasets/BraTS/ssn/MICCAI_BraTS2020_TrainingData/BraTS20_Training_070/BraTS20_Training_070_brain_mask.nii.gz,/home/feiner/datasets/BraTS/ssn/MICCAI_BraTS2020_TrainingData/BraTS20_Training_070/BraTS20_Training_070_flair.nii.gz,/home/feiner/datasets/BraTS/ssn/MICCAI_BraTS2020_TrainingData/BraTS20_Training_070/BraTS20_Training_070_t1.nii.gz,/home/feiner/datasets/BraTS/ssn/MICCAI_BraTS2020_TrainingData/BraTS20_Training_070/BraTS20_Training_070_t1ce.nii.gz,/home/feiner/datasets/BraTS/ssn/MICCAI_BraTS2020_TrainingData/BraTS20_Training_070/BraTS20_Training_070_t2.nii.gz
HGG/Brats18_CBICA_AXJ_1/Brats18_CBICA_AXJ_1,/home/feiner/datasets/BraTS/ssn/MICCAI_BraTS2020_TrainingData/BraTS20_Training_071/BraTS20_Training_071_seg.nii.gz,/home/feiner/datasets/BraTS/ssn/MICCAI_BraTS2020_TrainingData/BraTS20_Training_071/BraTS20_Training_071_brain_mask.nii.gz,/home/feiner/datasets/BraTS/ssn/MICCAI_BraTS2020_TrainingData/BraTS20_Training_071/BraTS20_Training_071_flair.nii.gz,/home/feiner/datasets/BraTS/ssn/MICCAI_BraTS2020_TrainingData/BraTS20_Training_071/BraTS20_Training_071_t1.nii.gz,/home/feiner/datasets/BraTS/ssn/MICCAI_BraTS2020_TrainingData/BraTS20_Training_071/BraTS20_Training_071_t1ce.nii.gz,/home/feiner/datasets/BraTS/ssn/MICCAI_BraTS2020_TrainingData/BraTS20_Training_071/BraTS20_Training_071_t2.nii.gz
HGG/Brats18_CBICA_AXL_1/Brats18_CBICA_AXL_1,/home/feiner/datasets/BraTS/ssn/MICCAI_BraTS2020_TrainingData/BraTS20_Training_072/BraTS20_Training_072_seg.nii.gz,/home/feiner/datasets/BraTS/ssn/MICCAI_BraTS2020_TrainingData/BraTS20_Training_072/BraTS20_Training_072_brain_mask.nii.gz,/home/feiner/datasets/BraTS/ssn/MICCAI_BraTS2020_TrainingData/BraTS20_Training_072/BraTS20_Training_072_flair.nii.gz,/home/feiner/datasets/BraTS/ssn/MICCAI_BraTS2020_TrainingData/BraTS20_Training_072/BraTS20_Training_072_t1.nii.gz,/home/feiner/datasets/BraTS/ssn/MICCAI_BraTS2020_TrainingData/BraTS20_Training_072/BraTS20_Training_072_t1ce.nii.gz,/home/feiner/datasets/BraTS/ssn/MICCAI_BraTS2020_TrainingData/BraTS20_Training_072/BraTS20_Training_072_t2.nii.gz
HGG/Brats18_CBICA_AXM_1/Brats18_CBICA_AXM_1,/home/feiner/datasets/BraTS/ssn/MICCAI_BraTS2020_TrainingData/BraTS20_Training_073/BraTS20_Training_073_seg.nii.gz,/home/feiner/datasets/BraTS/ssn/MICCAI_BraTS2020_TrainingData/BraTS20_Training_073/BraTS20_Training_073_brain_mask.nii.gz,/home/feiner/datasets/BraTS/ssn/MICCAI_BraTS2020_TrainingData/BraTS20_Training_073/BraTS20_Training_073_flair.nii.gz,/home/feiner/datasets/BraTS/ssn/MICCAI_BraTS2020_TrainingData/BraTS20_Training_073/BraTS20_Training_073_t1.nii.gz,/home/feiner/datasets/BraTS/ssn/MICCAI_BraTS2020_TrainingData/BraTS20_Training_073/BraTS20_Training_073_t1ce.nii.gz,/home/feiner/datasets/BraTS/ssn/MICCAI_BraTS2020_TrainingData/BraTS20_Training_073/BraTS20_Training_073_t2.nii.gz
HGG/Brats18_CBICA_AXN_1/Brats18_CBICA_AXN_1,/home/feiner/datasets/BraTS/ssn/MICCAI_BraTS2020_TrainingData/BraTS20_Training_074/BraTS20_Training_074_seg.nii.gz,/home/feiner/datasets/BraTS/ssn/MICCAI_BraTS2020_TrainingData/BraTS20_Training_074/BraTS20_Training_074_brain_mask.nii.gz,/home/feiner/datasets/BraTS/ssn/MICCAI_BraTS2020_TrainingData/BraTS20_Training_074/BraTS20_Training_074_flair.nii.gz,/home/feiner/datasets/BraTS/ssn/MICCAI_BraTS2020_TrainingData/BraTS20_Training_074/BraTS20_Training_074_t1.nii.gz,/home/feiner/datasets/BraTS/ssn/MICCAI_BraTS2020_TrainingData/BraTS20_Training_074/BraTS20_Training_074_t1ce.nii.gz,/home/feiner/datasets/BraTS/ssn/MICCAI_BraTS2020_TrainingData/BraTS20_Training_074/BraTS20_Training_074_t2.nii.gz
HGG/Brats18_CBICA_AXO_1/Brats18_CBICA_AXO_1,/home/feiner/datasets/BraTS/ssn/MICCAI_BraTS2020_TrainingData/BraTS20_Training_075/BraTS20_Training_075_seg.nii.gz,/home/feiner/datasets/BraTS/ssn/MICCAI_BraTS2020_TrainingData/BraTS20_Training_075/BraTS20_Training_075_brain_mask.nii.gz,/home/feiner/datasets/BraTS/ssn/MICCAI_BraTS2020_TrainingData/BraTS20_Training_075/BraTS20_Training_075_flair.nii.gz,/home/feiner/datasets/BraTS/ssn/MICCAI_BraTS2020_TrainingData/BraTS20_Training_075/BraTS20_Training_075_t1.nii.gz,/home/feiner/datasets/BraTS/ssn/MICCAI_BraTS2020_TrainingData/BraTS20_Training_075/BraTS20_Training_075_t1ce.nii.gz,/home/feiner/datasets/BraTS/ssn/MICCAI_BraTS2020_TrainingData/BraTS20_Training_075/BraTS20_Training_075_t2.nii.gz
HGG/Brats18_CBICA_AXQ_1/Brats18_CBICA_AXQ_1,/home/feiner/datasets/BraTS/ssn/MICCAI_BraTS2020_TrainingData/BraTS20_Training_076/BraTS20_Training_076_seg.nii.gz,/home/feiner/datasets/BraTS/ssn/MICCAI_BraTS2020_TrainingData/BraTS20_Training_076/BraTS20_Training_076_brain_mask.nii.gz,/home/feiner/datasets/BraTS/ssn/MICCAI_BraTS2020_TrainingData/BraTS20_Training_076/BraTS20_Training_076_flair.nii.gz,/home/feiner/datasets/BraTS/ssn/MICCAI_BraTS2020_TrainingData/BraTS20_Training_076/BraTS20_Training_076_t1.nii.gz,/home/feiner/datasets/BraTS/ssn/MICCAI_BraTS2020_TrainingData/BraTS20_Training_076/BraTS20_Training_076_t1ce.nii.gz,/home/feiner/datasets/BraTS/ssn/MICCAI_BraTS2020_TrainingData/BraTS20_Training_076/BraTS20_Training_076_t2.nii.gz
HGG/Brats18_CBICA_AYI_1/Brats18_CBICA_AYI_1,/home/feiner/datasets/BraTS/ssn/MICCAI_BraTS2020_TrainingData/BraTS20_Training_079/BraTS20_Training_079_seg.nii.gz,/home/feiner/datasets/BraTS/ssn/MICCAI_BraTS2020_TrainingData/BraTS20_Training_079/BraTS20_Training_079_brain_mask.nii.gz,/home/feiner/datasets/BraTS/ssn/MICCAI_BraTS2020_TrainingData/BraTS20_Training_079/BraTS20_Training_079_flair.nii.gz,/home/feiner/datasets/BraTS/ssn/MICCAI_BraTS2020_TrainingData/BraTS20_Training_079/BraTS20_Training_079_t1.nii.gz,/home/feiner/datasets/BraTS/ssn/MICCAI_BraTS2020_TrainingData/BraTS20_Training_079/BraTS20_Training_079_t1ce.nii.gz,/home/feiner/datasets/BraTS/ssn/MICCAI_BraTS2020_TrainingData/BraTS20_Training_079/BraTS20_Training_079_t2.nii.gz
HGG/Brats18_CBICA_AYU_1/Brats18_CBICA_AYU_1,/home/feiner/datasets/BraTS/ssn/MICCAI_BraTS2020_TrainingData/BraTS20_Training_080/BraTS20_Training_080_seg.nii.gz,/home/feiner/datasets/BraTS/ssn/MICCAI_BraTS2020_TrainingData/BraTS20_Training_080/BraTS20_Training_080_brain_mask.nii.gz,/home/feiner/datasets/BraTS/ssn/MICCAI_BraTS2020_TrainingData/BraTS20_Training_080/BraTS20_Training_080_flair.nii.gz,/home/feiner/datasets/BraTS/ssn/MICCAI_BraTS2020_TrainingData/BraTS20_Training_080/BraTS20_Training_080_t1.nii.gz,/home/feiner/datasets/BraTS/ssn/MICCAI_BraTS2020_TrainingData/BraTS20_Training_080/BraTS20_Training_080_t1ce.nii.gz,/home/feiner/datasets/BraTS/ssn/MICCAI_BraTS2020_TrainingData/BraTS20_Training_080/BraTS20_Training_080_t2.nii.gz
HGG/Brats18_CBICA_AYW_1/Brats18_CBICA_AYW_1,/home/feiner/datasets/BraTS/ssn/MICCAI_BraTS2020_TrainingData/BraTS20_Training_081/BraTS20_Training_081_seg.nii.gz,/home/feiner/datasets/BraTS/ssn/MICCAI_BraTS2020_TrainingData/BraTS20_Training_081/BraTS20_Training_081_brain_mask.nii.gz,/home/feiner/datasets/BraTS/ssn/MICCAI_BraTS2020_TrainingData/BraTS20_Training_081/BraTS20_Training_081_flair.nii.gz,/home/feiner/datasets/BraTS/ssn/MICCAI_BraTS2020_TrainingData/BraTS20_Training_081/BraTS20_Training_081_t1.nii.gz,/home/feiner/datasets/BraTS/ssn/MICCAI_BraTS2020_TrainingData/BraTS20_Training_081/BraTS20_Training_081_t1ce.nii.gz,/home/feiner/datasets/BraTS/ssn/MICCAI_BraTS2020_TrainingData/BraTS20_Training_081/BraTS20_Training_081_t2.nii.gz
HGG/Brats18_CBICA_AZH_1/Brats18_CBICA_AZH_1,/home/feiner/datasets/BraTS/ssn/MICCAI_BraTS2020_TrainingData/BraTS20_Training_083/BraTS20_Training_083_seg.nii.gz,/home/feiner/datasets/BraTS/ssn/MICCAI_BraTS2020_TrainingData/BraTS20_Training_083/BraTS20_Training_083_brain_mask.nii.gz,/home/feiner/datasets/BraTS/ssn/MICCAI_BraTS2020_TrainingData/BraTS20_Training_083/BraTS20_Training_083_flair.nii.gz,/home/feiner/datasets/BraTS/ssn/MICCAI_BraTS2020_TrainingData/BraTS20_Training_083/BraTS20_Training_083_t1.nii.gz,/home/feiner/datasets/BraTS/ssn/MICCAI_BraTS2020_TrainingData/BraTS20_Training_083/BraTS20_Training_083_t1ce.nii.gz,/home/feiner/datasets/BraTS/ssn/MICCAI_BraTS2020_TrainingData/BraTS20_Training_083/BraTS20_Training_083_t2.nii.gz
HGG/Brats18_CBICA_BFB_1/Brats18_CBICA_BFB_1,/home/feiner/datasets/BraTS/ssn/MICCAI_BraTS2020_TrainingData/BraTS20_Training_084/BraTS20_Training_084_seg.nii.gz,/home/feiner/datasets/BraTS/ssn/MICCAI_BraTS2020_TrainingData/BraTS20_Training_084/BraTS20_Training_084_brain_mask.nii.gz,/home/feiner/datasets/BraTS/ssn/MICCAI_BraTS2020_TrainingData/BraTS20_Training_084/BraTS20_Training_084_flair.nii.gz,/home/feiner/datasets/BraTS/ssn/MICCAI_BraTS2020_TrainingData/BraTS20_Training_084/BraTS20_Training_084_t1.nii.gz,/home/feiner/datasets/BraTS/ssn/MICCAI_BraTS2020_TrainingData/BraTS20_Training_084/BraTS20_Training_084_t1ce.nii.gz,/home/feiner/datasets/BraTS/ssn/MICCAI_BraTS2020_TrainingData/BraTS20_Training_084/BraTS20_Training_084_t2.nii.gz
HGG/Brats18_CBICA_BFP_1/Brats18_CBICA_BFP_1,/home/feiner/datasets/BraTS/ssn/MICCAI_BraTS2020_TrainingData/BraTS20_Training_085/BraTS20_Training_085_seg.nii.gz,/home/feiner/datasets/BraTS/ssn/MICCAI_BraTS2020_TrainingData/BraTS20_Training_085/BraTS20_Training_085_brain_mask.nii.gz,/home/feiner/datasets/BraTS/ssn/MICCAI_BraTS2020_TrainingData/BraTS20_Training_085/BraTS20_Training_085_flair.nii.gz,/home/feiner/datasets/BraTS/ssn/MICCAI_BraTS2020_TrainingData/BraTS20_Training_085/BraTS20_Training_085_t1.nii.gz,/home/feiner/datasets/BraTS/ssn/MICCAI_BraTS2020_TrainingData/BraTS20_Training_085/BraTS20_Training_085_t1ce.nii.gz,/home/feiner/datasets/BraTS/ssn/MICCAI_BraTS2020_TrainingData/BraTS20_Training_085/BraTS20_Training_085_t2.nii.gz
HGG/Brats18_CBICA_BHK_1/Brats18_CBICA_BHK_1,/home/feiner/datasets/BraTS/ssn/MICCAI_BraTS2020_TrainingData/BraTS20_Training_087/BraTS20_Training_087_seg.nii.gz,/home/feiner/datasets/BraTS/ssn/MICCAI_BraTS2020_TrainingData/BraTS20_Training_087/BraTS20_Training_087_brain_mask.nii.gz,/home/feiner/datasets/BraTS/ssn/MICCAI_BraTS2020_TrainingData/BraTS20_Training_087/BraTS20_Training_087_flair.nii.gz,/home/feiner/datasets/BraTS/ssn/MICCAI_BraTS2020_TrainingData/BraTS20_Training_087/BraTS20_Training_087_t1.nii.gz,/home/feiner/datasets/BraTS/ssn/MICCAI_BraTS2020_TrainingData/BraTS20_Training_087/BraTS20_Training_087_t1ce.nii.gz,/home/feiner/datasets/BraTS/ssn/MICCAI_BraTS2020_TrainingData/BraTS20_Training_087/BraTS20_Training_087_t2.nii.gz
HGG/Brats18_CBICA_BHM_1/Brats18_CBICA_BHM_1,/home/feiner/datasets/BraTS/ssn/MICCAI_BraTS2020_TrainingData/BraTS20_Training_088/BraTS20_Training_088_seg.nii.gz,/home/feiner/datasets/BraTS/ssn/MICCAI_BraTS2020_TrainingData/BraTS20_Training_088/BraTS20_Training_088_brain_mask.nii.gz,/home/feiner/datasets/BraTS/ssn/MICCAI_BraTS2020_TrainingData/BraTS20_Training_088/BraTS20_Training_088_flair.nii.gz,/home/feiner/datasets/BraTS/ssn/MICCAI_BraTS2020_TrainingData/BraTS20_Training_088/BraTS20_Training_088_t1.nii.gz,/home/feiner/datasets/BraTS/ssn/MICCAI_BraTS2020_TrainingData/BraTS20_Training_088/BraTS20_Training_088_t1ce.nii.gz,/home/feiner/datasets/BraTS/ssn/MICCAI_BraTS2020_TrainingData/BraTS20_Training_088/BraTS20_Training_088_t2.nii.gz
HGG/Brats18_TCIA01_150_1/Brats18_TCIA01_150_1,/home/feiner/datasets/BraTS/ssn/MICCAI_BraTS2020_TrainingData/BraTS20_Training_179/BraTS20_Training_179_seg.nii.gz,/home/feiner/datasets/BraTS/ssn/MICCAI_BraTS2020_TrainingData/BraTS20_Training_179/BraTS20_Training_179_brain_mask.nii.gz,/home/feiner/datasets/BraTS/ssn/MICCAI_BraTS2020_TrainingData/BraTS20_Training_179/BraTS20_Training_179_flair.nii.gz,/home/feiner/datasets/BraTS/ssn/MICCAI_BraTS2020_TrainingData/BraTS20_Training_179/BraTS20_Training_179_t1.nii.gz,/home/feiner/datasets/BraTS/ssn/MICCAI_BraTS2020_TrainingData/BraTS20_Training_179/BraTS20_Training_179_t1ce.nii.gz,/home/feiner/datasets/BraTS/ssn/MICCAI_BraTS2020_TrainingData/BraTS20_Training_179/BraTS20_Training_179_t2.nii.gz
HGG/Brats18_TCIA01_186_1/Brats18_TCIA01_186_1,/home/feiner/datasets/BraTS/ssn/MICCAI_BraTS2020_TrainingData/BraTS20_Training_161/BraTS20_Training_161_seg.nii.gz,/home/feiner/datasets/BraTS/ssn/MICCAI_BraTS2020_TrainingData/BraTS20_Training_161/BraTS20_Training_161_brain_mask.nii.gz,/home/feiner/datasets/BraTS/ssn/MICCAI_BraTS2020_TrainingData/BraTS20_Training_161/BraTS20_Training_161_flair.nii.gz,/home/feiner/datasets/BraTS/ssn/MICCAI_BraTS2020_TrainingData/BraTS20_Training_161/BraTS20_Training_161_t1.nii.gz,/home/feiner/datasets/BraTS/ssn/MICCAI_BraTS2020_TrainingData/BraTS20_Training_161/BraTS20_Training_161_t1ce.nii.gz,/home/feiner/datasets/BraTS/ssn/MICCAI_BraTS2020_TrainingData/BraTS20_Training_161/BraTS20_Training_161_t2.nii.gz
HGG/Brats18_TCIA01_201_1/Brats18_TCIA01_201_1,/home/feiner/datasets/BraTS/ssn/MICCAI_BraTS2020_TrainingData/BraTS20_Training_163/BraTS20_Training_163_seg.nii.gz,/home/feiner/datasets/BraTS/ssn/MICCAI_BraTS2020_TrainingData/BraTS20_Training_163/BraTS20_Training_163_brain_mask.nii.gz,/home/feiner/datasets/BraTS/ssn/MICCAI_BraTS2020_TrainingData/BraTS20_Training_163/BraTS20_Training_163_flair.nii.gz,/home/feiner/datasets/BraTS/ssn/MICCAI_BraTS2020_TrainingData/BraTS20_Training_163/BraTS20_Training_163_t1.nii.gz,/home/feiner/datasets/BraTS/ssn/MICCAI_BraTS2020_TrainingData/BraTS20_Training_163/BraTS20_Training_163_t1ce.nii.gz,/home/feiner/datasets/BraTS/ssn/MICCAI_BraTS2020_TrainingData/BraTS20_Training_163/BraTS20_Training_163_t2.nii.gz
HGG/Brats18_TCIA01_203_1/Brats18_TCIA01_203_1,/home/feiner/datasets/BraTS/ssn/MICCAI_BraTS2020_TrainingData/BraTS20_Training_175/BraTS20_Training_175_seg.nii.gz,/home/feiner/datasets/BraTS/ssn/MICCAI_BraTS2020_TrainingData/BraTS20_Training_175/BraTS20_Training_175_brain_mask.nii.gz,/home/feiner/datasets/BraTS/ssn/MICCAI_BraTS2020_TrainingData/BraTS20_Training_175/BraTS20_Training_175_flair.nii.gz,/home/feiner/datasets/BraTS/ssn/MICCAI_BraTS2020_TrainingData/BraTS20_Training_175/BraTS20_Training_175_t1.nii.gz,/home/feiner/datasets/BraTS/ssn/MICCAI_BraTS2020_TrainingData/BraTS20_Training_175/BraTS20_Training_175_t1ce.nii.gz,/home/feiner/datasets/BraTS/ssn/MICCAI_BraTS2020_TrainingData/BraTS20_Training_175/BraTS20_Training_175_t2.nii.gz
HGG/Brats18_TCIA01_221_1/Brats18_TCIA01_221_1,/home/feiner/datasets/BraTS/ssn/MICCAI_BraTS2020_TrainingData/BraTS20_Training_176/BraTS20_Training_176_seg.nii.gz,/home/feiner/datasets/BraTS/ssn/MICCAI_BraTS2020_TrainingData/BraTS20_Training_176/BraTS20_Training_176_brain_mask.nii.gz,/home/feiner/datasets/BraTS/ssn/MICCAI_BraTS2020_TrainingData/BraTS20_Training_176/BraTS20_Training_176_flair.nii.gz,/home/feiner/datasets/BraTS/ssn/MICCAI_BraTS2020_TrainingData/BraTS20_Training_176/BraTS20_Training_176_t1.nii.gz,/home/feiner/datasets/BraTS/ssn/MICCAI_BraTS2020_TrainingData/BraTS20_Training_176/BraTS20_Training_176_t1ce.nii.gz,/home/feiner/datasets/BraTS/ssn/MICCAI_BraTS2020_TrainingData/BraTS20_Training_176/BraTS20_Training_176_t2.nii.gz
HGG/Brats18_TCIA01_231_1/Brats18_TCIA01_231_1,/home/feiner/datasets/BraTS/ssn/MICCAI_BraTS2020_TrainingData/BraTS20_Training_174/BraTS20_Training_174_seg.nii.gz,/home/feiner/datasets/BraTS/ssn/MICCAI_BraTS2020_TrainingData/BraTS20_Training_174/BraTS20_Training_174_brain_mask.nii.gz,/home/feiner/datasets/BraTS/ssn/MICCAI_BraTS2020_TrainingData/BraTS20_Training_174/BraTS20_Training_174_flair.nii.gz,/home/feiner/datasets/BraTS/ssn/MICCAI_BraTS2020_TrainingData/BraTS20_Training_174/BraTS20_Training_174_t1.nii.gz,/home/feiner/datasets/BraTS/ssn/MICCAI_BraTS2020_TrainingData/BraTS20_Training_174/BraTS20_Training_174_t1ce.nii.gz,/home/feiner/datasets/BraTS/ssn/MICCAI_BraTS2020_TrainingData/BraTS20_Training_174/BraTS20_Training_174_t2.nii.gz
HGG/Brats18_TCIA01_235_1/Brats18_TCIA01_235_1,/home/feiner/datasets/BraTS/ssn/MICCAI_BraTS2020_TrainingData/BraTS20_Training_170/BraTS20_Training_170_seg.nii.gz,/home/feiner/datasets/BraTS/ssn/MICCAI_BraTS2020_TrainingData/BraTS20_Training_170/BraTS20_Training_170_brain_mask.nii.gz,/home/feiner/datasets/BraTS/ssn/MICCAI_BraTS2020_TrainingData/BraTS20_Training_170/BraTS20_Training_170_flair.nii.gz,/home/feiner/datasets/BraTS/ssn/MICCAI_BraTS2020_TrainingData/BraTS20_Training_170/BraTS20_Training_170_t1.nii.gz,/home/feiner/datasets/BraTS/ssn/MICCAI_BraTS2020_TrainingData/BraTS20_Training_170/BraTS20_Training_170_t1ce.nii.gz,/home/feiner/datasets/BraTS/ssn/MICCAI_BraTS2020_TrainingData/BraTS20_Training_170/BraTS20_Training_170_t2.nii.gz
HGG/Brats18_TCIA01_378_1/Brats18_TCIA01_378_1,/home/feiner/datasets/BraTS/ssn/MICCAI_BraTS2020_TrainingData/BraTS20_Training_164/BraTS20_Training_164_seg.nii.gz,/home/feiner/datasets/BraTS/ssn/MICCAI_BraTS2020_TrainingData/BraTS20_Training_164/BraTS20_Training_164_brain_mask.nii.gz,/home/feiner/datasets/BraTS/ssn/MICCAI_BraTS2020_TrainingData/BraTS20_Training_164/BraTS20_Training_164_flair.nii.gz,/home/feiner/datasets/BraTS/ssn/MICCAI_BraTS2020_TrainingData/BraTS20_Training_164/BraTS20_Training_164_t1.nii.gz,/home/feiner/datasets/BraTS/ssn/MICCAI_BraTS2020_TrainingData/BraTS20_Training_164/BraTS20_Training_164_t1ce.nii.gz,/home/feiner/datasets/BraTS/ssn/MICCAI_BraTS2020_TrainingData/BraTS20_Training_164/BraTS20_Training_164_t2.nii.gz
HGG/Brats18_TCIA01_401_1/Brats18_TCIA01_401_1,/home/feiner/datasets/BraTS/ssn/MICCAI_BraTS2020_TrainingData/BraTS20_Training_166/BraTS20_Training_166_seg.nii.gz,/home/feiner/datasets/BraTS/ssn/MICCAI_BraTS2020_TrainingData/BraTS20_Training_166/BraTS20_Training_166_brain_mask.nii.gz,/home/feiner/datasets/BraTS/ssn/MICCAI_BraTS2020_TrainingData/BraTS20_Training_166/BraTS20_Training_166_flair.nii.gz,/home/feiner/datasets/BraTS/ssn/MICCAI_BraTS2020_TrainingData/BraTS20_Training_166/BraTS20_Training_166_t1.nii.gz,/home/feiner/datasets/BraTS/ssn/MICCAI_BraTS2020_TrainingData/BraTS20_Training_166/BraTS20_Training_166_t1ce.nii.gz,/home/feiner/datasets/BraTS/ssn/MICCAI_BraTS2020_TrainingData/BraTS20_Training_166/BraTS20_Training_166_t2.nii.gz
HGG/Brats18_TCIA01_411_1/Brats18_TCIA01_411_1,/home/feiner/datasets/BraTS/ssn/MICCAI_BraTS2020_TrainingData/BraTS20_Training_177/BraTS20_Training_177_seg.nii.gz,/home/feiner/datasets/BraTS/ssn/MICCAI_BraTS2020_TrainingData/BraTS20_Training_177/BraTS20_Training_177_brain_mask.nii.gz,/home/feiner/datasets/BraTS/ssn/MICCAI_BraTS2020_TrainingData/BraTS20_Training_177/BraTS20_Training_177_flair.nii.gz,/home/feiner/datasets/BraTS/ssn/MICCAI_BraTS2020_TrainingData/BraTS20_Training_177/BraTS20_Training_177_t1.nii.gz,/home/feiner/datasets/BraTS/ssn/MICCAI_BraTS2020_TrainingData/BraTS20_Training_177/BraTS20_Training_177_t1ce.nii.gz,/home/feiner/datasets/BraTS/ssn/MICCAI_BraTS2020_TrainingData/BraTS20_Training_177/BraTS20_Training_177_t2.nii.gz
HGG/Brats18_TCIA01_412_1/Brats18_TCIA01_412_1,/home/feiner/datasets/BraTS/ssn/MICCAI_BraTS2020_TrainingData/BraTS20_Training_168/BraTS20_Training_168_seg.nii.gz,/home/feiner/datasets/BraTS/ssn/MICCAI_BraTS2020_TrainingData/BraTS20_Training_168/BraTS20_Training_168_brain_mask.nii.gz,/home/feiner/datasets/BraTS/ssn/MICCAI_BraTS2020_TrainingData/BraTS20_Training_168/BraTS20_Training_168_flair.nii.gz,/home/feiner/datasets/BraTS/ssn/MICCAI_BraTS2020_TrainingData/BraTS20_Training_168/BraTS20_Training_168_t1.nii.gz,/home/feiner/datasets/BraTS/ssn/MICCAI_BraTS2020_TrainingData/BraTS20_Training_168/BraTS20_Training_168_t1ce.nii.gz,/home/feiner/datasets/BraTS/ssn/MICCAI_BraTS2020_TrainingData/BraTS20_Training_168/BraTS20_Training_168_t2.nii.gz
HGG/Brats18_TCIA01_425_1/Brats18_TCIA01_425_1,/home/feiner/datasets/BraTS/ssn/MICCAI_BraTS2020_TrainingData/BraTS20_Training_158/BraTS20_Training_158_seg.nii.gz,/home/feiner/datasets/BraTS/ssn/MICCAI_BraTS2020_TrainingData/BraTS20_Training_158/BraTS20_Training_158_brain_mask.nii.gz,/home/feiner/datasets/BraTS/ssn/MICCAI_BraTS2020_TrainingData/BraTS20_Training_158/BraTS20_Training_158_flair.nii.gz,/home/feiner/datasets/BraTS/ssn/MICCAI_BraTS2020_TrainingData/BraTS20_Training_158/BraTS20_Training_158_t1.nii.gz,/home/feiner/datasets/BraTS/ssn/MICCAI_BraTS2020_TrainingData/BraTS20_Training_158/BraTS20_Training_158_t1ce.nii.gz,/home/feiner/datasets/BraTS/ssn/MICCAI_BraTS2020_TrainingData/BraTS20_Training_158/BraTS20_Training_158_t2.nii.gz
HGG/Brats18_TCIA01_448_1/Brats18_TCIA01_448_1,/home/feiner/datasets/BraTS/ssn/MICCAI_BraTS2020_TrainingData/BraTS20_Training_167/BraTS20_Training_167_seg.nii.gz,/home/feiner/datasets/BraTS/ssn/MICCAI_BraTS2020_TrainingData/BraTS20_Training_167/BraTS20_Training_167_brain_mask.nii.gz,/home/feiner/datasets/BraTS/ssn/MICCAI_BraTS2020_TrainingData/BraTS20_Training_167/BraTS20_Training_167_flair.nii.gz,/home/feiner/datasets/BraTS/ssn/MICCAI_BraTS2020_TrainingData/BraTS20_Training_167/BraTS20_Training_167_t1.nii.gz,/home/feiner/datasets/BraTS/ssn/MICCAI_BraTS2020_TrainingData/BraTS20_Training_167/BraTS20_Training_167_t1ce.nii.gz,/home/feiner/datasets/BraTS/ssn/MICCAI_BraTS2020_TrainingData/BraTS20_Training_167/BraTS20_Training_167_t2.nii.gz
HGG/Brats18_TCIA01_460_1/Brats18_TCIA01_460_1,/home/feiner/datasets/BraTS/ssn/MICCAI_BraTS2020_TrainingData/BraTS20_Training_160/BraTS20_Training_160_seg.nii.gz,/home/feiner/datasets/BraTS/ssn/MICCAI_BraTS2020_TrainingData/BraTS20_Training_160/BraTS20_Training_160_brain_mask.nii.gz,/home/feiner/datasets/BraTS/ssn/MICCAI_BraTS2020_TrainingData/BraTS20_Training_160/BraTS20_Training_160_flair.nii.gz,/home/feiner/datasets/BraTS/ssn/MICCAI_BraTS2020_TrainingData/BraTS20_Training_160/BraTS20_Training_160_t1.nii.gz,/home/feiner/datasets/BraTS/ssn/MICCAI_BraTS2020_TrainingData/BraTS20_Training_160/BraTS20_Training_160_t1ce.nii.gz,/home/feiner/datasets/BraTS/ssn/MICCAI_BraTS2020_TrainingData/BraTS20_Training_160/BraTS20_Training_160_t2.nii.gz
HGG/Brats18_TCIA01_499_1/Brats18_TCIA01_499_1,/home/feiner/datasets/BraTS/ssn/MICCAI_BraTS2020_TrainingData/BraTS20_Training_169/BraTS20_Training_169_seg.nii.gz,/home/feiner/datasets/BraTS/ssn/MICCAI_BraTS2020_TrainingData/BraTS20_Training_169/BraTS20_Training_169_brain_mask.nii.gz,/home/feiner/datasets/BraTS/ssn/MICCAI_BraTS2020_TrainingData/BraTS20_Training_169/BraTS20_Training_169_flair.nii.gz,/home/feiner/datasets/BraTS/ssn/MICCAI_BraTS2020_TrainingData/BraTS20_Training_169/BraTS20_Training_169_t1.nii.gz,/home/feiner/datasets/BraTS/ssn/MICCAI_BraTS2020_TrainingData/BraTS20_Training_169/BraTS20_Training_169_t1ce.nii.gz,/home/feiner/datasets/BraTS/ssn/MICCAI_BraTS2020_TrainingData/BraTS20_Training_169/BraTS20_Training_169_t2.nii.gz
HGG/Brats18_TCIA02_151_1/Brats18_TCIA02_151_1,/home/feiner/datasets/BraTS/ssn/MICCAI_BraTS2020_TrainingData/BraTS20_Training_192/BraTS20_Training_192_seg.nii.gz,/home/feiner/datasets/BraTS/ssn/MICCAI_BraTS2020_TrainingData/BraTS20_Training_192/BraTS20_Training_192_brain_mask.nii.gz,/home/feiner/datasets/BraTS/ssn/MICCAI_BraTS2020_TrainingData/BraTS20_Training_192/BraTS20_Training_192_flair.nii.gz,/home/feiner/datasets/BraTS/ssn/MICCAI_BraTS2020_TrainingData/BraTS20_Training_192/BraTS20_Training_192_t1.nii.gz,/home/feiner/datasets/BraTS/ssn/MICCAI_BraTS2020_TrainingData/BraTS20_Training_192/BraTS20_Training_192_t1ce.nii.gz,/home/feiner/datasets/BraTS/ssn/MICCAI_BraTS2020_TrainingData/BraTS20_Training_192/BraTS20_Training_192_t2.nii.gz
HGG/Brats18_TCIA02_168_1/Brats18_TCIA02_168_1,/home/feiner/datasets/BraTS/ssn/MICCAI_BraTS2020_TrainingData/BraTS20_Training_193/BraTS20_Training_193_seg.nii.gz,/home/feiner/datasets/BraTS/ssn/MICCAI_BraTS2020_TrainingData/BraTS20_Training_193/BraTS20_Training_193_brain_mask.nii.gz,/home/feiner/datasets/BraTS/ssn/MICCAI_BraTS2020_TrainingData/BraTS20_Training_193/BraTS20_Training_193_flair.nii.gz,/home/feiner/datasets/BraTS/ssn/MICCAI_BraTS2020_TrainingData/BraTS20_Training_193/BraTS20_Training_193_t1.nii.gz,/home/feiner/datasets/BraTS/ssn/MICCAI_BraTS2020_TrainingData/BraTS20_Training_193/BraTS20_Training_193_t1ce.nii.gz,/home/feiner/datasets/BraTS/ssn/MICCAI_BraTS2020_TrainingData/BraTS20_Training_193/BraTS20_Training_193_t2.nii.gz
HGG/Brats18_TCIA02_171_1/Brats18_TCIA02_171_1,/home/feiner/datasets/BraTS/ssn/MICCAI_BraTS2020_TrainingData/BraTS20_Training_200/BraTS20_Training_200_seg.nii.gz,/home/feiner/datasets/BraTS/ssn/MICCAI_BraTS2020_TrainingData/BraTS20_Training_200/BraTS20_Training_200_brain_mask.nii.gz,/home/feiner/datasets/BraTS/ssn/MICCAI_BraTS2020_TrainingData/BraTS20_Training_200/BraTS20_Training_200_flair.nii.gz,/home/feiner/datasets/BraTS/ssn/MICCAI_BraTS2020_TrainingData/BraTS20_Training_200/BraTS20_Training_200_t1.nii.gz,/home/feiner/datasets/BraTS/ssn/MICCAI_BraTS2020_TrainingData/BraTS20_Training_200/BraTS20_Training_200_t1ce.nii.gz,/home/feiner/datasets/BraTS/ssn/MICCAI_BraTS2020_TrainingData/BraTS20_Training_200/BraTS20_Training_200_t2.nii.gz
HGG/Brats18_TCIA02_222_1/Brats18_TCIA02_222_1,/home/feiner/datasets/BraTS/ssn/MICCAI_BraTS2020_TrainingData/BraTS20_Training_208/BraTS20_Training_208_seg.nii.gz,/home/feiner/datasets/BraTS/ssn/MICCAI_BraTS2020_TrainingData/BraTS20_Training_208/BraTS20_Training_208_brain_mask.nii.gz,/home/feiner/datasets/BraTS/ssn/MICCAI_BraTS2020_TrainingData/BraTS20_Training_208/BraTS20_Training_208_flair.nii.gz,/home/feiner/datasets/BraTS/ssn/MICCAI_BraTS2020_TrainingData/BraTS20_Training_208/BraTS20_Training_208_t1.nii.gz,/home/feiner/datasets/BraTS/ssn/MICCAI_BraTS2020_TrainingData/BraTS20_Training_208/BraTS20_Training_208_t1ce.nii.gz,/home/feiner/datasets/BraTS/ssn/MICCAI_BraTS2020_TrainingData/BraTS20_Training_208/BraTS20_Training_208_t2.nii.gz
HGG/Brats18_TCIA02_226_1/Brats18_TCIA02_226_1,/home/feiner/datasets/BraTS/ssn/MICCAI_BraTS2020_TrainingData/BraTS20_Training_190/BraTS20_Training_190_seg.nii.gz,/home/feiner/datasets/BraTS/ssn/MICCAI_BraTS2020_TrainingData/BraTS20_Training_190/BraTS20_Training_190_brain_mask.nii.gz,/home/feiner/datasets/BraTS/ssn/MICCAI_BraTS2020_TrainingData/BraTS20_Training_190/BraTS20_Training_190_flair.nii.gz,/home/feiner/datasets/BraTS/ssn/MICCAI_BraTS2020_TrainingData/BraTS20_Training_190/BraTS20_Training_190_t1.nii.gz,/home/feiner/datasets/BraTS/ssn/MICCAI_BraTS2020_TrainingData/BraTS20_Training_190/BraTS20_Training_190_t1ce.nii.gz,/home/feiner/datasets/BraTS/ssn/MICCAI_BraTS2020_TrainingData/BraTS20_Training_190/BraTS20_Training_190_t2.nii.gz
HGG/Brats18_TCIA02_274_1/Brats18_TCIA02_274_1,/home/feiner/datasets/BraTS/ssn/MICCAI_BraTS2020_TrainingData/BraTS20_Training_210/BraTS20_Training_210_seg.nii.gz,/home/feiner/datasets/BraTS/ssn/MICCAI_BraTS2020_TrainingData/BraTS20_Training_210/BraTS20_Training_210_brain_mask.nii.gz,/home/feiner/datasets/BraTS/ssn/MICCAI_BraTS2020_TrainingData/BraTS20_Training_210/BraTS20_Training_210_flair.nii.gz,/home/feiner/datasets/BraTS/ssn/MICCAI_BraTS2020_TrainingData/BraTS20_Training_210/BraTS20_Training_210_t1.nii.gz,/home/feiner/datasets/BraTS/ssn/MICCAI_BraTS2020_TrainingData/BraTS20_Training_210/BraTS20_Training_210_t1ce.nii.gz,/home/feiner/datasets/BraTS/ssn/MICCAI_BraTS2020_TrainingData/BraTS20_Training_210/BraTS20_Training_210_t2.nii.gz
HGG/Brats18_TCIA02_300_1/Brats18_TCIA02_300_1,/home/feiner/datasets/BraTS/ssn/MICCAI_BraTS2020_TrainingData/BraTS20_Training_194/BraTS20_Training_194_seg.nii.gz,/home/feiner/datasets/BraTS/ssn/MICCAI_BraTS2020_TrainingData/BraTS20_Training_194/BraTS20_Training_194_brain_mask.nii.gz,/home/feiner/datasets/BraTS/ssn/MICCAI_BraTS2020_TrainingData/BraTS20_Training_194/BraTS20_Training_194_flair.nii.gz,/home/feiner/datasets/BraTS/ssn/MICCAI_BraTS2020_TrainingData/BraTS20_Training_194/BraTS20_Training_194_t1.nii.gz,/home/feiner/datasets/BraTS/ssn/MICCAI_BraTS2020_TrainingData/BraTS20_Training_194/BraTS20_Training_194_t1ce.nii.gz,/home/feiner/datasets/BraTS/ssn/MICCAI_BraTS2020_TrainingData/BraTS20_Training_194/BraTS20_Training_194_t2.nii.gz
HGG/Brats18_TCIA02_309_1/Brats18_TCIA02_309_1,/home/feiner/datasets/BraTS/ssn/MICCAI_BraTS2020_TrainingData/BraTS20_Training_207/BraTS20_Training_207_seg.nii.gz,/home/feiner/datasets/BraTS/ssn/MICCAI_BraTS2020_TrainingData/BraTS20_Training_207/BraTS20_Training_207_brain_mask.nii.gz,/home/feiner/datasets/BraTS/ssn/MICCAI_BraTS2020_TrainingData/BraTS20_Training_207/BraTS20_Training_207_flair.nii.gz,/home/feiner/datasets/BraTS/ssn/MICCAI_BraTS2020_TrainingData/BraTS20_Training_207/BraTS20_Training_207_t1.nii.gz,/home/feiner/datasets/BraTS/ssn/MICCAI_BraTS2020_TrainingData/BraTS20_Training_207/BraTS20_Training_207_t1ce.nii.gz,/home/feiner/datasets/BraTS/ssn/MICCAI_BraTS2020_TrainingData/BraTS20_Training_207/BraTS20_Training_207_t2.nii.gz
HGG/Brats18_TCIA02_321_1/Brats18_TCIA02_321_1,/home/feiner/datasets/BraTS/ssn/MICCAI_BraTS2020_TrainingData/BraTS20_Training_186/BraTS20_Training_186_seg.nii.gz,/home/feiner/datasets/BraTS/ssn/MICCAI_BraTS2020_TrainingData/BraTS20_Training_186/BraTS20_Training_186_brain_mask.nii.gz,/home/feiner/datasets/BraTS/ssn/MICCAI_BraTS2020_TrainingData/BraTS20_Training_186/BraTS20_Training_186_flair.nii.gz,/home/feiner/datasets/BraTS/ssn/MICCAI_BraTS2020_TrainingData/BraTS20_Training_186/BraTS20_Training_186_t1.nii.gz,/home/feiner/datasets/BraTS/ssn/MICCAI_BraTS2020_TrainingData/BraTS20_Training_186/BraTS20_Training_186_t1ce.nii.gz,/home/feiner/datasets/BraTS/ssn/MICCAI_BraTS2020_TrainingData/BraTS20_Training_186/BraTS20_Training_186_t2.nii.gz
HGG/Brats18_TCIA02_322_1/Brats18_TCIA02_322_1,/home/feiner/datasets/BraTS/ssn/MICCAI_BraTS2020_TrainingData/BraTS20_Training_204/BraTS20_Training_204_seg.nii.gz,/home/feiner/datasets/BraTS/ssn/MICCAI_BraTS2020_TrainingData/BraTS20_Training_204/BraTS20_Training_204_brain_mask.nii.gz,/home/feiner/datasets/BraTS/ssn/MICCAI_BraTS2020_TrainingData/BraTS20_Training_204/BraTS20_Training_204_flair.nii.gz,/home/feiner/datasets/BraTS/ssn/MICCAI_BraTS2020_TrainingData/BraTS20_Training_204/BraTS20_Training_204_t1.nii.gz,/home/feiner/datasets/BraTS/ssn/MICCAI_BraTS2020_TrainingData/BraTS20_Training_204/BraTS20_Training_204_t1ce.nii.gz,/home/feiner/datasets/BraTS/ssn/MICCAI_BraTS2020_TrainingData/BraTS20_Training_204/BraTS20_Training_204_t2.nii.gz
HGG/Brats18_TCIA02_331_1/Brats18_TCIA02_331_1,/home/feiner/datasets/BraTS/ssn/MICCAI_BraTS2020_TrainingData/BraTS20_Training_181/BraTS20_Training_181_seg.nii.gz,/home/feiner/datasets/BraTS/ssn/MICCAI_BraTS2020_TrainingData/BraTS20_Training_181/BraTS20_Training_181_brain_mask.nii.gz,/home/feiner/datasets/BraTS/ssn/MICCAI_BraTS2020_TrainingData/BraTS20_Training_181/BraTS20_Training_181_flair.nii.gz,/home/feiner/datasets/BraTS/ssn/MICCAI_BraTS2020_TrainingData/BraTS20_Training_181/BraTS20_Training_181_t1.nii.gz,/home/feiner/datasets/BraTS/ssn/MICCAI_BraTS2020_TrainingData/BraTS20_Training_181/BraTS20_Training_181_t1ce.nii.gz,/home/feiner/datasets/BraTS/ssn/MICCAI_BraTS2020_TrainingData/BraTS20_Training_181/BraTS20_Training_181_t2.nii.gz
HGG/Brats18_TCIA02_368_1/Brats18_TCIA02_368_1,/home/feiner/datasets/BraTS/ssn/MICCAI_BraTS2020_TrainingData/BraTS20_Training_201/BraTS20_Training_201_seg.nii.gz,/home/feiner/datasets/BraTS/ssn/MICCAI_BraTS2020_TrainingData/BraTS20_Training_201/BraTS20_Training_201_brain_mask.nii.gz,/home/feiner/datasets/BraTS/ssn/MICCAI_BraTS2020_TrainingData/BraTS20_Training_201/BraTS20_Training_201_flair.nii.gz,/home/feiner/datasets/BraTS/ssn/MICCAI_BraTS2020_TrainingData/BraTS20_Training_201/BraTS20_Training_201_t1.nii.gz,/home/feiner/datasets/BraTS/ssn/MICCAI_BraTS2020_TrainingData/BraTS20_Training_201/BraTS20_Training_201_t1ce.nii.gz,/home/feiner/datasets/BraTS/ssn/MICCAI_BraTS2020_TrainingData/BraTS20_Training_201/BraTS20_Training_201_t2.nii.gz
HGG/Brats18_TCIA02_370_1/Brats18_TCIA02_370_1,/home/feiner/datasets/BraTS/ssn/MICCAI_BraTS2020_TrainingData/BraTS20_Training_198/BraTS20_Training_198_seg.nii.gz,/home/feiner/datasets/BraTS/ssn/MICCAI_BraTS2020_TrainingData/BraTS20_Training_198/BraTS20_Training_198_brain_mask.nii.gz,/home/feiner/datasets/BraTS/ssn/MICCAI_BraTS2020_TrainingData/BraTS20_Training_198/BraTS20_Training_198_flair.nii.gz,/home/feiner/datasets/BraTS/ssn/MICCAI_BraTS2020_TrainingData/BraTS20_Training_198/BraTS20_Training_198_t1.nii.gz,/home/feiner/datasets/BraTS/ssn/MICCAI_BraTS2020_TrainingData/BraTS20_Training_198/BraTS20_Training_198_t1ce.nii.gz,/home/feiner/datasets/BraTS/ssn/MICCAI_BraTS2020_TrainingData/BraTS20_Training_198/BraTS20_Training_198_t2.nii.gz
HGG/Brats18_TCIA02_374_1/Brats18_TCIA02_374_1,/home/feiner/datasets/BraTS/ssn/MICCAI_BraTS2020_TrainingData/BraTS20_Training_197/BraTS20_Training_197_seg.nii.gz,/home/feiner/datasets/BraTS/ssn/MICCAI_BraTS2020_TrainingData/BraTS20_Training_197/BraTS20_Training_197_brain_mask.nii.gz,/home/feiner/datasets/BraTS/ssn/MICCAI_BraTS2020_TrainingData/BraTS20_Training_197/BraTS20_Training_197_flair.nii.gz,/home/feiner/datasets/BraTS/ssn/MICCAI_BraTS2020_TrainingData/BraTS20_Training_197/BraTS20_Training_197_t1.nii.gz,/home/feiner/datasets/BraTS/ssn/MICCAI_BraTS2020_TrainingData/BraTS20_Training_197/BraTS20_Training_197_t1ce.nii.gz,/home/feiner/datasets/BraTS/ssn/MICCAI_BraTS2020_TrainingData/BraTS20_Training_197/BraTS20_Training_197_t2.nii.gz
HGG/Brats18_TCIA02_430_1/Brats18_TCIA02_430_1,/home/feiner/datasets/BraTS/ssn/MICCAI_BraTS2020_TrainingData/BraTS20_Training_187/BraTS20_Training_187_seg.nii.gz,/home/feiner/datasets/BraTS/ssn/MICCAI_BraTS2020_TrainingData/BraTS20_Training_187/BraTS20_Training_187_brain_mask.nii.gz,/home/feiner/datasets/BraTS/ssn/MICCAI_BraTS2020_TrainingData/BraTS20_Training_187/BraTS20_Training_187_flair.nii.gz,/home/feiner/datasets/BraTS/ssn/MICCAI_BraTS2020_TrainingData/BraTS20_Training_187/BraTS20_Training_187_t1.nii.gz,/home/feiner/datasets/BraTS/ssn/MICCAI_BraTS2020_TrainingData/BraTS20_Training_187/BraTS20_Training_187_t1ce.nii.gz,/home/feiner/datasets/BraTS/ssn/MICCAI_BraTS2020_TrainingData/BraTS20_Training_187/BraTS20_Training_187_t2.nii.gz
HGG/Brats18_TCIA02_471_1/Brats18_TCIA02_471_1,/home/feiner/datasets/BraTS/ssn/MICCAI_BraTS2020_TrainingData/BraTS20_Training_196/BraTS20_Training_196_seg.nii.gz,/home/feiner/datasets/BraTS/ssn/MICCAI_BraTS2020_TrainingData/BraTS20_Training_196/BraTS20_Training_196_brain_mask.nii.gz,/home/feiner/datasets/BraTS/ssn/MICCAI_BraTS2020_TrainingData/BraTS20_Training_196/BraTS20_Training_196_flair.nii.gz,/home/feiner/datasets/BraTS/ssn/MICCAI_BraTS2020_TrainingData/BraTS20_Training_196/BraTS20_Training_196_t1.nii.gz,/home/feiner/datasets/BraTS/ssn/MICCAI_BraTS2020_TrainingData/BraTS20_Training_196/BraTS20_Training_196_t1ce.nii.gz,/home/feiner/datasets/BraTS/ssn/MICCAI_BraTS2020_TrainingData/BraTS20_Training_196/BraTS20_Training_196_t2.nii.gz
HGG/Brats18_TCIA02_473_1/Brats18_TCIA02_473_1,/home/feiner/datasets/BraTS/ssn/MICCAI_BraTS2020_TrainingData/BraTS20_Training_206/BraTS20_Training_206_seg.nii.gz,/home/feiner/datasets/BraTS/ssn/MICCAI_BraTS2020_TrainingData/BraTS20_Training_206/BraTS20_Training_206_brain_mask.nii.gz,/home/feiner/datasets/BraTS/ssn/MICCAI_BraTS2020_TrainingData/BraTS20_Training_206/BraTS20_Training_206_flair.nii.gz,/home/feiner/datasets/BraTS/ssn/MICCAI_BraTS2020_TrainingData/BraTS20_Training_206/BraTS20_Training_206_t1.nii.gz,/home/feiner/datasets/BraTS/ssn/MICCAI_BraTS2020_TrainingData/BraTS20_Training_206/BraTS20_Training_206_t1ce.nii.gz,/home/feiner/datasets/BraTS/ssn/MICCAI_BraTS2020_TrainingData/BraTS20_Training_206/BraTS20_Training_206_t2.nii.gz
HGG/Brats18_TCIA02_491_1/Brats18_TCIA02_491_1,/home/feiner/datasets/BraTS/ssn/MICCAI_BraTS2020_TrainingData/BraTS20_Training_180/BraTS20_Training_180_seg.nii.gz,/home/feiner/datasets/BraTS/ssn/MICCAI_BraTS2020_TrainingData/BraTS20_Training_180/BraTS20_Training_180_brain_mask.nii.gz,/home/feiner/datasets/BraTS/ssn/MICCAI_BraTS2020_TrainingData/BraTS20_Training_180/BraTS20_Training_180_flair.nii.gz,/home/feiner/datasets/BraTS/ssn/MICCAI_BraTS2020_TrainingData/BraTS20_Training_180/BraTS20_Training_180_t1.nii.gz,/home/feiner/datasets/BraTS/ssn/MICCAI_BraTS2020_TrainingData/BraTS20_Training_180/BraTS20_Training_180_t1ce.nii.gz,/home/feiner/datasets/BraTS/ssn/MICCAI_BraTS2020_TrainingData/BraTS20_Training_180/BraTS20_Training_180_t2.nii.gz
HGG/Brats18_TCIA02_605_1/Brats18_TCIA02_605_1,/home/feiner/datasets/BraTS/ssn/MICCAI_BraTS2020_TrainingData/BraTS20_Training_213/BraTS20_Training_213_seg.nii.gz,/home/feiner/datasets/BraTS/ssn/MICCAI_BraTS2020_TrainingData/BraTS20_Training_213/BraTS20_Training_213_brain_mask.nii.gz,/home/feiner/datasets/BraTS/ssn/MICCAI_BraTS2020_TrainingData/BraTS20_Training_213/BraTS20_Training_213_flair.nii.gz,/home/feiner/datasets/BraTS/ssn/MICCAI_BraTS2020_TrainingData/BraTS20_Training_213/BraTS20_Training_213_t1.nii.gz,/home/feiner/datasets/BraTS/ssn/MICCAI_BraTS2020_TrainingData/BraTS20_Training_213/BraTS20_Training_213_t1ce.nii.gz,/home/feiner/datasets/BraTS/ssn/MICCAI_BraTS2020_TrainingData/BraTS20_Training_213/BraTS20_Training_213_t2.nii.gz
HGG/Brats18_TCIA02_608_1/Brats18_TCIA02_608_1,/home/feiner/datasets/BraTS/ssn/MICCAI_BraTS2020_TrainingData/BraTS20_Training_202/BraTS20_Training_202_seg.nii.gz,/home/feiner/datasets/BraTS/ssn/MICCAI_BraTS2020_TrainingData/BraTS20_Training_202/BraTS20_Training_202_brain_mask.nii.gz,/home/feiner/datasets/BraTS/ssn/MICCAI_BraTS2020_TrainingData/BraTS20_Training_202/BraTS20_Training_202_flair.nii.gz,/home/feiner/datasets/BraTS/ssn/MICCAI_BraTS2020_TrainingData/BraTS20_Training_202/BraTS20_Training_202_t1.nii.gz,/home/feiner/datasets/BraTS/ssn/MICCAI_BraTS2020_TrainingData/BraTS20_Training_202/BraTS20_Training_202_t1ce.nii.gz,/home/feiner/datasets/BraTS/ssn/MICCAI_BraTS2020_TrainingData/BraTS20_Training_202/BraTS20_Training_202_t2.nii.gz
HGG/Brats18_TCIA03_121_1/Brats18_TCIA03_121_1,/home/feiner/datasets/BraTS/ssn/MICCAI_BraTS2020_TrainingData/BraTS20_Training_214/BraTS20_Training_214_seg.nii.gz,/home/feiner/datasets/BraTS/ssn/MICCAI_BraTS2020_TrainingData/BraTS20_Training_214/BraTS20_Training_214_brain_mask.nii.gz,/home/feiner/datasets/BraTS/ssn/MICCAI_BraTS2020_TrainingData/BraTS20_Training_214/BraTS20_Training_214_flair.nii.gz,/home/feiner/datasets/BraTS/ssn/MICCAI_BraTS2020_TrainingData/BraTS20_Training_214/BraTS20_Training_214_t1.nii.gz,/home/feiner/datasets/BraTS/ssn/MICCAI_BraTS2020_TrainingData/BraTS20_Training_214/BraTS20_Training_214_t1ce.nii.gz,/home/feiner/datasets/BraTS/ssn/MICCAI_BraTS2020_TrainingData/BraTS20_Training_214/BraTS20_Training_214_t2.nii.gz
HGG/Brats18_TCIA03_133_1/Brats18_TCIA03_133_1,/home/feiner/datasets/BraTS/ssn/MICCAI_BraTS2020_TrainingData/BraTS20_Training_222/BraTS20_Training_222_seg.nii.gz,/home/feiner/datasets/BraTS/ssn/MICCAI_BraTS2020_TrainingData/BraTS20_Training_222/BraTS20_Training_222_brain_mask.nii.gz,/home/feiner/datasets/BraTS/ssn/MICCAI_BraTS2020_TrainingData/BraTS20_Training_222/BraTS20_Training_222_flair.nii.gz,/home/feiner/datasets/BraTS/ssn/MICCAI_BraTS2020_TrainingData/BraTS20_Training_222/BraTS20_Training_222_t1.nii.gz,/home/feiner/datasets/BraTS/ssn/MICCAI_BraTS2020_TrainingData/BraTS20_Training_222/BraTS20_Training_222_t1ce.nii.gz,/home/feiner/datasets/BraTS/ssn/MICCAI_BraTS2020_TrainingData/BraTS20_Training_222/BraTS20_Training_222_t2.nii.gz
HGG/Brats18_TCIA03_138_1/Brats18_TCIA03_138_1,/home/feiner/datasets/BraTS/ssn/MICCAI_BraTS2020_TrainingData/BraTS20_Training_218/BraTS20_Training_218_seg.nii.gz,/home/feiner/datasets/BraTS/ssn/MICCAI_BraTS2020_TrainingData/BraTS20_Training_218/BraTS20_Training_218_brain_mask.nii.gz,/home/feiner/datasets/BraTS/ssn/MICCAI_BraTS2020_TrainingData/BraTS20_Training_218/BraTS20_Training_218_flair.nii.gz,/home/feiner/datasets/BraTS/ssn/MICCAI_BraTS2020_TrainingData/BraTS20_Training_218/BraTS20_Training_218_t1.nii.gz,/home/feiner/datasets/BraTS/ssn/MICCAI_BraTS2020_TrainingData/BraTS20_Training_218/BraTS20_Training_218_t1ce.nii.gz,/home/feiner/datasets/BraTS/ssn/MICCAI_BraTS2020_TrainingData/BraTS20_Training_218/BraTS20_Training_218_t2.nii.gz
HGG/Brats18_TCIA03_257_1/Brats18_TCIA03_257_1,/home/feiner/datasets/BraTS/ssn/MICCAI_BraTS2020_TrainingData/BraTS20_Training_220/BraTS20_Training_220_seg.nii.gz,/home/feiner/datasets/BraTS/ssn/MICCAI_BraTS2020_TrainingData/BraTS20_Training_220/BraTS20_Training_220_brain_mask.nii.gz,/home/feiner/datasets/BraTS/ssn/MICCAI_BraTS2020_TrainingData/BraTS20_Training_220/BraTS20_Training_220_flair.nii.gz,/home/feiner/datasets/BraTS/ssn/MICCAI_BraTS2020_TrainingData/BraTS20_Training_220/BraTS20_Training_220_t1.nii.gz,/home/feiner/datasets/BraTS/ssn/MICCAI_BraTS2020_TrainingData/BraTS20_Training_220/BraTS20_Training_220_t1ce.nii.gz,/home/feiner/datasets/BraTS/ssn/MICCAI_BraTS2020_TrainingData/BraTS20_Training_220/BraTS20_Training_220_t2.nii.gz
HGG/Brats18_TCIA03_338_1/Brats18_TCIA03_338_1,/home/feiner/datasets/BraTS/ssn/MICCAI_BraTS2020_TrainingData/BraTS20_Training_217/BraTS20_Training_217_seg.nii.gz,/home/feiner/datasets/BraTS/ssn/MICCAI_BraTS2020_TrainingData/BraTS20_Training_217/BraTS20_Training_217_brain_mask.nii.gz,/home/feiner/datasets/BraTS/ssn/MICCAI_BraTS2020_TrainingData/BraTS20_Training_217/BraTS20_Training_217_flair.nii.gz,/home/feiner/datasets/BraTS/ssn/MICCAI_BraTS2020_TrainingData/BraTS20_Training_217/BraTS20_Training_217_t1.nii.gz,/home/feiner/datasets/BraTS/ssn/MICCAI_BraTS2020_TrainingData/BraTS20_Training_217/BraTS20_Training_217_t1ce.nii.gz,/home/feiner/datasets/BraTS/ssn/MICCAI_BraTS2020_TrainingData/BraTS20_Training_217/BraTS20_Training_217_t2.nii.gz
HGG/Brats18_TCIA03_375_1/Brats18_TCIA03_375_1,/home/feiner/datasets/BraTS/ssn/MICCAI_BraTS2020_TrainingData/BraTS20_Training_215/BraTS20_Training_215_seg.nii.gz,/home/feiner/datasets/BraTS/ssn/MICCAI_BraTS2020_TrainingData/BraTS20_Training_215/BraTS20_Training_215_brain_mask.nii.gz,/home/feiner/datasets/BraTS/ssn/MICCAI_BraTS2020_TrainingData/BraTS20_Training_215/BraTS20_Training_215_flair.nii.gz,/home/feiner/datasets/BraTS/ssn/MICCAI_BraTS2020_TrainingData/BraTS20_Training_215/BraTS20_Training_215_t1.nii.gz,/home/feiner/datasets/BraTS/ssn/MICCAI_BraTS2020_TrainingData/BraTS20_Training_215/BraTS20_Training_215_t1ce.nii.gz,/home/feiner/datasets/BraTS/ssn/MICCAI_BraTS2020_TrainingData/BraTS20_Training_215/BraTS20_Training_215_t2.nii.gz
HGG/Brats18_TCIA03_419_1/Brats18_TCIA03_419_1,/home/feiner/datasets/BraTS/ssn/MICCAI_BraTS2020_TrainingData/BraTS20_Training_224/BraTS20_Training_224_seg.nii.gz,/home/feiner/datasets/BraTS/ssn/MICCAI_BraTS2020_TrainingData/BraTS20_Training_224/BraTS20_Training_224_brain_mask.nii.gz,/home/feiner/datasets/BraTS/ssn/MICCAI_BraTS2020_TrainingData/BraTS20_Training_224/BraTS20_Training_224_flair.nii.gz,/home/feiner/datasets/BraTS/ssn/MICCAI_BraTS2020_TrainingData/BraTS20_Training_224/BraTS20_Training_224_t1.nii.gz,/home/feiner/datasets/BraTS/ssn/MICCAI_BraTS2020_TrainingData/BraTS20_Training_224/BraTS20_Training_224_t1ce.nii.gz,/home/feiner/datasets/BraTS/ssn/MICCAI_BraTS2020_TrainingData/BraTS20_Training_224/BraTS20_Training_224_t2.nii.gz
HGG/Brats18_TCIA03_474_1/Brats18_TCIA03_474_1,/home/feiner/datasets/BraTS/ssn/MICCAI_BraTS2020_TrainingData/BraTS20_Training_225/BraTS20_Training_225_seg.nii.gz,/home/feiner/datasets/BraTS/ssn/MICCAI_BraTS2020_TrainingData/BraTS20_Training_225/BraTS20_Training_225_brain_mask.nii.gz,/home/feiner/datasets/BraTS/ssn/MICCAI_BraTS2020_TrainingData/BraTS20_Training_225/BraTS20_Training_225_flair.nii.gz,/home/feiner/datasets/BraTS/ssn/MICCAI_BraTS2020_TrainingData/BraTS20_Training_225/BraTS20_Training_225_t1.nii.gz,/home/feiner/datasets/BraTS/ssn/MICCAI_BraTS2020_TrainingData/BraTS20_Training_225/BraTS20_Training_225_t1ce.nii.gz,/home/feiner/datasets/BraTS/ssn/MICCAI_BraTS2020_TrainingData/BraTS20_Training_225/BraTS20_Training_225_t2.nii.gz
HGG/Brats18_TCIA04_149_1/Brats18_TCIA04_149_1,/home/feiner/datasets/BraTS/ssn/MICCAI_BraTS2020_TrainingData/BraTS20_Training_226/BraTS20_Training_226_seg.nii.gz,/home/feiner/datasets/BraTS/ssn/MICCAI_BraTS2020_TrainingData/BraTS20_Training_226/BraTS20_Training_226_brain_mask.nii.gz,/home/feiner/datasets/BraTS/ssn/MICCAI_BraTS2020_TrainingData/BraTS20_Training_226/BraTS20_Training_226_flair.nii.gz,/home/feiner/datasets/BraTS/ssn/MICCAI_BraTS2020_TrainingData/BraTS20_Training_226/BraTS20_Training_226_t1.nii.gz,/home/feiner/datasets/BraTS/ssn/MICCAI_BraTS2020_TrainingData/BraTS20_Training_226/BraTS20_Training_226_t1ce.nii.gz,/home/feiner/datasets/BraTS/ssn/MICCAI_BraTS2020_TrainingData/BraTS20_Training_226/BraTS20_Training_226_t2.nii.gz
HGG/Brats18_TCIA04_192_1/Brats18_TCIA04_192_1,/home/feiner/datasets/BraTS/ssn/MICCAI_BraTS2020_TrainingData/BraTS20_Training_230/BraTS20_Training_230_seg.nii.gz,/home/feiner/datasets/BraTS/ssn/MICCAI_BraTS2020_TrainingData/BraTS20_Training_230/BraTS20_Training_230_brain_mask.nii.gz,/home/feiner/datasets/BraTS/ssn/MICCAI_BraTS2020_TrainingData/BraTS20_Training_230/BraTS20_Training_230_flair.nii.gz,/home/feiner/datasets/BraTS/ssn/MICCAI_BraTS2020_TrainingData/BraTS20_Training_230/BraTS20_Training_230_t1.nii.gz,/home/feiner/datasets/BraTS/ssn/MICCAI_BraTS2020_TrainingData/BraTS20_Training_230/BraTS20_Training_230_t1ce.nii.gz,/home/feiner/datasets/BraTS/ssn/MICCAI_BraTS2020_TrainingData/BraTS20_Training_230/BraTS20_Training_230_t2.nii.gz
HGG/Brats18_TCIA04_437_1/Brats18_TCIA04_437_1,/home/feiner/datasets/BraTS/ssn/MICCAI_BraTS2020_TrainingData/BraTS20_Training_233/BraTS20_Training_233_seg.nii.gz,/home/feiner/datasets/BraTS/ssn/MICCAI_BraTS2020_TrainingData/BraTS20_Training_233/BraTS20_Training_233_brain_mask.nii.gz,/home/feiner/datasets/BraTS/ssn/MICCAI_BraTS2020_TrainingData/BraTS20_Training_233/BraTS20_Training_233_flair.nii.gz,/home/feiner/datasets/BraTS/ssn/MICCAI_BraTS2020_TrainingData/BraTS20_Training_233/BraTS20_Training_233_t1.nii.gz,/home/feiner/datasets/BraTS/ssn/MICCAI_BraTS2020_TrainingData/BraTS20_Training_233/BraTS20_Training_233_t1ce.nii.gz,/home/feiner/datasets/BraTS/ssn/MICCAI_BraTS2020_TrainingData/BraTS20_Training_233/BraTS20_Training_233_t2.nii.gz
HGG/Brats18_TCIA04_479_1/Brats18_TCIA04_479_1,/home/feiner/datasets/BraTS/ssn/MICCAI_BraTS2020_TrainingData/BraTS20_Training_229/BraTS20_Training_229_seg.nii.gz,/home/feiner/datasets/BraTS/ssn/MICCAI_BraTS2020_TrainingData/BraTS20_Training_229/BraTS20_Training_229_brain_mask.nii.gz,/home/feiner/datasets/BraTS/ssn/MICCAI_BraTS2020_TrainingData/BraTS20_Training_229/BraTS20_Training_229_flair.nii.gz,/home/feiner/datasets/BraTS/ssn/MICCAI_BraTS2020_TrainingData/BraTS20_Training_229/BraTS20_Training_229_t1.nii.gz,/home/feiner/datasets/BraTS/ssn/MICCAI_BraTS2020_TrainingData/BraTS20_Training_229/BraTS20_Training_229_t1ce.nii.gz,/home/feiner/datasets/BraTS/ssn/MICCAI_BraTS2020_TrainingData/BraTS20_Training_229/BraTS20_Training_229_t2.nii.gz
HGG/Brats18_TCIA05_396_1/Brats18_TCIA05_396_1,/home/feiner/datasets/BraTS/ssn/MICCAI_BraTS2020_TrainingData/BraTS20_Training_237/BraTS20_Training_237_seg.nii.gz,/home/feiner/datasets/BraTS/ssn/MICCAI_BraTS2020_TrainingData/BraTS20_Training_237/BraTS20_Training_237_brain_mask.nii.gz,/home/feiner/datasets/BraTS/ssn/MICCAI_BraTS2020_TrainingData/BraTS20_Training_237/BraTS20_Training_237_flair.nii.gz,/home/feiner/datasets/BraTS/ssn/MICCAI_BraTS2020_TrainingData/BraTS20_Training_237/BraTS20_Training_237_t1.nii.gz,/home/feiner/datasets/BraTS/ssn/MICCAI_BraTS2020_TrainingData/BraTS20_Training_237/BraTS20_Training_237_t1ce.nii.gz,/home/feiner/datasets/BraTS/ssn/MICCAI_BraTS2020_TrainingData/BraTS20_Training_237/BraTS20_Training_237_t2.nii.gz
HGG/Brats18_TCIA05_444_1/Brats18_TCIA05_444_1,/home/feiner/datasets/BraTS/ssn/MICCAI_BraTS2020_TrainingData/BraTS20_Training_234/BraTS20_Training_234_seg.nii.gz,/home/feiner/datasets/BraTS/ssn/MICCAI_BraTS2020_TrainingData/BraTS20_Training_234/BraTS20_Training_234_brain_mask.nii.gz,/home/feiner/datasets/BraTS/ssn/MICCAI_BraTS2020_TrainingData/BraTS20_Training_234/BraTS20_Training_234_flair.nii.gz,/home/feiner/datasets/BraTS/ssn/MICCAI_BraTS2020_TrainingData/BraTS20_Training_234/BraTS20_Training_234_t1.nii.gz,/home/feiner/datasets/BraTS/ssn/MICCAI_BraTS2020_TrainingData/BraTS20_Training_234/BraTS20_Training_234_t1ce.nii.gz,/home/feiner/datasets/BraTS/ssn/MICCAI_BraTS2020_TrainingData/BraTS20_Training_234/BraTS20_Training_234_t2.nii.gz
HGG/Brats18_TCIA06_184_1/Brats18_TCIA06_184_1,/home/feiner/datasets/BraTS/ssn/MICCAI_BraTS2020_TrainingData/BraTS20_Training_238/BraTS20_Training_238_seg.nii.gz,/home/feiner/datasets/BraTS/ssn/MICCAI_BraTS2020_TrainingData/BraTS20_Training_238/BraTS20_Training_238_brain_mask.nii.gz,/home/feiner/datasets/BraTS/ssn/MICCAI_BraTS2020_TrainingData/BraTS20_Training_238/BraTS20_Training_238_flair.nii.gz,/home/feiner/datasets/BraTS/ssn/MICCAI_BraTS2020_TrainingData/BraTS20_Training_238/BraTS20_Training_238_t1.nii.gz,/home/feiner/datasets/BraTS/ssn/MICCAI_BraTS2020_TrainingData/BraTS20_Training_238/BraTS20_Training_238_t1ce.nii.gz,/home/feiner/datasets/BraTS/ssn/MICCAI_BraTS2020_TrainingData/BraTS20_Training_238/BraTS20_Training_238_t2.nii.gz
HGG/Brats18_TCIA06_247_1/Brats18_TCIA06_247_1,/home/feiner/datasets/BraTS/ssn/MICCAI_BraTS2020_TrainingData/BraTS20_Training_242/BraTS20_Training_242_seg.nii.gz,/home/feiner/datasets/BraTS/ssn/MICCAI_BraTS2020_TrainingData/BraTS20_Training_242/BraTS20_Training_242_brain_mask.nii.gz,/home/feiner/datasets/BraTS/ssn/MICCAI_BraTS2020_TrainingData/BraTS20_Training_242/BraTS20_Training_242_flair.nii.gz,/home/feiner/datasets/BraTS/ssn/MICCAI_BraTS2020_TrainingData/BraTS20_Training_242/BraTS20_Training_242_t1.nii.gz,/home/feiner/datasets/BraTS/ssn/MICCAI_BraTS2020_TrainingData/BraTS20_Training_242/BraTS20_Training_242_t1ce.nii.gz,/home/feiner/datasets/BraTS/ssn/MICCAI_BraTS2020_TrainingData/BraTS20_Training_242/BraTS20_Training_242_t2.nii.gz
HGG/Brats18_TCIA06_372_1/Brats18_TCIA06_372_1,/home/feiner/datasets/BraTS/ssn/MICCAI_BraTS2020_TrainingData/BraTS20_Training_241/BraTS20_Training_241_seg.nii.gz,/home/feiner/datasets/BraTS/ssn/MICCAI_BraTS2020_TrainingData/BraTS20_Training_241/BraTS20_Training_241_brain_mask.nii.gz,/home/feiner/datasets/BraTS/ssn/MICCAI_BraTS2020_TrainingData/BraTS20_Training_241/BraTS20_Training_241_flair.nii.gz,/home/feiner/datasets/BraTS/ssn/MICCAI_BraTS2020_TrainingData/BraTS20_Training_241/BraTS20_Training_241_t1.nii.gz,/home/feiner/datasets/BraTS/ssn/MICCAI_BraTS2020_TrainingData/BraTS20_Training_241/BraTS20_Training_241_t1ce.nii.gz,/home/feiner/datasets/BraTS/ssn/MICCAI_BraTS2020_TrainingData/BraTS20_Training_241/BraTS20_Training_241_t2.nii.gz
HGG/Brats18_TCIA06_409_1/Brats18_TCIA06_409_1,/home/feiner/datasets/BraTS/ssn/MICCAI_BraTS2020_TrainingData/BraTS20_Training_239/BraTS20_Training_239_seg.nii.gz,/home/feiner/datasets/BraTS/ssn/MICCAI_BraTS2020_TrainingData/BraTS20_Training_239/BraTS20_Training_239_brain_mask.nii.gz,/home/feiner/datasets/BraTS/ssn/MICCAI_BraTS2020_TrainingData/BraTS20_Training_239/BraTS20_Training_239_flair.nii.gz,/home/feiner/datasets/BraTS/ssn/MICCAI_BraTS2020_TrainingData/BraTS20_Training_239/BraTS20_Training_239_t1.nii.gz,/home/feiner/datasets/BraTS/ssn/MICCAI_BraTS2020_TrainingData/BraTS20_Training_239/BraTS20_Training_239_t1ce.nii.gz,/home/feiner/datasets/BraTS/ssn/MICCAI_BraTS2020_TrainingData/BraTS20_Training_239/BraTS20_Training_239_t2.nii.gz
HGG/Brats18_TCIA08_105_1/Brats18_TCIA08_105_1,/home/feiner/datasets/BraTS/ssn/MICCAI_BraTS2020_TrainingData/BraTS20_Training_247/BraTS20_Training_247_seg.nii.gz,/home/feiner/datasets/BraTS/ssn/MICCAI_BraTS2020_TrainingData/BraTS20_Training_247/BraTS20_Training_247_brain_mask.nii.gz,/home/feiner/datasets/BraTS/ssn/MICCAI_BraTS2020_TrainingData/BraTS20_Training_247/BraTS20_Training_247_flair.nii.gz,/home/feiner/datasets/BraTS/ssn/MICCAI_BraTS2020_TrainingData/BraTS20_Training_247/BraTS20_Training_247_t1.nii.gz,/home/feiner/datasets/BraTS/ssn/MICCAI_BraTS2020_TrainingData/BraTS20_Training_247/BraTS20_Training_247_t1ce.nii.gz,/home/feiner/datasets/BraTS/ssn/MICCAI_BraTS2020_TrainingData/BraTS20_Training_247/BraTS20_Training_247_t2.nii.gz
HGG/Brats18_TCIA08_113_1/Brats18_TCIA08_113_1,/home/feiner/datasets/BraTS/ssn/MICCAI_BraTS2020_TrainingData/BraTS20_Training_259/BraTS20_Training_259_seg.nii.gz,/home/feiner/datasets/BraTS/ssn/MICCAI_BraTS2020_TrainingData/BraTS20_Training_259/BraTS20_Training_259_brain_mask.nii.gz,/home/feiner/datasets/BraTS/ssn/MICCAI_BraTS2020_TrainingData/BraTS20_Training_259/BraTS20_Training_259_flair.nii.gz,/home/feiner/datasets/BraTS/ssn/MICCAI_BraTS2020_TrainingData/BraTS20_Training_259/BraTS20_Training_259_t1.nii.gz,/home/feiner/datasets/BraTS/ssn/MICCAI_BraTS2020_TrainingData/BraTS20_Training_259/BraTS20_Training_259_t1ce.nii.gz,/home/feiner/datasets/BraTS/ssn/MICCAI_BraTS2020_TrainingData/BraTS20_Training_259/BraTS20_Training_259_t2.nii.gz
HGG/Brats18_TCIA08_162_1/Brats18_TCIA08_162_1,/home/feiner/datasets/BraTS/ssn/MICCAI_BraTS2020_TrainingData/BraTS20_Training_248/BraTS20_Training_248_seg.nii.gz,/home/feiner/datasets/BraTS/ssn/MICCAI_BraTS2020_TrainingData/BraTS20_Training_248/BraTS20_Training_248_brain_mask.nii.gz,/home/feiner/datasets/BraTS/ssn/MICCAI_BraTS2020_TrainingData/BraTS20_Training_248/BraTS20_Training_248_flair.nii.gz,/home/feiner/datasets/BraTS/ssn/MICCAI_BraTS2020_TrainingData/BraTS20_Training_248/BraTS20_Training_248_t1.nii.gz,/home/feiner/datasets/BraTS/ssn/MICCAI_BraTS2020_TrainingData/BraTS20_Training_248/BraTS20_Training_248_t1ce.nii.gz,/home/feiner/datasets/BraTS/ssn/MICCAI_BraTS2020_TrainingData/BraTS20_Training_248/BraTS20_Training_248_t2.nii.gz
HGG/Brats18_TCIA08_167_1/Brats18_TCIA08_167_1,/home/feiner/datasets/BraTS/ssn/MICCAI_BraTS2020_TrainingData/BraTS20_Training_255/BraTS20_Training_255_seg.nii.gz,/home/feiner/datasets/BraTS/ssn/MICCAI_BraTS2020_TrainingData/BraTS20_Training_255/BraTS20_Training_255_brain_mask.nii.gz,/home/feiner/datasets/BraTS/ssn/MICCAI_BraTS2020_TrainingData/BraTS20_Training_255/BraTS20_Training_255_flair.nii.gz,/home/feiner/datasets/BraTS/ssn/MICCAI_BraTS2020_TrainingData/BraTS20_Training_255/BraTS20_Training_255_t1.nii.gz,/home/feiner/datasets/BraTS/ssn/MICCAI_BraTS2020_TrainingData/BraTS20_Training_255/BraTS20_Training_255_t1ce.nii.gz,/home/feiner/datasets/BraTS/ssn/MICCAI_BraTS2020_TrainingData/BraTS20_Training_255/BraTS20_Training_255_t2.nii.gz
HGG/Brats18_TCIA08_205_1/Brats18_TCIA08_205_1,/home/feiner/datasets/BraTS/ssn/MICCAI_BraTS2020_TrainingData/BraTS20_Training_256/BraTS20_Training_256_seg.nii.gz,/home/feiner/datasets/BraTS/ssn/MICCAI_BraTS2020_TrainingData/BraTS20_Training_256/BraTS20_Training_256_brain_mask.nii.gz,/home/feiner/datasets/BraTS/ssn/MICCAI_BraTS2020_TrainingData/BraTS20_Training_256/BraTS20_Training_256_flair.nii.gz,/home/feiner/datasets/BraTS/ssn/MICCAI_BraTS2020_TrainingData/BraTS20_Training_256/BraTS20_Training_256_t1.nii.gz,/home/feiner/datasets/BraTS/ssn/MICCAI_BraTS2020_TrainingData/BraTS20_Training_256/BraTS20_Training_256_t1ce.nii.gz,/home/feiner/datasets/BraTS/ssn/MICCAI_BraTS2020_TrainingData/BraTS20_Training_256/BraTS20_Training_256_t2.nii.gz
HGG/Brats18_TCIA08_218_1/Brats18_TCIA08_218_1,/home/feiner/datasets/BraTS/ssn/MICCAI_BraTS2020_TrainingData/BraTS20_Training_251/BraTS20_Training_251_seg.nii.gz,/home/feiner/datasets/BraTS/ssn/MICCAI_BraTS2020_TrainingData/BraTS20_Training_251/BraTS20_Training_251_brain_mask.nii.gz,/home/feiner/datasets/BraTS/ssn/MICCAI_BraTS2020_TrainingData/BraTS20_Training_251/BraTS20_Training_251_flair.nii.gz,/home/feiner/datasets/BraTS/ssn/MICCAI_BraTS2020_TrainingData/BraTS20_Training_251/BraTS20_Training_251_t1.nii.gz,/home/feiner/datasets/BraTS/ssn/MICCAI_BraTS2020_TrainingData/BraTS20_Training_251/BraTS20_Training_251_t1ce.nii.gz,/home/feiner/datasets/BraTS/ssn/MICCAI_BraTS2020_TrainingData/BraTS20_Training_251/BraTS20_Training_251_t2.nii.gz
HGG/Brats18_TCIA08_242_1/Brats18_TCIA08_242_1,/home/feiner/datasets/BraTS/ssn/MICCAI_BraTS2020_TrainingData/BraTS20_Training_254/BraTS20_Training_254_seg.nii.gz,/home/feiner/datasets/BraTS/ssn/MICCAI_BraTS2020_TrainingData/BraTS20_Training_254/BraTS20_Training_254_brain_mask.nii.gz,/home/feiner/datasets/BraTS/ssn/MICCAI_BraTS2020_TrainingData/BraTS20_Training_254/BraTS20_Training_254_flair.nii.gz,/home/feiner/datasets/BraTS/ssn/MICCAI_BraTS2020_TrainingData/BraTS20_Training_254/BraTS20_Training_254_t1.nii.gz,/home/feiner/datasets/BraTS/ssn/MICCAI_BraTS2020_TrainingData/BraTS20_Training_254/BraTS20_Training_254_t1ce.nii.gz,/home/feiner/datasets/BraTS/ssn/MICCAI_BraTS2020_TrainingData/BraTS20_Training_254/BraTS20_Training_254_t2.nii.gz
HGG/Brats18_TCIA08_280_1/Brats18_TCIA08_280_1,/home/feiner/datasets/BraTS/ssn/MICCAI_BraTS2020_TrainingData/BraTS20_Training_249/BraTS20_Training_249_seg.nii.gz,/home/feiner/datasets/BraTS/ssn/MICCAI_BraTS2020_TrainingData/BraTS20_Training_249/BraTS20_Training_249_brain_mask.nii.gz,/home/feiner/datasets/BraTS/ssn/MICCAI_BraTS2020_TrainingData/BraTS20_Training_249/BraTS20_Training_249_flair.nii.gz,/home/feiner/datasets/BraTS/ssn/MICCAI_BraTS2020_TrainingData/BraTS20_Training_249/BraTS20_Training_249_t1.nii.gz,/home/feiner/datasets/BraTS/ssn/MICCAI_BraTS2020_TrainingData/BraTS20_Training_249/BraTS20_Training_249_t1ce.nii.gz,/home/feiner/datasets/BraTS/ssn/MICCAI_BraTS2020_TrainingData/BraTS20_Training_249/BraTS20_Training_249_t2.nii.gz
HGG/Brats18_TCIA08_319_1/Brats18_TCIA08_319_1,/home/feiner/datasets/BraTS/ssn/MICCAI_BraTS2020_TrainingData/BraTS20_Training_253/BraTS20_Training_253_seg.nii.gz,/home/feiner/datasets/BraTS/ssn/MICCAI_BraTS2020_TrainingData/BraTS20_Training_253/BraTS20_Training_253_brain_mask.nii.gz,/home/feiner/datasets/BraTS/ssn/MICCAI_BraTS2020_TrainingData/BraTS20_Training_253/BraTS20_Training_253_flair.nii.gz,/home/feiner/datasets/BraTS/ssn/MICCAI_BraTS2020_TrainingData/BraTS20_Training_253/BraTS20_Training_253_t1.nii.gz,/home/feiner/datasets/BraTS/ssn/MICCAI_BraTS2020_TrainingData/BraTS20_Training_253/BraTS20_Training_253_t1ce.nii.gz,/home/feiner/datasets/BraTS/ssn/MICCAI_BraTS2020_TrainingData/BraTS20_Training_253/BraTS20_Training_253_t2.nii.gz
LGG/Brats18_2013_0_1/Brats18_2013_0_1,/home/feiner/datasets/BraTS/ssn/MICCAI_BraTS2020_TrainingData/BraTS20_Training_260/BraTS20_Training_260_seg.nii.gz,/home/feiner/datasets/BraTS/ssn/MICCAI_BraTS2020_TrainingData/BraTS20_Training_260/BraTS20_Training_260_brain_mask.nii.gz,/home/feiner/datasets/BraTS/ssn/MICCAI_BraTS2020_TrainingData/BraTS20_Training_260/BraTS20_Training_260_flair.nii.gz,/home/feiner/datasets/BraTS/ssn/MICCAI_BraTS2020_TrainingData/BraTS20_Training_260/BraTS20_Training_260_t1.nii.gz,/home/feiner/datasets/BraTS/ssn/MICCAI_BraTS2020_TrainingData/BraTS20_Training_260/BraTS20_Training_260_t1ce.nii.gz,/home/feiner/datasets/BraTS/ssn/MICCAI_BraTS2020_TrainingData/BraTS20_Training_260/BraTS20_Training_260_t2.nii.gz
LGG/Brats18_2013_15_1/Brats18_2013_15_1,/home/feiner/datasets/BraTS/ssn/MICCAI_BraTS2020_TrainingData/BraTS20_Training_263/BraTS20_Training_263_seg.nii.gz,/home/feiner/datasets/BraTS/ssn/MICCAI_BraTS2020_TrainingData/BraTS20_Training_263/BraTS20_Training_263_brain_mask.nii.gz,/home/feiner/datasets/BraTS/ssn/MICCAI_BraTS2020_TrainingData/BraTS20_Training_263/BraTS20_Training_263_flair.nii.gz,/home/feiner/datasets/BraTS/ssn/MICCAI_BraTS2020_TrainingData/BraTS20_Training_263/BraTS20_Training_263_t1.nii.gz,/home/feiner/datasets/BraTS/ssn/MICCAI_BraTS2020_TrainingData/BraTS20_Training_263/BraTS20_Training_263_t1ce.nii.gz,/home/feiner/datasets/BraTS/ssn/MICCAI_BraTS2020_TrainingData/BraTS20_Training_263/BraTS20_Training_263_t2.nii.gz
LGG/Brats18_2013_16_1/Brats18_2013_16_1,/home/feiner/datasets/BraTS/ssn/MICCAI_BraTS2020_TrainingData/BraTS20_Training_262/BraTS20_Training_262_seg.nii.gz,/home/feiner/datasets/BraTS/ssn/MICCAI_BraTS2020_TrainingData/BraTS20_Training_262/BraTS20_Training_262_brain_mask.nii.gz,/home/feiner/datasets/BraTS/ssn/MICCAI_BraTS2020_TrainingData/BraTS20_Training_262/BraTS20_Training_262_flair.nii.gz,/home/feiner/datasets/BraTS/ssn/MICCAI_BraTS2020_TrainingData/BraTS20_Training_262/BraTS20_Training_262_t1.nii.gz,/home/feiner/datasets/BraTS/ssn/MICCAI_BraTS2020_TrainingData/BraTS20_Training_262/BraTS20_Training_262_t1ce.nii.gz,/home/feiner/datasets/BraTS/ssn/MICCAI_BraTS2020_TrainingData/BraTS20_Training_262/BraTS20_Training_262_t2.nii.gz
LGG/Brats18_2013_28_1/Brats18_2013_28_1,/home/feiner/datasets/BraTS/ssn/MICCAI_BraTS2020_TrainingData/BraTS20_Training_267/BraTS20_Training_267_seg.nii.gz,/home/feiner/datasets/BraTS/ssn/MICCAI_BraTS2020_TrainingData/BraTS20_Training_267/BraTS20_Training_267_brain_mask.nii.gz,/home/feiner/datasets/BraTS/ssn/MICCAI_BraTS2020_TrainingData/BraTS20_Training_267/BraTS20_Training_267_flair.nii.gz,/home/feiner/datasets/BraTS/ssn/MICCAI_BraTS2020_TrainingData/BraTS20_Training_267/BraTS20_Training_267_t1.nii.gz,/home/feiner/datasets/BraTS/ssn/MICCAI_BraTS2020_TrainingData/BraTS20_Training_267/BraTS20_Training_267_t1ce.nii.gz,/home/feiner/datasets/BraTS/ssn/MICCAI_BraTS2020_TrainingData/BraTS20_Training_267/BraTS20_Training_267_t2.nii.gz
LGG/Brats18_2013_6_1/Brats18_2013_6_1,/home/feiner/datasets/BraTS/ssn/MICCAI_BraTS2020_TrainingData/BraTS20_Training_261/BraTS20_Training_261_seg.nii.gz,/home/feiner/datasets/BraTS/ssn/MICCAI_BraTS2020_TrainingData/BraTS20_Training_261/BraTS20_Training_261_brain_mask.nii.gz,/home/feiner/datasets/BraTS/ssn/MICCAI_BraTS2020_TrainingData/BraTS20_Training_261/BraTS20_Training_261_flair.nii.gz,/home/feiner/datasets/BraTS/ssn/MICCAI_BraTS2020_TrainingData/BraTS20_Training_261/BraTS20_Training_261_t1.nii.gz,/home/feiner/datasets/BraTS/ssn/MICCAI_BraTS2020_TrainingData/BraTS20_Training_261/BraTS20_Training_261_t1ce.nii.gz,/home/feiner/datasets/BraTS/ssn/MICCAI_BraTS2020_TrainingData/BraTS20_Training_261/BraTS20_Training_261_t2.nii.gz
LGG/Brats18_2013_9_1/Brats18_2013_9_1,/home/feiner/datasets/BraTS/ssn/MICCAI_BraTS2020_TrainingData/BraTS20_Training_269/BraTS20_Training_269_seg.nii.gz,/home/feiner/datasets/BraTS/ssn/MICCAI_BraTS2020_TrainingData/BraTS20_Training_269/BraTS20_Training_269_brain_mask.nii.gz,/home/feiner/datasets/BraTS/ssn/MICCAI_BraTS2020_TrainingData/BraTS20_Training_269/BraTS20_Training_269_flair.nii.gz,/home/feiner/datasets/BraTS/ssn/MICCAI_BraTS2020_TrainingData/BraTS20_Training_269/BraTS20_Training_269_t1.nii.gz,/home/feiner/datasets/BraTS/ssn/MICCAI_BraTS2020_TrainingData/BraTS20_Training_269/BraTS20_Training_269_t1ce.nii.gz,/home/feiner/datasets/BraTS/ssn/MICCAI_BraTS2020_TrainingData/BraTS20_Training_269/BraTS20_Training_269_t2.nii.gz
LGG/Brats18_TCIA09_254_1/Brats18_TCIA09_254_1,/home/feiner/datasets/BraTS/ssn/MICCAI_BraTS2020_TrainingData/BraTS20_Training_272/BraTS20_Training_272_seg.nii.gz,/home/feiner/datasets/BraTS/ssn/MICCAI_BraTS2020_TrainingData/BraTS20_Training_272/BraTS20_Training_272_brain_mask.nii.gz,/home/feiner/datasets/BraTS/ssn/MICCAI_BraTS2020_TrainingData/BraTS20_Training_272/BraTS20_Training_272_flair.nii.gz,/home/feiner/datasets/BraTS/ssn/MICCAI_BraTS2020_TrainingData/BraTS20_Training_272/BraTS20_Training_272_t1.nii.gz,/home/feiner/datasets/BraTS/ssn/MICCAI_BraTS2020_TrainingData/BraTS20_Training_272/BraTS20_Training_272_t1ce.nii.gz,/home/feiner/datasets/BraTS/ssn/MICCAI_BraTS2020_TrainingData/BraTS20_Training_272/BraTS20_Training_272_t2.nii.gz
LGG/Brats18_TCIA09_255_1/Brats18_TCIA09_255_1,/home/feiner/datasets/BraTS/ssn/MICCAI_BraTS2020_TrainingData/BraTS20_Training_273/BraTS20_Training_273_seg.nii.gz,/home/feiner/datasets/BraTS/ssn/MICCAI_BraTS2020_TrainingData/BraTS20_Training_273/BraTS20_Training_273_brain_mask.nii.gz,/home/feiner/datasets/BraTS/ssn/MICCAI_BraTS2020_TrainingData/BraTS20_Training_273/BraTS20_Training_273_flair.nii.gz,/home/feiner/datasets/BraTS/ssn/MICCAI_BraTS2020_TrainingData/BraTS20_Training_273/BraTS20_Training_273_t1.nii.gz,/home/feiner/datasets/BraTS/ssn/MICCAI_BraTS2020_TrainingData/BraTS20_Training_273/BraTS20_Training_273_t1ce.nii.gz,/home/feiner/datasets/BraTS/ssn/MICCAI_BraTS2020_TrainingData/BraTS20_Training_273/BraTS20_Training_273_t2.nii.gz
LGG/Brats18_TCIA09_312_1/Brats18_TCIA09_312_1,/home/feiner/datasets/BraTS/ssn/MICCAI_BraTS2020_TrainingData/BraTS20_Training_276/BraTS20_Training_276_seg.nii.gz,/home/feiner/datasets/BraTS/ssn/MICCAI_BraTS2020_TrainingData/BraTS20_Training_276/BraTS20_Training_276_brain_mask.nii.gz,/home/feiner/datasets/BraTS/ssn/MICCAI_BraTS2020_TrainingData/BraTS20_Training_276/BraTS20_Training_276_flair.nii.gz,/home/feiner/datasets/BraTS/ssn/MICCAI_BraTS2020_TrainingData/BraTS20_Training_276/BraTS20_Training_276_t1.nii.gz,/home/feiner/datasets/BraTS/ssn/MICCAI_BraTS2020_TrainingData/BraTS20_Training_276/BraTS20_Training_276_t1ce.nii.gz,/home/feiner/datasets/BraTS/ssn/MICCAI_BraTS2020_TrainingData/BraTS20_Training_276/BraTS20_Training_276_t2.nii.gz
LGG/Brats18_TCIA09_402_1/Brats18_TCIA09_402_1,/home/feiner/datasets/BraTS/ssn/MICCAI_BraTS2020_TrainingData/BraTS20_Training_279/BraTS20_Training_279_seg.nii.gz,/home/feiner/datasets/BraTS/ssn/MICCAI_BraTS2020_TrainingData/BraTS20_Training_279/BraTS20_Training_279_brain_mask.nii.gz,/home/feiner/datasets/BraTS/ssn/MICCAI_BraTS2020_TrainingData/BraTS20_Training_279/BraTS20_Training_279_flair.nii.gz,/home/feiner/datasets/BraTS/ssn/MICCAI_BraTS2020_TrainingData/BraTS20_Training_279/BraTS20_Training_279_t1.nii.gz,/home/feiner/datasets/BraTS/ssn/MICCAI_BraTS2020_TrainingData/BraTS20_Training_279/BraTS20_Training_279_t1ce.nii.gz,/home/feiner/datasets/BraTS/ssn/MICCAI_BraTS2020_TrainingData/BraTS20_Training_279/BraTS20_Training_279_t2.nii.gz
LGG/Brats18_TCIA09_428_1/Brats18_TCIA09_428_1,/home/feiner/datasets/BraTS/ssn/MICCAI_BraTS2020_TrainingData/BraTS20_Training_280/BraTS20_Training_280_seg.nii.gz,/home/feiner/datasets/BraTS/ssn/MICCAI_BraTS2020_TrainingData/BraTS20_Training_280/BraTS20_Training_280_brain_mask.nii.gz,/home/feiner/datasets/BraTS/ssn/MICCAI_BraTS2020_TrainingData/BraTS20_Training_280/BraTS20_Training_280_flair.nii.gz,/home/feiner/datasets/BraTS/ssn/MICCAI_BraTS2020_TrainingData/BraTS20_Training_280/BraTS20_Training_280_t1.nii.gz,/home/feiner/datasets/BraTS/ssn/MICCAI_BraTS2020_TrainingData/BraTS20_Training_280/BraTS20_Training_280_t1ce.nii.gz,/home/feiner/datasets/BraTS/ssn/MICCAI_BraTS2020_TrainingData/BraTS20_Training_280/BraTS20_Training_280_t2.nii.gz
LGG/Brats18_TCIA09_451_1/Brats18_TCIA09_451_1,/home/feiner/datasets/BraTS/ssn/MICCAI_BraTS2020_TrainingData/BraTS20_Training_271/BraTS20_Training_271_seg.nii.gz,/home/feiner/datasets/BraTS/ssn/MICCAI_BraTS2020_TrainingData/BraTS20_Training_271/BraTS20_Training_271_brain_mask.nii.gz,/home/feiner/datasets/BraTS/ssn/MICCAI_BraTS2020_TrainingData/BraTS20_Training_271/BraTS20_Training_271_flair.nii.gz,/home/feiner/datasets/BraTS/ssn/MICCAI_BraTS2020_TrainingData/BraTS20_Training_271/BraTS20_Training_271_t1.nii.gz,/home/feiner/datasets/BraTS/ssn/MICCAI_BraTS2020_TrainingData/BraTS20_Training_271/BraTS20_Training_271_t1ce.nii.gz,/home/feiner/datasets/BraTS/ssn/MICCAI_BraTS2020_TrainingData/BraTS20_Training_271/BraTS20_Training_271_t2.nii.gz
LGG/Brats18_TCIA09_462_1/Brats18_TCIA09_462_1,/home/feiner/datasets/BraTS/ssn/MICCAI_BraTS2020_TrainingData/BraTS20_Training_281/BraTS20_Training_281_seg.nii.gz,/home/feiner/datasets/BraTS/ssn/MICCAI_BraTS2020_TrainingData/BraTS20_Training_281/BraTS20_Training_281_brain_mask.nii.gz,/home/feiner/datasets/BraTS/ssn/MICCAI_BraTS2020_TrainingData/BraTS20_Training_281/BraTS20_Training_281_flair.nii.gz,/home/feiner/datasets/BraTS/ssn/MICCAI_BraTS2020_TrainingData/BraTS20_Training_281/BraTS20_Training_281_t1.nii.gz,/home/feiner/datasets/BraTS/ssn/MICCAI_BraTS2020_TrainingData/BraTS20_Training_281/BraTS20_Training_281_t1ce.nii.gz,/home/feiner/datasets/BraTS/ssn/MICCAI_BraTS2020_TrainingData/BraTS20_Training_281/BraTS20_Training_281_t2.nii.gz
LGG/Brats18_TCIA09_620_1/Brats18_TCIA09_620_1,/home/feiner/datasets/BraTS/ssn/MICCAI_BraTS2020_TrainingData/BraTS20_Training_277/BraTS20_Training_277_seg.nii.gz,/home/feiner/datasets/BraTS/ssn/MICCAI_BraTS2020_TrainingData/BraTS20_Training_277/BraTS20_Training_277_brain_mask.nii.gz,/home/feiner/datasets/BraTS/ssn/MICCAI_BraTS2020_TrainingData/BraTS20_Training_277/BraTS20_Training_277_flair.nii.gz,/home/feiner/datasets/BraTS/ssn/MICCAI_BraTS2020_TrainingData/BraTS20_Training_277/BraTS20_Training_277_t1.nii.gz,/home/feiner/datasets/BraTS/ssn/MICCAI_BraTS2020_TrainingData/BraTS20_Training_277/BraTS20_Training_277_t1ce.nii.gz,/home/feiner/datasets/BraTS/ssn/MICCAI_BraTS2020_TrainingData/BraTS20_Training_277/BraTS20_Training_277_t2.nii.gz
LGG/Brats18_TCIA10_109_1/Brats18_TCIA10_109_1,/home/feiner/datasets/BraTS/ssn/MICCAI_BraTS2020_TrainingData/BraTS20_Training_291/BraTS20_Training_291_seg.nii.gz,/home/feiner/datasets/BraTS/ssn/MICCAI_BraTS2020_TrainingData/BraTS20_Training_291/BraTS20_Training_291_brain_mask.nii.gz,/home/feiner/datasets/BraTS/ssn/MICCAI_BraTS2020_TrainingData/BraTS20_Training_291/BraTS20_Training_291_flair.nii.gz,/home/feiner/datasets/BraTS/ssn/MICCAI_BraTS2020_TrainingData/BraTS20_Training_291/BraTS20_Training_291_t1.nii.gz,/home/feiner/datasets/BraTS/ssn/MICCAI_BraTS2020_TrainingData/BraTS20_Training_291/BraTS20_Training_291_t1ce.nii.gz,/home/feiner/datasets/BraTS/ssn/MICCAI_BraTS2020_TrainingData/BraTS20_Training_291/BraTS20_Training_291_t2.nii.gz
LGG/Brats18_TCIA10_266_1/Brats18_TCIA10_266_1,/home/feiner/datasets/BraTS/ssn/MICCAI_BraTS2020_TrainingData/BraTS20_Training_286/BraTS20_Training_286_seg.nii.gz,/home/feiner/datasets/BraTS/ssn/MICCAI_BraTS2020_TrainingData/BraTS20_Training_286/BraTS20_Training_286_brain_mask.nii.gz,/home/feiner/datasets/BraTS/ssn/MICCAI_BraTS2020_TrainingData/BraTS20_Training_286/BraTS20_Training_286_flair.nii.gz,/home/feiner/datasets/BraTS/ssn/MICCAI_BraTS2020_TrainingData/BraTS20_Training_286/BraTS20_Training_286_t1.nii.gz,/home/feiner/datasets/BraTS/ssn/MICCAI_BraTS2020_TrainingData/BraTS20_Training_286/BraTS20_Training_286_t1ce.nii.gz,/home/feiner/datasets/BraTS/ssn/MICCAI_BraTS2020_TrainingData/BraTS20_Training_286/BraTS20_Training_286_t2.nii.gz
LGG/Brats18_TCIA10_282_1/Brats18_TCIA10_282_1,/home/feiner/datasets/BraTS/ssn/MICCAI_BraTS2020_TrainingData/BraTS20_Training_301/BraTS20_Training_301_seg.nii.gz,/home/feiner/datasets/BraTS/ssn/MICCAI_BraTS2020_TrainingData/BraTS20_Training_301/BraTS20_Training_301_brain_mask.nii.gz,/home/feiner/datasets/BraTS/ssn/MICCAI_BraTS2020_TrainingData/BraTS20_Training_301/BraTS20_Training_301_flair.nii.gz,/home/feiner/datasets/BraTS/ssn/MICCAI_BraTS2020_TrainingData/BraTS20_Training_301/BraTS20_Training_301_t1.nii.gz,/home/feiner/datasets/BraTS/ssn/MICCAI_BraTS2020_TrainingData/BraTS20_Training_301/BraTS20_Training_301_t1ce.nii.gz,/home/feiner/datasets/BraTS/ssn/MICCAI_BraTS2020_TrainingData/BraTS20_Training_301/BraTS20_Training_301_t2.nii.gz
LGG/Brats18_TCIA10_307_1/Brats18_TCIA10_307_1,/home/feiner/datasets/BraTS/ssn/MICCAI_BraTS2020_TrainingData/BraTS20_Training_294/BraTS20_Training_294_seg.nii.gz,/home/feiner/datasets/BraTS/ssn/MICCAI_BraTS2020_TrainingData/BraTS20_Training_294/BraTS20_Training_294_brain_mask.nii.gz,/home/feiner/datasets/BraTS/ssn/MICCAI_BraTS2020_TrainingData/BraTS20_Training_294/BraTS20_Training_294_flair.nii.gz,/home/feiner/datasets/BraTS/ssn/MICCAI_BraTS2020_TrainingData/BraTS20_Training_294/BraTS20_Training_294_t1.nii.gz,/home/feiner/datasets/BraTS/ssn/MICCAI_BraTS2020_TrainingData/BraTS20_Training_294/BraTS20_Training_294_t1ce.nii.gz,/home/feiner/datasets/BraTS/ssn/MICCAI_BraTS2020_TrainingData/BraTS20_Training_294/BraTS20_Training_294_t2.nii.gz
LGG/Brats18_TCIA10_310_1/Brats18_TCIA10_310_1,/home/feiner/datasets/BraTS/ssn/MICCAI_BraTS2020_TrainingData/BraTS20_Training_304/BraTS20_Training_304_seg.nii.gz,/home/feiner/datasets/BraTS/ssn/MICCAI_BraTS2020_TrainingData/BraTS20_Training_304/BraTS20_Training_304_brain_mask.nii.gz,/home/feiner/datasets/BraTS/ssn/MICCAI_BraTS2020_TrainingData/BraTS20_Training_304/BraTS20_Training_304_flair.nii.gz,/home/feiner/datasets/BraTS/ssn/MICCAI_BraTS2020_TrainingData/BraTS20_Training_304/BraTS20_Training_304_t1.nii.gz,/home/feiner/datasets/BraTS/ssn/MICCAI_BraTS2020_TrainingData/BraTS20_Training_304/BraTS20_Training_304_t1ce.nii.gz,/home/feiner/datasets/BraTS/ssn/MICCAI_BraTS2020_TrainingData/BraTS20_Training_304/BraTS20_Training_304_t2.nii.gz
LGG/Brats18_TCIA10_330_1/Brats18_TCIA10_330_1,/home/feiner/datasets/BraTS/ssn/MICCAI_BraTS2020_TrainingData/BraTS20_Training_292/BraTS20_Training_292_seg.nii.gz,/home/feiner/datasets/BraTS/ssn/MICCAI_BraTS2020_TrainingData/BraTS20_Training_292/BraTS20_Training_292_brain_mask.nii.gz,/home/feiner/datasets/BraTS/ssn/MICCAI_BraTS2020_TrainingData/BraTS20_Training_292/BraTS20_Training_292_flair.nii.gz,/home/feiner/datasets/BraTS/ssn/MICCAI_BraTS2020_TrainingData/BraTS20_Training_292/BraTS20_Training_292_t1.nii.gz,/home/feiner/datasets/BraTS/ssn/MICCAI_BraTS2020_TrainingData/BraTS20_Training_292/BraTS20_Training_292_t1ce.nii.gz,/home/feiner/datasets/BraTS/ssn/MICCAI_BraTS2020_TrainingData/BraTS20_Training_292/BraTS20_Training_292_t2.nii.gz
LGG/Brats18_TCIA10_351_1/Brats18_TCIA10_351_1,/home/feiner/datasets/BraTS/ssn/MICCAI_BraTS2020_TrainingData/BraTS20_Training_306/BraTS20_Training_306_seg.nii.gz,/home/feiner/datasets/BraTS/ssn/MICCAI_BraTS2020_TrainingData/BraTS20_Training_306/BraTS20_Training_306_brain_mask.nii.gz,/home/feiner/datasets/BraTS/ssn/MICCAI_BraTS2020_TrainingData/BraTS20_Training_306/BraTS20_Training_306_flair.nii.gz,/home/feiner/datasets/BraTS/ssn/MICCAI_BraTS2020_TrainingData/BraTS20_Training_306/BraTS20_Training_306_t1.nii.gz,/home/feiner/datasets/BraTS/ssn/MICCAI_BraTS2020_TrainingData/BraTS20_Training_306/BraTS20_Training_306_t1ce.nii.gz,/home/feiner/datasets/BraTS/ssn/MICCAI_BraTS2020_TrainingData/BraTS20_Training_306/BraTS20_Training_306_t2.nii.gz
LGG/Brats18_TCIA10_393_1/Brats18_TCIA10_393_1,/home/feiner/datasets/BraTS/ssn/MICCAI_BraTS2020_TrainingData/BraTS20_Training_284/BraTS20_Training_284_seg.nii.gz,/home/feiner/datasets/BraTS/ssn/MICCAI_BraTS2020_TrainingData/BraTS20_Training_284/BraTS20_Training_284_brain_mask.nii.gz,/home/feiner/datasets/BraTS/ssn/MICCAI_BraTS2020_TrainingData/BraTS20_Training_284/BraTS20_Training_284_flair.nii.gz,/home/feiner/datasets/BraTS/ssn/MICCAI_BraTS2020_TrainingData/BraTS20_Training_284/BraTS20_Training_284_t1.nii.gz,/home/feiner/datasets/BraTS/ssn/MICCAI_BraTS2020_TrainingData/BraTS20_Training_284/BraTS20_Training_284_t1ce.nii.gz,/home/feiner/datasets/BraTS/ssn/MICCAI_BraTS2020_TrainingData/BraTS20_Training_284/BraTS20_Training_284_t2.nii.gz
LGG/Brats18_TCIA10_410_1/Brats18_TCIA10_410_1,/home/feiner/datasets/BraTS/ssn/MICCAI_BraTS2020_TrainingData/BraTS20_Training_293/BraTS20_Training_293_seg.nii.gz,/home/feiner/datasets/BraTS/ssn/MICCAI_BraTS2020_TrainingData/BraTS20_Training_293/BraTS20_Training_293_brain_mask.nii.gz,/home/feiner/datasets/BraTS/ssn/MICCAI_BraTS2020_TrainingData/BraTS20_Training_293/BraTS20_Training_293_flair.nii.gz,/home/feiner/datasets/BraTS/ssn/MICCAI_BraTS2020_TrainingData/BraTS20_Training_293/BraTS20_Training_293_t1.nii.gz,/home/feiner/datasets/BraTS/ssn/MICCAI_BraTS2020_TrainingData/BraTS20_Training_293/BraTS20_Training_293_t1ce.nii.gz,/home/feiner/datasets/BraTS/ssn/MICCAI_BraTS2020_TrainingData/BraTS20_Training_293/BraTS20_Training_293_t2.nii.gz
LGG/Brats18_TCIA10_413_1/Brats18_TCIA10_413_1,/home/feiner/datasets/BraTS/ssn/MICCAI_BraTS2020_TrainingData/BraTS20_Training_297/BraTS20_Training_297_seg.nii.gz,/home/feiner/datasets/BraTS/ssn/MICCAI_BraTS2020_TrainingData/BraTS20_Training_297/BraTS20_Training_297_brain_mask.nii.gz,/home/feiner/datasets/BraTS/ssn/MICCAI_BraTS2020_TrainingData/BraTS20_Training_297/BraTS20_Training_297_flair.nii.gz,/home/feiner/datasets/BraTS/ssn/MICCAI_BraTS2020_TrainingData/BraTS20_Training_297/BraTS20_Training_297_t1.nii.gz,/home/feiner/datasets/BraTS/ssn/MICCAI_BraTS2020_TrainingData/BraTS20_Training_297/BraTS20_Training_297_t1ce.nii.gz,/home/feiner/datasets/BraTS/ssn/MICCAI_BraTS2020_TrainingData/BraTS20_Training_297/BraTS20_Training_297_t2.nii.gz
LGG/Brats18_TCIA10_442_1/Brats18_TCIA10_442_1,/home/feiner/datasets/BraTS/ssn/MICCAI_BraTS2020_TrainingData/BraTS20_Training_302/BraTS20_Training_302_seg.nii.gz,/home/feiner/datasets/BraTS/ssn/MICCAI_BraTS2020_TrainingData/BraTS20_Training_302/BraTS20_Training_302_brain_mask.nii.gz,/home/feiner/datasets/BraTS/ssn/MICCAI_BraTS2020_TrainingData/BraTS20_Training_302/BraTS20_Training_302_flair.nii.gz,/home/feiner/datasets/BraTS/ssn/MICCAI_BraTS2020_TrainingData/BraTS20_Training_302/BraTS20_Training_302_t1.nii.gz,/home/feiner/datasets/BraTS/ssn/MICCAI_BraTS2020_TrainingData/BraTS20_Training_302/BraTS20_Training_302_t1ce.nii.gz,/home/feiner/datasets/BraTS/ssn/MICCAI_BraTS2020_TrainingData/BraTS20_Training_302/BraTS20_Training_302_t2.nii.gz
LGG/Brats18_TCIA10_449_1/Brats18_TCIA10_449_1,/home/feiner/datasets/BraTS/ssn/MICCAI_BraTS2020_TrainingData/BraTS20_Training_287/BraTS20_Training_287_seg.nii.gz,/home/feiner/datasets/BraTS/ssn/MICCAI_BraTS2020_TrainingData/BraTS20_Training_287/BraTS20_Training_287_brain_mask.nii.gz,/home/feiner/datasets/BraTS/ssn/MICCAI_BraTS2020_TrainingData/BraTS20_Training_287/BraTS20_Training_287_flair.nii.gz,/home/feiner/datasets/BraTS/ssn/MICCAI_BraTS2020_TrainingData/BraTS20_Training_287/BraTS20_Training_287_t1.nii.gz,/home/feiner/datasets/BraTS/ssn/MICCAI_BraTS2020_TrainingData/BraTS20_Training_287/BraTS20_Training_287_t1ce.nii.gz,/home/feiner/datasets/BraTS/ssn/MICCAI_BraTS2020_TrainingData/BraTS20_Training_287/BraTS20_Training_287_t2.nii.gz
LGG/Brats18_TCIA10_490_1/Brats18_TCIA10_490_1,/home/feiner/datasets/BraTS/ssn/MICCAI_BraTS2020_TrainingData/BraTS20_Training_285/BraTS20_Training_285_seg.nii.gz,/home/feiner/datasets/BraTS/ssn/MICCAI_BraTS2020_TrainingData/BraTS20_Training_285/BraTS20_Training_285_brain_mask.nii.gz,/home/feiner/datasets/BraTS/ssn/MICCAI_BraTS2020_TrainingData/BraTS20_Training_285/BraTS20_Training_285_flair.nii.gz,/home/feiner/datasets/BraTS/ssn/MICCAI_BraTS2020_TrainingData/BraTS20_Training_285/BraTS20_Training_285_t1.nii.gz,/home/feiner/datasets/BraTS/ssn/MICCAI_BraTS2020_TrainingData/BraTS20_Training_285/BraTS20_Training_285_t1ce.nii.gz,/home/feiner/datasets/BraTS/ssn/MICCAI_BraTS2020_TrainingData/BraTS20_Training_285/BraTS20_Training_285_t2.nii.gz
LGG/Brats18_TCIA10_625_1/Brats18_TCIA10_625_1,/home/feiner/datasets/BraTS/ssn/MICCAI_BraTS2020_TrainingData/BraTS20_Training_310/BraTS20_Training_310_seg.nii.gz,/home/feiner/datasets/BraTS/ssn/MICCAI_BraTS2020_TrainingData/BraTS20_Training_310/BraTS20_Training_310_brain_mask.nii.gz,/home/feiner/datasets/BraTS/ssn/MICCAI_BraTS2020_TrainingData/BraTS20_Training_310/BraTS20_Training_310_flair.nii.gz,/home/feiner/datasets/BraTS/ssn/MICCAI_BraTS2020_TrainingData/BraTS20_Training_310/BraTS20_Training_310_t1.nii.gz,/home/feiner/datasets/BraTS/ssn/MICCAI_BraTS2020_TrainingData/BraTS20_Training_310/BraTS20_Training_310_t1ce.nii.gz,/home/feiner/datasets/BraTS/ssn/MICCAI_BraTS2020_TrainingData/BraTS20_Training_310/BraTS20_Training_310_t2.nii.gz
LGG/Brats18_TCIA10_628_1/Brats18_TCIA10_628_1,/home/feiner/datasets/BraTS/ssn/MICCAI_BraTS2020_TrainingData/BraTS20_Training_309/BraTS20_Training_309_seg.nii.gz,/home/feiner/datasets/BraTS/ssn/MICCAI_BraTS2020_TrainingData/BraTS20_Training_309/BraTS20_Training_309_brain_mask.nii.gz,/home/feiner/datasets/BraTS/ssn/MICCAI_BraTS2020_TrainingData/BraTS20_Training_309/BraTS20_Training_309_flair.nii.gz,/home/feiner/datasets/BraTS/ssn/MICCAI_BraTS2020_TrainingData/BraTS20_Training_309/BraTS20_Training_309_t1.nii.gz,/home/feiner/datasets/BraTS/ssn/MICCAI_BraTS2020_TrainingData/BraTS20_Training_309/BraTS20_Training_309_t1ce.nii.gz,/home/feiner/datasets/BraTS/ssn/MICCAI_BraTS2020_TrainingData/BraTS20_Training_309/BraTS20_Training_309_t2.nii.gz
LGG/Brats18_TCIA10_632_1/Brats18_TCIA10_632_1,/home/feiner/datasets/BraTS/ssn/MICCAI_BraTS2020_TrainingData/BraTS20_Training_315/BraTS20_Training_315_seg.nii.gz,/home/feiner/datasets/BraTS/ssn/MICCAI_BraTS2020_TrainingData/BraTS20_Training_315/BraTS20_Training_315_brain_mask.nii.gz,/home/feiner/datasets/BraTS/ssn/MICCAI_BraTS2020_TrainingData/BraTS20_Training_315/BraTS20_Training_315_flair.nii.gz,/home/feiner/datasets/BraTS/ssn/MICCAI_BraTS2020_TrainingData/BraTS20_Training_315/BraTS20_Training_315_t1.nii.gz,/home/feiner/datasets/BraTS/ssn/MICCAI_BraTS2020_TrainingData/BraTS20_Training_315/BraTS20_Training_315_t1ce.nii.gz,/home/feiner/datasets/BraTS/ssn/MICCAI_BraTS2020_TrainingData/BraTS20_Training_315/BraTS20_Training_315_t2.nii.gz
LGG/Brats18_TCIA10_637_1/Brats18_TCIA10_637_1,/home/feiner/datasets/BraTS/ssn/MICCAI_BraTS2020_TrainingData/BraTS20_Training_316/BraTS20_Training_316_seg.nii.gz,/home/feiner/datasets/BraTS/ssn/MICCAI_BraTS2020_TrainingData/BraTS20_Training_316/BraTS20_Training_316_brain_mask.nii.gz,/home/feiner/datasets/BraTS/ssn/MICCAI_BraTS2020_TrainingData/BraTS20_Training_316/BraTS20_Training_316_flair.nii.gz,/home/feiner/datasets/BraTS/ssn/MICCAI_BraTS2020_TrainingData/BraTS20_Training_316/BraTS20_Training_316_t1.nii.gz,/home/feiner/datasets/BraTS/ssn/MICCAI_BraTS2020_TrainingData/BraTS20_Training_316/BraTS20_Training_316_t1ce.nii.gz,/home/feiner/datasets/BraTS/ssn/MICCAI_BraTS2020_TrainingData/BraTS20_Training_316/BraTS20_Training_316_t2.nii.gz
LGG/Brats18_TCIA10_639_1/Brats18_TCIA10_639_1,/home/feiner/datasets/BraTS/ssn/MICCAI_BraTS2020_TrainingData/BraTS20_Training_313/BraTS20_Training_313_seg.nii.gz,/home/feiner/datasets/BraTS/ssn/MICCAI_BraTS2020_TrainingData/BraTS20_Training_313/BraTS20_Training_313_brain_mask.nii.gz,/home/feiner/datasets/BraTS/ssn/MICCAI_BraTS2020_TrainingData/BraTS20_Training_313/BraTS20_Training_313_flair.nii.gz,/home/feiner/datasets/BraTS/ssn/MICCAI_BraTS2020_TrainingData/BraTS20_Training_313/BraTS20_Training_313_t1.nii.gz,/home/feiner/datasets/BraTS/ssn/MICCAI_BraTS2020_TrainingData/BraTS20_Training_313/BraTS20_Training_313_t1ce.nii.gz,/home/feiner/datasets/BraTS/ssn/MICCAI_BraTS2020_TrainingData/BraTS20_Training_313/BraTS20_Training_313_t2.nii.gz
LGG/Brats18_TCIA10_640_1/Brats18_TCIA10_640_1,/home/feiner/datasets/BraTS/ssn/MICCAI_BraTS2020_TrainingData/BraTS20_Training_311/BraTS20_Training_311_seg.nii.gz,/home/feiner/datasets/BraTS/ssn/MICCAI_BraTS2020_TrainingData/BraTS20_Training_311/BraTS20_Training_311_brain_mask.nii.gz,/home/feiner/datasets/BraTS/ssn/MICCAI_BraTS2020_TrainingData/BraTS20_Training_311/BraTS20_Training_311_flair.nii.gz,/home/feiner/datasets/BraTS/ssn/MICCAI_BraTS2020_TrainingData/BraTS20_Training_311/BraTS20_Training_311_t1.nii.gz,/home/feiner/datasets/BraTS/ssn/MICCAI_BraTS2020_TrainingData/BraTS20_Training_311/BraTS20_Training_311_t1ce.nii.gz,/home/feiner/datasets/BraTS/ssn/MICCAI_BraTS2020_TrainingData/BraTS20_Training_311/BraTS20_Training_311_t2.nii.gz
LGG/Brats18_TCIA10_644_1/Brats18_TCIA10_644_1,/home/feiner/datasets/BraTS/ssn/MICCAI_BraTS2020_TrainingData/BraTS20_Training_312/BraTS20_Training_312_seg.nii.gz,/home/feiner/datasets/BraTS/ssn/MICCAI_BraTS2020_TrainingData/BraTS20_Training_312/BraTS20_Training_312_brain_mask.nii.gz,/home/feiner/datasets/BraTS/ssn/MICCAI_BraTS2020_TrainingData/BraTS20_Training_312/BraTS20_Training_312_flair.nii.gz,/home/feiner/datasets/BraTS/ssn/MICCAI_BraTS2020_TrainingData/BraTS20_Training_312/BraTS20_Training_312_t1.nii.gz,/home/feiner/datasets/BraTS/ssn/MICCAI_BraTS2020_TrainingData/BraTS20_Training_312/BraTS20_Training_312_t1ce.nii.gz,/home/feiner/datasets/BraTS/ssn/MICCAI_BraTS2020_TrainingData/BraTS20_Training_312/BraTS20_Training_312_t2.nii.gz
LGG/Brats18_TCIA12_298_1/Brats18_TCIA12_298_1,/home/feiner/datasets/BraTS/ssn/MICCAI_BraTS2020_TrainingData/BraTS20_Training_319/BraTS20_Training_319_seg.nii.gz,/home/feiner/datasets/BraTS/ssn/MICCAI_BraTS2020_TrainingData/BraTS20_Training_319/BraTS20_Training_319_brain_mask.nii.gz,/home/feiner/datasets/BraTS/ssn/MICCAI_BraTS2020_TrainingData/BraTS20_Training_319/BraTS20_Training_319_flair.nii.gz,/home/feiner/datasets/BraTS/ssn/MICCAI_BraTS2020_TrainingData/BraTS20_Training_319/BraTS20_Training_319_t1.nii.gz,/home/feiner/datasets/BraTS/ssn/MICCAI_BraTS2020_TrainingData/BraTS20_Training_319/BraTS20_Training_319_t1ce.nii.gz,/home/feiner/datasets/BraTS/ssn/MICCAI_BraTS2020_TrainingData/BraTS20_Training_319/BraTS20_Training_319_t2.nii.gz
LGG/Brats18_TCIA12_466_1/Brats18_TCIA12_466_1,/home/feiner/datasets/BraTS/ssn/MICCAI_BraTS2020_TrainingData/BraTS20_Training_321/BraTS20_Training_321_seg.nii.gz,/home/feiner/datasets/BraTS/ssn/MICCAI_BraTS2020_TrainingData/BraTS20_Training_321/BraTS20_Training_321_brain_mask.nii.gz,/home/feiner/datasets/BraTS/ssn/MICCAI_BraTS2020_TrainingData/BraTS20_Training_321/BraTS20_Training_321_flair.nii.gz,/home/feiner/datasets/BraTS/ssn/MICCAI_BraTS2020_TrainingData/BraTS20_Training_321/BraTS20_Training_321_t1.nii.gz,/home/feiner/datasets/BraTS/ssn/MICCAI_BraTS2020_TrainingData/BraTS20_Training_321/BraTS20_Training_321_t1ce.nii.gz,/home/feiner/datasets/BraTS/ssn/MICCAI_BraTS2020_TrainingData/BraTS20_Training_321/BraTS20_Training_321_t2.nii.gz
LGG/Brats18_TCIA12_470_1/Brats18_TCIA12_470_1,/home/feiner/datasets/BraTS/ssn/MICCAI_BraTS2020_TrainingData/BraTS20_Training_317/BraTS20_Training_317_seg.nii.gz,/home/feiner/datasets/BraTS/ssn/MICCAI_BraTS2020_TrainingData/BraTS20_Training_317/BraTS20_Training_317_brain_mask.nii.gz,/home/feiner/datasets/BraTS/ssn/MICCAI_BraTS2020_TrainingData/BraTS20_Training_317/BraTS20_Training_317_flair.nii.gz,/home/feiner/datasets/BraTS/ssn/MICCAI_BraTS2020_TrainingData/BraTS20_Training_317/BraTS20_Training_317_t1.nii.gz,/home/feiner/datasets/BraTS/ssn/MICCAI_BraTS2020_TrainingData/BraTS20_Training_317/BraTS20_Training_317_t1ce.nii.gz,/home/feiner/datasets/BraTS/ssn/MICCAI_BraTS2020_TrainingData/BraTS20_Training_317/BraTS20_Training_317_t2.nii.gz
LGG/Brats18_TCIA12_480_1/Brats18_TCIA12_480_1,/home/feiner/datasets/BraTS/ssn/MICCAI_BraTS2020_TrainingData/BraTS20_Training_318/BraTS20_Training_318_seg.nii.gz,/home/feiner/datasets/BraTS/ssn/MICCAI_BraTS2020_TrainingData/BraTS20_Training_318/BraTS20_Training_318_brain_mask.nii.gz,/home/feiner/datasets/BraTS/ssn/MICCAI_BraTS2020_TrainingData/BraTS20_Training_318/BraTS20_Training_318_flair.nii.gz,/home/feiner/datasets/BraTS/ssn/MICCAI_BraTS2020_TrainingData/BraTS20_Training_318/BraTS20_Training_318_t1.nii.gz,/home/feiner/datasets/BraTS/ssn/MICCAI_BraTS2020_TrainingData/BraTS20_Training_318/BraTS20_Training_318_t1ce.nii.gz,/home/feiner/datasets/BraTS/ssn/MICCAI_BraTS2020_TrainingData/BraTS20_Training_318/BraTS20_Training_318_t2.nii.gz
LGG/Brats18_TCIA13_615_1/Brats18_TCIA13_615_1,/home/feiner/datasets/BraTS/ssn/MICCAI_BraTS2020_TrainingData/BraTS20_Training_326/BraTS20_Training_326_seg.nii.gz,/home/feiner/datasets/BraTS/ssn/MICCAI_BraTS2020_TrainingData/BraTS20_Training_326/BraTS20_Training_326_brain_mask.nii.gz,/home/feiner/datasets/BraTS/ssn/MICCAI_BraTS2020_TrainingData/BraTS20_Training_326/BraTS20_Training_326_flair.nii.gz,/home/feiner/datasets/BraTS/ssn/MICCAI_BraTS2020_TrainingData/BraTS20_Training_326/BraTS20_Training_326_t1.nii.gz,/home/feiner/datasets/BraTS/ssn/MICCAI_BraTS2020_TrainingData/BraTS20_Training_326/BraTS20_Training_326_t1ce.nii.gz,/home/feiner/datasets/BraTS/ssn/MICCAI_BraTS2020_TrainingData/BraTS20_Training_326/BraTS20_Training_326_t2.nii.gz
LGG/Brats18_TCIA13_618_1/Brats18_TCIA13_618_1,/home/feiner/datasets/BraTS/ssn/MICCAI_BraTS2020_TrainingData/BraTS20_Training_324/BraTS20_Training_324_seg.nii.gz,/home/feiner/datasets/BraTS/ssn/MICCAI_BraTS2020_TrainingData/BraTS20_Training_324/BraTS20_Training_324_brain_mask.nii.gz,/home/feiner/datasets/BraTS/ssn/MICCAI_BraTS2020_TrainingData/BraTS20_Training_324/BraTS20_Training_324_flair.nii.gz,/home/feiner/datasets/BraTS/ssn/MICCAI_BraTS2020_TrainingData/BraTS20_Training_324/BraTS20_Training_324_t1.nii.gz,/home/feiner/datasets/BraTS/ssn/MICCAI_BraTS2020_TrainingData/BraTS20_Training_324/BraTS20_Training_324_t1ce.nii.gz,/home/feiner/datasets/BraTS/ssn/MICCAI_BraTS2020_TrainingData/BraTS20_Training_324/BraTS20_Training_324_t2.nii.gz
LGG/Brats18_TCIA13_623_1/Brats18_TCIA13_623_1,/home/feiner/datasets/BraTS/ssn/MICCAI_BraTS2020_TrainingData/BraTS20_Training_323/BraTS20_Training_323_seg.nii.gz,/home/feiner/datasets/BraTS/ssn/MICCAI_BraTS2020_TrainingData/BraTS20_Training_323/BraTS20_Training_323_brain_mask.nii.gz,/home/feiner/datasets/BraTS/ssn/MICCAI_BraTS2020_TrainingData/BraTS20_Training_323/BraTS20_Training_323_flair.nii.gz,/home/feiner/datasets/BraTS/ssn/MICCAI_BraTS2020_TrainingData/BraTS20_Training_323/BraTS20_Training_323_t1.nii.gz,/home/feiner/datasets/BraTS/ssn/MICCAI_BraTS2020_TrainingData/BraTS20_Training_323/BraTS20_Training_323_t1ce.nii.gz,/home/feiner/datasets/BraTS/ssn/MICCAI_BraTS2020_TrainingData/BraTS20_Training_323/BraTS20_Training_323_t2.nii.gz
LGG/Brats18_TCIA13_633_1/Brats18_TCIA13_633_1,/home/feiner/datasets/BraTS/ssn/MICCAI_BraTS2020_TrainingData/BraTS20_Training_328/BraTS20_Training_328_seg.nii.gz,/home/feiner/datasets/BraTS/ssn/MICCAI_BraTS2020_TrainingData/BraTS20_Training_328/BraTS20_Training_328_brain_mask.nii.gz,/home/feiner/datasets/BraTS/ssn/MICCAI_BraTS2020_TrainingData/BraTS20_Training_328/BraTS20_Training_328_flair.nii.gz,/home/feiner/datasets/BraTS/ssn/MICCAI_BraTS2020_TrainingData/BraTS20_Training_328/BraTS20_Training_328_t1.nii.gz,/home/feiner/datasets/BraTS/ssn/MICCAI_BraTS2020_TrainingData/BraTS20_Training_328/BraTS20_Training_328_t1ce.nii.gz,/home/feiner/datasets/BraTS/ssn/MICCAI_BraTS2020_TrainingData/BraTS20_Training_328/BraTS20_Training_328_t2.nii.gz
LGG/Brats18_TCIA13_645_1/Brats18_TCIA13_645_1,/home/feiner/datasets/BraTS/ssn/MICCAI_BraTS2020_TrainingData/BraTS20_Training_329/BraTS20_Training_329_seg.nii.gz,/home/feiner/datasets/BraTS/ssn/MICCAI_BraTS2020_TrainingData/BraTS20_Training_329/BraTS20_Training_329_brain_mask.nii.gz,/home/feiner/datasets/BraTS/ssn/MICCAI_BraTS2020_TrainingData/BraTS20_Training_329/BraTS20_Training_329_flair.nii.gz,/home/feiner/datasets/BraTS/ssn/MICCAI_BraTS2020_TrainingData/BraTS20_Training_329/BraTS20_Training_329_t1.nii.gz,/home/feiner/datasets/BraTS/ssn/MICCAI_BraTS2020_TrainingData/BraTS20_Training_329/BraTS20_Training_329_t1ce.nii.gz,/home/feiner/datasets/BraTS/ssn/MICCAI_BraTS2020_TrainingData/BraTS20_Training_329/BraTS20_Training_329_t2.nii.gz
