id,seg,sampling_mask,flair,t1,t1ce,t2
HGG/Brats18_2013_10_1/Brats18_2013_10_1,/home/feiner/datasets/BraTS_2018/preprocessed/HGG/Brats18_2013_10_1/Brats18_2013_10_1_seg.nii.gz,/home/feiner/datasets/BraTS_2018/preprocessed/HGG/Brats18_2013_10_1/Brats18_2013_10_1_brain_mask.nii.gz,/home/feiner/datasets/BraTS_2018/preprocessed/HGG/Brats18_2013_10_1/Brats18_2013_10_1_flair.nii.gz,/home/feiner/datasets/BraTS_2018/preprocessed/HGG/Brats18_2013_10_1/Brats18_2013_10_1_t1.nii.gz,/home/feiner/datasets/BraTS_2018/preprocessed/HGG/Brats18_2013_10_1/Brats18_2013_10_1_t1ce.nii.gz,/home/feiner/datasets/BraTS_2018/preprocessed/HGG/Brats18_2013_10_1/Brats18_2013_10_1_t2.nii.gz
HGG/Brats18_2013_11_1/Brats18_2013_11_1,/home/feiner/datasets/BraTS_2018/preprocessed/HGG/Brats18_2013_11_1/Brats18_2013_11_1_seg.nii.gz,/home/feiner/datasets/BraTS_2018/preprocessed/HGG/Brats18_2013_11_1/Brats18_2013_11_1_brain_mask.nii.gz,/home/feiner/datasets/BraTS_2018/preprocessed/HGG/Brats18_2013_11_1/Brats18_2013_11_1_flair.nii.gz,/home/feiner/datasets/BraTS_2018/preprocessed/HGG/Brats18_2013_11_1/Brats18_2013_11_1_t1.nii.gz,/home/feiner/datasets/BraTS_2018/preprocessed/HGG/Brats18_2013_11_1/Brats18_2013_11_1_t1ce.nii.gz,/home/feiner/datasets/BraTS_2018/preprocessed/HGG/Brats18_2013_11_1/Brats18_2013_11_1_t2.nii.gz
HGG/Brats18_2013_12_1/Brats18_2013_12_1,/home/feiner/datasets/BraTS_2018/preprocessed/HGG/Brats18_2013_12_1/Brats18_2013_12_1_seg.nii.gz,/home/feiner/datasets/BraTS_2018/preprocessed/HGG/Brats18_2013_12_1/Brats18_2013_12_1_brain_mask.nii.gz,/home/feiner/datasets/BraTS_2018/preprocessed/HGG/Brats18_2013_12_1/Brats18_2013_12_1_flair.nii.gz,/home/feiner/datasets/BraTS_2018/preprocessed/HGG/Brats18_2013_12_1/Brats18_2013_12_1_t1.nii.gz,/home/feiner/datasets/BraTS_2018/preprocessed/HGG/Brats18_2013_12_1/Brats18_2013_12_1_t1ce.nii.gz,/home/feiner/datasets/BraTS_2018/preprocessed/HGG/Brats18_2013_12_1/Brats18_2013_12_1_t2.nii.gz
HGG/Brats18_2013_13_1/Brats18_2013_13_1,/home/feiner/datasets/BraTS_2018/preprocessed/HGG/Brats18_2013_13_1/Brats18_2013_13_1_seg.nii.gz,/home/feiner/datasets/BraTS_2018/preprocessed/HGG/Brats18_2013_13_1/Brats18_2013_13_1_brain_mask.nii.gz,/home/feiner/datasets/BraTS_2018/preprocessed/HGG/Brats18_2013_13_1/Brats18_2013_13_1_flair.nii.gz,/home/feiner/datasets/BraTS_2018/preprocessed/HGG/Brats18_2013_13_1/Brats18_2013_13_1_t1.nii.gz,/home/feiner/datasets/BraTS_2018/preprocessed/HGG/Brats18_2013_13_1/Brats18_2013_13_1_t1ce.nii.gz,/home/feiner/datasets/BraTS_2018/preprocessed/HGG/Brats18_2013_13_1/Brats18_2013_13_1_t2.nii.gz
HGG/Brats18_2013_14_1/Brats18_2013_14_1,/home/feiner/datasets/BraTS_2018/preprocessed/HGG/Brats18_2013_14_1/Brats18_2013_14_1_seg.nii.gz,/home/feiner/datasets/BraTS_2018/preprocessed/HGG/Brats18_2013_14_1/Brats18_2013_14_1_brain_mask.nii.gz,/home/feiner/datasets/BraTS_2018/preprocessed/HGG/Brats18_2013_14_1/Brats18_2013_14_1_flair.nii.gz,/home/feiner/datasets/BraTS_2018/preprocessed/HGG/Brats18_2013_14_1/Brats18_2013_14_1_t1.nii.gz,/home/feiner/datasets/BraTS_2018/preprocessed/HGG/Brats18_2013_14_1/Brats18_2013_14_1_t1ce.nii.gz,/home/feiner/datasets/BraTS_2018/preprocessed/HGG/Brats18_2013_14_1/Brats18_2013_14_1_t2.nii.gz
HGG/Brats18_2013_17_1/Brats18_2013_17_1,/home/feiner/datasets/BraTS_2018/preprocessed/HGG/Brats18_2013_17_1/Brats18_2013_17_1_seg.nii.gz,/home/feiner/datasets/BraTS_2018/preprocessed/HGG/Brats18_2013_17_1/Brats18_2013_17_1_brain_mask.nii.gz,/home/feiner/datasets/BraTS_2018/preprocessed/HGG/Brats18_2013_17_1/Brats18_2013_17_1_flair.nii.gz,/home/feiner/datasets/BraTS_2018/preprocessed/HGG/Brats18_2013_17_1/Brats18_2013_17_1_t1.nii.gz,/home/feiner/datasets/BraTS_2018/preprocessed/HGG/Brats18_2013_17_1/Brats18_2013_17_1_t1ce.nii.gz,/home/feiner/datasets/BraTS_2018/preprocessed/HGG/Brats18_2013_17_1/Brats18_2013_17_1_t2.nii.gz
HGG/Brats18_2013_18_1/Brats18_2013_18_1,/home/feiner/datasets/BraTS_2018/preprocessed/HGG/Brats18_2013_18_1/Brats18_2013_18_1_seg.nii.gz,/home/feiner/datasets/BraTS_2018/preprocessed/HGG/Brats18_2013_18_1/Brats18_2013_18_1_brain_mask.nii.gz,/home/feiner/datasets/BraTS_2018/preprocessed/HGG/Brats18_2013_18_1/Brats18_2013_18_1_flair.nii.gz,/home/feiner/datasets/BraTS_2018/preprocessed/HGG/Brats18_2013_18_1/Brats18_2013_18_1_t1.nii.gz,/home/feiner/datasets/BraTS_2018/preprocessed/HGG/Brats18_2013_18_1/Brats18_2013_18_1_t1ce.nii.gz,/home/feiner/datasets/BraTS_2018/preprocessed/HGG/Brats18_2013_18_1/Brats18_2013_18_1_t2.nii.gz
HGG/Brats18_2013_19_1/Brats18_2013_19_1,/home/feiner/datasets/BraTS_2018/preprocessed/HGG/Brats18_2013_19_1/Brats18_2013_19_1_seg.nii.gz,/home/feiner/datasets/BraTS_2018/preprocessed/HGG/Brats18_2013_19_1/Brats18_2013_19_1_brain_mask.nii.gz,/home/feiner/datasets/BraTS_2018/preprocessed/HGG/Brats18_2013_19_1/Brats18_2013_19_1_flair.nii.gz,/home/feiner/datasets/BraTS_2018/preprocessed/HGG/Brats18_2013_19_1/Brats18_2013_19_1_t1.nii.gz,/home/feiner/datasets/BraTS_2018/preprocessed/HGG/Brats18_2013_19_1/Brats18_2013_19_1_t1ce.nii.gz,/home/feiner/datasets/BraTS_2018/preprocessed/HGG/Brats18_2013_19_1/Brats18_2013_19_1_t2.nii.gz
HGG/Brats18_2013_23_1/Brats18_2013_23_1,/home/feiner/datasets/BraTS_2018/preprocessed/HGG/Brats18_2013_23_1/Brats18_2013_23_1_seg.nii.gz,/home/feiner/datasets/BraTS_2018/preprocessed/HGG/Brats18_2013_23_1/Brats18_2013_23_1_brain_mask.nii.gz,/home/feiner/datasets/BraTS_2018/preprocessed/HGG/Brats18_2013_23_1/Brats18_2013_23_1_flair.nii.gz,/home/feiner/datasets/BraTS_2018/preprocessed/HGG/Brats18_2013_23_1/Brats18_2013_23_1_t1.nii.gz,/home/feiner/datasets/BraTS_2018/preprocessed/HGG/Brats18_2013_23_1/Brats18_2013_23_1_t1ce.nii.gz,/home/feiner/datasets/BraTS_2018/preprocessed/HGG/Brats18_2013_23_1/Brats18_2013_23_1_t2.nii.gz
HGG/Brats18_2013_25_1/Brats18_2013_25_1,/home/feiner/datasets/BraTS_2018/preprocessed/HGG/Brats18_2013_25_1/Brats18_2013_25_1_seg.nii.gz,/home/feiner/datasets/BraTS_2018/preprocessed/HGG/Brats18_2013_25_1/Brats18_2013_25_1_brain_mask.nii.gz,/home/feiner/datasets/BraTS_2018/preprocessed/HGG/Brats18_2013_25_1/Brats18_2013_25_1_flair.nii.gz,/home/feiner/datasets/BraTS_2018/preprocessed/HGG/Brats18_2013_25_1/Brats18_2013_25_1_t1.nii.gz,/home/feiner/datasets/BraTS_2018/preprocessed/HGG/Brats18_2013_25_1/Brats18_2013_25_1_t1ce.nii.gz,/home/feiner/datasets/BraTS_2018/preprocessed/HGG/Brats18_2013_25_1/Brats18_2013_25_1_t2.nii.gz
HGG/Brats18_2013_26_1/Brats18_2013_26_1,/home/feiner/datasets/BraTS_2018/preprocessed/HGG/Brats18_2013_26_1/Brats18_2013_26_1_seg.nii.gz,/home/feiner/datasets/BraTS_2018/preprocessed/HGG/Brats18_2013_26_1/Brats18_2013_26_1_brain_mask.nii.gz,/home/feiner/datasets/BraTS_2018/preprocessed/HGG/Brats18_2013_26_1/Brats18_2013_26_1_flair.nii.gz,/home/feiner/datasets/BraTS_2018/preprocessed/HGG/Brats18_2013_26_1/Brats18_2013_26_1_t1.nii.gz,/home/feiner/datasets/BraTS_2018/preprocessed/HGG/Brats18_2013_26_1/Brats18_2013_26_1_t1ce.nii.gz,/home/feiner/datasets/BraTS_2018/preprocessed/HGG/Brats18_2013_26_1/Brats18_2013_26_1_t2.nii.gz
HGG/Brats18_2013_2_1/Brats18_2013_2_1,/home/feiner/datasets/BraTS_2018/preprocessed/HGG/Brats18_2013_2_1/Brats18_2013_2_1_seg.nii.gz,/home/feiner/datasets/BraTS_2018/preprocessed/HGG/Brats18_2013_2_1/Brats18_2013_2_1_brain_mask.nii.gz,/home/feiner/datasets/BraTS_2018/preprocessed/HGG/Brats18_2013_2_1/Brats18_2013_2_1_flair.nii.gz,/home/feiner/datasets/BraTS_2018/preprocessed/HGG/Brats18_2013_2_1/Brats18_2013_2_1_t1.nii.gz,/home/feiner/datasets/BraTS_2018/preprocessed/HGG/Brats18_2013_2_1/Brats18_2013_2_1_t1ce.nii.gz,/home/feiner/datasets/BraTS_2018/preprocessed/HGG/Brats18_2013_2_1/Brats18_2013_2_1_t2.nii.gz
HGG/Brats18_2013_4_1/Brats18_2013_4_1,/home/feiner/datasets/BraTS_2018/preprocessed/HGG/Brats18_2013_4_1/Brats18_2013_4_1_seg.nii.gz,/home/feiner/datasets/BraTS_2018/preprocessed/HGG/Brats18_2013_4_1/Brats18_2013_4_1_brain_mask.nii.gz,/home/feiner/datasets/BraTS_2018/preprocessed/HGG/Brats18_2013_4_1/Brats18_2013_4_1_flair.nii.gz,/home/feiner/datasets/BraTS_2018/preprocessed/HGG/Brats18_2013_4_1/Brats18_2013_4_1_t1.nii.gz,/home/feiner/datasets/BraTS_2018/preprocessed/HGG/Brats18_2013_4_1/Brats18_2013_4_1_t1ce.nii.gz,/home/feiner/datasets/BraTS_2018/preprocessed/HGG/Brats18_2013_4_1/Brats18_2013_4_1_t2.nii.gz
HGG/Brats18_2013_5_1/Brats18_2013_5_1,/home/feiner/datasets/BraTS_2018/preprocessed/HGG/Brats18_2013_5_1/Brats18_2013_5_1_seg.nii.gz,/home/feiner/datasets/BraTS_2018/preprocessed/HGG/Brats18_2013_5_1/Brats18_2013_5_1_brain_mask.nii.gz,/home/feiner/datasets/BraTS_2018/preprocessed/HGG/Brats18_2013_5_1/Brats18_2013_5_1_flair.nii.gz,/home/feiner/datasets/BraTS_2018/preprocessed/HGG/Brats18_2013_5_1/Brats18_2013_5_1_t1.nii.gz,/home/feiner/datasets/BraTS_2018/preprocessed/HGG/Brats18_2013_5_1/Brats18_2013_5_1_t1ce.nii.gz,/home/feiner/datasets/BraTS_2018/preprocessed/HGG/Brats18_2013_5_1/Brats18_2013_5_1_t2.nii.gz
HGG/Brats18_CBICA_AAB_1/Brats18_CBICA_AAB_1,/home/feiner/datasets/BraTS_2018/preprocessed/HGG/Brats18_CBICA_AAB_1/Brats18_CBICA_AAB_1_seg.nii.gz,/home/feiner/datasets/BraTS_2018/preprocessed/HGG/Brats18_CBICA_AAB_1/Brats18_CBICA_AAB_1_brain_mask.nii.gz,/home/feiner/datasets/BraTS_2018/preprocessed/HGG/Brats18_CBICA_AAB_1/Brats18_CBICA_AAB_1_flair.nii.gz,/home/feiner/datasets/BraTS_2018/preprocessed/HGG/Brats18_CBICA_AAB_1/Brats18_CBICA_AAB_1_t1.nii.gz,/home/feiner/datasets/BraTS_2018/preprocessed/HGG/Brats18_CBICA_AAB_1/Brats18_CBICA_AAB_1_t1ce.nii.gz,/home/feiner/datasets/BraTS_2018/preprocessed/HGG/Brats18_CBICA_AAB_1/Brats18_CBICA_AAB_1_t2.nii.gz
HGG/Brats18_CBICA_AAL_1/Brats18_CBICA_AAL_1,/home/feiner/datasets/BraTS_2018/preprocessed/HGG/Brats18_CBICA_AAL_1/Brats18_CBICA_AAL_1_seg.nii.gz,/home/feiner/datasets/BraTS_2018/preprocessed/HGG/Brats18_CBICA_AAL_1/Brats18_CBICA_AAL_1_brain_mask.nii.gz,/home/feiner/datasets/BraTS_2018/preprocessed/HGG/Brats18_CBICA_AAL_1/Brats18_CBICA_AAL_1_flair.nii.gz,/home/feiner/datasets/BraTS_2018/preprocessed/HGG/Brats18_CBICA_AAL_1/Brats18_CBICA_AAL_1_t1.nii.gz,/home/feiner/datasets/BraTS_2018/preprocessed/HGG/Brats18_CBICA_AAL_1/Brats18_CBICA_AAL_1_t1ce.nii.gz,/home/feiner/datasets/BraTS_2018/preprocessed/HGG/Brats18_CBICA_AAL_1/Brats18_CBICA_AAL_1_t2.nii.gz
HGG/Brats18_CBICA_AAP_1/Brats18_CBICA_AAP_1,/home/feiner/datasets/BraTS_2018/preprocessed/HGG/Brats18_CBICA_AAP_1/Brats18_CBICA_AAP_1_seg.nii.gz,/home/feiner/datasets/BraTS_2018/preprocessed/HGG/Brats18_CBICA_AAP_1/Brats18_CBICA_AAP_1_brain_mask.nii.gz,/home/feiner/datasets/BraTS_2018/preprocessed/HGG/Brats18_CBICA_AAP_1/Brats18_CBICA_AAP_1_flair.nii.gz,/home/feiner/datasets/BraTS_2018/preprocessed/HGG/Brats18_CBICA_AAP_1/Brats18_CBICA_AAP_1_t1.nii.gz,/home/feiner/datasets/BraTS_2018/preprocessed/HGG/Brats18_CBICA_AAP_1/Brats18_CBICA_AAP_1_t1ce.nii.gz,/home/feiner/datasets/BraTS_2018/preprocessed/HGG/Brats18_CBICA_AAP_1/Brats18_CBICA_AAP_1_t2.nii.gz
HGG/Brats18_CBICA_ABE_1/Brats18_CBICA_ABE_1,/home/feiner/datasets/BraTS_2018/preprocessed/HGG/Brats18_CBICA_ABE_1/Brats18_CBICA_ABE_1_seg.nii.gz,/home/feiner/datasets/BraTS_2018/preprocessed/HGG/Brats18_CBICA_ABE_1/Brats18_CBICA_ABE_1_brain_mask.nii.gz,/home/feiner/datasets/BraTS_2018/preprocessed/HGG/Brats18_CBICA_ABE_1/Brats18_CBICA_ABE_1_flair.nii.gz,/home/feiner/datasets/BraTS_2018/preprocessed/HGG/Brats18_CBICA_ABE_1/Brats18_CBICA_ABE_1_t1.nii.gz,/home/feiner/datasets/BraTS_2018/preprocessed/HGG/Brats18_CBICA_ABE_1/Brats18_CBICA_ABE_1_t1ce.nii.gz,/home/feiner/datasets/BraTS_2018/preprocessed/HGG/Brats18_CBICA_ABE_1/Brats18_CBICA_ABE_1_t2.nii.gz
HGG/Brats18_CBICA_ABY_1/Brats18_CBICA_ABY_1,/home/feiner/datasets/BraTS_2018/preprocessed/HGG/Brats18_CBICA_ABY_1/Brats18_CBICA_ABY_1_seg.nii.gz,/home/feiner/datasets/BraTS_2018/preprocessed/HGG/Brats18_CBICA_ABY_1/Brats18_CBICA_ABY_1_brain_mask.nii.gz,/home/feiner/datasets/BraTS_2018/preprocessed/HGG/Brats18_CBICA_ABY_1/Brats18_CBICA_ABY_1_flair.nii.gz,/home/feiner/datasets/BraTS_2018/preprocessed/HGG/Brats18_CBICA_ABY_1/Brats18_CBICA_ABY_1_t1.nii.gz,/home/feiner/datasets/BraTS_2018/preprocessed/HGG/Brats18_CBICA_ABY_1/Brats18_CBICA_ABY_1_t1ce.nii.gz,/home/feiner/datasets/BraTS_2018/preprocessed/HGG/Brats18_CBICA_ABY_1/Brats18_CBICA_ABY_1_t2.nii.gz
HGG/Brats18_CBICA_ALN_1/Brats18_CBICA_ALN_1,/home/feiner/datasets/BraTS_2018/preprocessed/HGG/Brats18_CBICA_ALN_1/Brats18_CBICA_ALN_1_seg.nii.gz,/home/feiner/datasets/BraTS_2018/preprocessed/HGG/Brats18_CBICA_ALN_1/Brats18_CBICA_ALN_1_brain_mask.nii.gz,/home/feiner/datasets/BraTS_2018/preprocessed/HGG/Brats18_CBICA_ALN_1/Brats18_CBICA_ALN_1_flair.nii.gz,/home/feiner/datasets/BraTS_2018/preprocessed/HGG/Brats18_CBICA_ALN_1/Brats18_CBICA_ALN_1_t1.nii.gz,/home/feiner/datasets/BraTS_2018/preprocessed/HGG/Brats18_CBICA_ALN_1/Brats18_CBICA_ALN_1_t1ce.nii.gz,/home/feiner/datasets/BraTS_2018/preprocessed/HGG/Brats18_CBICA_ALN_1/Brats18_CBICA_ALN_1_t2.nii.gz
HGG/Brats18_CBICA_ALX_1/Brats18_CBICA_ALX_1,/home/feiner/datasets/BraTS_2018/preprocessed/HGG/Brats18_CBICA_ALX_1/Brats18_CBICA_ALX_1_seg.nii.gz,/home/feiner/datasets/BraTS_2018/preprocessed/HGG/Brats18_CBICA_ALX_1/Brats18_CBICA_ALX_1_brain_mask.nii.gz,/home/feiner/datasets/BraTS_2018/preprocessed/HGG/Brats18_CBICA_ALX_1/Brats18_CBICA_ALX_1_flair.nii.gz,/home/feiner/datasets/BraTS_2018/preprocessed/HGG/Brats18_CBICA_ALX_1/Brats18_CBICA_ALX_1_t1.nii.gz,/home/feiner/datasets/BraTS_2018/preprocessed/HGG/Brats18_CBICA_ALX_1/Brats18_CBICA_ALX_1_t1ce.nii.gz,/home/feiner/datasets/BraTS_2018/preprocessed/HGG/Brats18_CBICA_ALX_1/Brats18_CBICA_ALX_1_t2.nii.gz
HGG/Brats18_CBICA_ANG_1/Brats18_CBICA_ANG_1,/home/feiner/datasets/BraTS_2018/preprocessed/HGG/Brats18_CBICA_ANG_1/Brats18_CBICA_ANG_1_seg.nii.gz,/home/feiner/datasets/BraTS_2018/preprocessed/HGG/Brats18_CBICA_ANG_1/Brats18_CBICA_ANG_1_brain_mask.nii.gz,/home/feiner/datasets/BraTS_2018/preprocessed/HGG/Brats18_CBICA_ANG_1/Brats18_CBICA_ANG_1_flair.nii.gz,/home/feiner/datasets/BraTS_2018/preprocessed/HGG/Brats18_CBICA_ANG_1/Brats18_CBICA_ANG_1_t1.nii.gz,/home/feiner/datasets/BraTS_2018/preprocessed/HGG/Brats18_CBICA_ANG_1/Brats18_CBICA_ANG_1_t1ce.nii.gz,/home/feiner/datasets/BraTS_2018/preprocessed/HGG/Brats18_CBICA_ANG_1/Brats18_CBICA_ANG_1_t2.nii.gz
HGG/Brats18_CBICA_ANI_1/Brats18_CBICA_ANI_1,/home/feiner/datasets/BraTS_2018/preprocessed/HGG/Brats18_CBICA_ANI_1/Brats18_CBICA_ANI_1_seg.nii.gz,/home/feiner/datasets/BraTS_2018/preprocessed/HGG/Brats18_CBICA_ANI_1/Brats18_CBICA_ANI_1_brain_mask.nii.gz,/home/feiner/datasets/BraTS_2018/preprocessed/HGG/Brats18_CBICA_ANI_1/Brats18_CBICA_ANI_1_flair.nii.gz,/home/feiner/datasets/BraTS_2018/preprocessed/HGG/Brats18_CBICA_ANI_1/Brats18_CBICA_ANI_1_t1.nii.gz,/home/feiner/datasets/BraTS_2018/preprocessed/HGG/Brats18_CBICA_ANI_1/Brats18_CBICA_ANI_1_t1ce.nii.gz,/home/feiner/datasets/BraTS_2018/preprocessed/HGG/Brats18_CBICA_ANI_1/Brats18_CBICA_ANI_1_t2.nii.gz
HGG/Brats18_CBICA_ANP_1/Brats18_CBICA_ANP_1,/home/feiner/datasets/BraTS_2018/preprocessed/HGG/Brats18_CBICA_ANP_1/Brats18_CBICA_ANP_1_seg.nii.gz,/home/feiner/datasets/BraTS_2018/preprocessed/HGG/Brats18_CBICA_ANP_1/Brats18_CBICA_ANP_1_brain_mask.nii.gz,/home/feiner/datasets/BraTS_2018/preprocessed/HGG/Brats18_CBICA_ANP_1/Brats18_CBICA_ANP_1_flair.nii.gz,/home/feiner/datasets/BraTS_2018/preprocessed/HGG/Brats18_CBICA_ANP_1/Brats18_CBICA_ANP_1_t1.nii.gz,/home/feiner/datasets/BraTS_2018/preprocessed/HGG/Brats18_CBICA_ANP_1/Brats18_CBICA_ANP_1_t1ce.nii.gz,/home/feiner/datasets/BraTS_2018/preprocessed/HGG/Brats18_CBICA_ANP_1/Brats18_CBICA_ANP_1_t2.nii.gz
HGG/Brats18_CBICA_AOD_1/Brats18_CBICA_AOD_1,/home/feiner/datasets/BraTS_2018/preprocessed/HGG/Brats18_CBICA_AOD_1/Brats18_CBICA_AOD_1_seg.nii.gz,/home/feiner/datasets/BraTS_2018/preprocessed/HGG/Brats18_CBICA_AOD_1/Brats18_CBICA_AOD_1_brain_mask.nii.gz,/home/feiner/datasets/BraTS_2018/preprocessed/HGG/Brats18_CBICA_AOD_1/Brats18_CBICA_AOD_1_flair.nii.gz,/home/feiner/datasets/BraTS_2018/preprocessed/HGG/Brats18_CBICA_AOD_1/Brats18_CBICA_AOD_1_t1.nii.gz,/home/feiner/datasets/BraTS_2018/preprocessed/HGG/Brats18_CBICA_AOD_1/Brats18_CBICA_AOD_1_t1ce.nii.gz,/home/feiner/datasets/BraTS_2018/preprocessed/HGG/Brats18_CBICA_AOD_1/Brats18_CBICA_AOD_1_t2.nii.gz
HGG/Brats18_CBICA_AOH_1/Brats18_CBICA_AOH_1,/home/feiner/datasets/BraTS_2018/preprocessed/HGG/Brats18_CBICA_AOH_1/Brats18_CBICA_AOH_1_seg.nii.gz,/home/feiner/datasets/BraTS_2018/preprocessed/HGG/Brats18_CBICA_AOH_1/Brats18_CBICA_AOH_1_brain_mask.nii.gz,/home/feiner/datasets/BraTS_2018/preprocessed/HGG/Brats18_CBICA_AOH_1/Brats18_CBICA_AOH_1_flair.nii.gz,/home/feiner/datasets/BraTS_2018/preprocessed/HGG/Brats18_CBICA_AOH_1/Brats18_CBICA_AOH_1_t1.nii.gz,/home/feiner/datasets/BraTS_2018/preprocessed/HGG/Brats18_CBICA_AOH_1/Brats18_CBICA_AOH_1_t1ce.nii.gz,/home/feiner/datasets/BraTS_2018/preprocessed/HGG/Brats18_CBICA_AOH_1/Brats18_CBICA_AOH_1_t2.nii.gz
HGG/Brats18_CBICA_APR_1/Brats18_CBICA_APR_1,/home/feiner/datasets/BraTS_2018/preprocessed/HGG/Brats18_CBICA_APR_1/Brats18_CBICA_APR_1_seg.nii.gz,/home/feiner/datasets/BraTS_2018/preprocessed/HGG/Brats18_CBICA_APR_1/Brats18_CBICA_APR_1_brain_mask.nii.gz,/home/feiner/datasets/BraTS_2018/preprocessed/HGG/Brats18_CBICA_APR_1/Brats18_CBICA_APR_1_flair.nii.gz,/home/feiner/datasets/BraTS_2018/preprocessed/HGG/Brats18_CBICA_APR_1/Brats18_CBICA_APR_1_t1.nii.gz,/home/feiner/datasets/BraTS_2018/preprocessed/HGG/Brats18_CBICA_APR_1/Brats18_CBICA_APR_1_t1ce.nii.gz,/home/feiner/datasets/BraTS_2018/preprocessed/HGG/Brats18_CBICA_APR_1/Brats18_CBICA_APR_1_t2.nii.gz
HGG/Brats18_CBICA_AQG_1/Brats18_CBICA_AQG_1,/home/feiner/datasets/BraTS_2018/preprocessed/HGG/Brats18_CBICA_AQG_1/Brats18_CBICA_AQG_1_seg.nii.gz,/home/feiner/datasets/BraTS_2018/preprocessed/HGG/Brats18_CBICA_AQG_1/Brats18_CBICA_AQG_1_brain_mask.nii.gz,/home/feiner/datasets/BraTS_2018/preprocessed/HGG/Brats18_CBICA_AQG_1/Brats18_CBICA_AQG_1_flair.nii.gz,/home/feiner/datasets/BraTS_2018/preprocessed/HGG/Brats18_CBICA_AQG_1/Brats18_CBICA_AQG_1_t1.nii.gz,/home/feiner/datasets/BraTS_2018/preprocessed/HGG/Brats18_CBICA_AQG_1/Brats18_CBICA_AQG_1_t1ce.nii.gz,/home/feiner/datasets/BraTS_2018/preprocessed/HGG/Brats18_CBICA_AQG_1/Brats18_CBICA_AQG_1_t2.nii.gz
HGG/Brats18_CBICA_AQN_1/Brats18_CBICA_AQN_1,/home/feiner/datasets/BraTS_2018/preprocessed/HGG/Brats18_CBICA_AQN_1/Brats18_CBICA_AQN_1_seg.nii.gz,/home/feiner/datasets/BraTS_2018/preprocessed/HGG/Brats18_CBICA_AQN_1/Brats18_CBICA_AQN_1_brain_mask.nii.gz,/home/feiner/datasets/BraTS_2018/preprocessed/HGG/Brats18_CBICA_AQN_1/Brats18_CBICA_AQN_1_flair.nii.gz,/home/feiner/datasets/BraTS_2018/preprocessed/HGG/Brats18_CBICA_AQN_1/Brats18_CBICA_AQN_1_t1.nii.gz,/home/feiner/datasets/BraTS_2018/preprocessed/HGG/Brats18_CBICA_AQN_1/Brats18_CBICA_AQN_1_t1ce.nii.gz,/home/feiner/datasets/BraTS_2018/preprocessed/HGG/Brats18_CBICA_AQN_1/Brats18_CBICA_AQN_1_t2.nii.gz
HGG/Brats18_CBICA_AQO_1/Brats18_CBICA_AQO_1,/home/feiner/datasets/BraTS_2018/preprocessed/HGG/Brats18_CBICA_AQO_1/Brats18_CBICA_AQO_1_seg.nii.gz,/home/feiner/datasets/BraTS_2018/preprocessed/HGG/Brats18_CBICA_AQO_1/Brats18_CBICA_AQO_1_brain_mask.nii.gz,/home/feiner/datasets/BraTS_2018/preprocessed/HGG/Brats18_CBICA_AQO_1/Brats18_CBICA_AQO_1_flair.nii.gz,/home/feiner/datasets/BraTS_2018/preprocessed/HGG/Brats18_CBICA_AQO_1/Brats18_CBICA_AQO_1_t1.nii.gz,/home/feiner/datasets/BraTS_2018/preprocessed/HGG/Brats18_CBICA_AQO_1/Brats18_CBICA_AQO_1_t1ce.nii.gz,/home/feiner/datasets/BraTS_2018/preprocessed/HGG/Brats18_CBICA_AQO_1/Brats18_CBICA_AQO_1_t2.nii.gz
HGG/Brats18_CBICA_AQP_1/Brats18_CBICA_AQP_1,/home/feiner/datasets/BraTS_2018/preprocessed/HGG/Brats18_CBICA_AQP_1/Brats18_CBICA_AQP_1_seg.nii.gz,/home/feiner/datasets/BraTS_2018/preprocessed/HGG/Brats18_CBICA_AQP_1/Brats18_CBICA_AQP_1_brain_mask.nii.gz,/home/feiner/datasets/BraTS_2018/preprocessed/HGG/Brats18_CBICA_AQP_1/Brats18_CBICA_AQP_1_flair.nii.gz,/home/feiner/datasets/BraTS_2018/preprocessed/HGG/Brats18_CBICA_AQP_1/Brats18_CBICA_AQP_1_t1.nii.gz,/home/feiner/datasets/BraTS_2018/preprocessed/HGG/Brats18_CBICA_AQP_1/Brats18_CBICA_AQP_1_t1ce.nii.gz,/home/feiner/datasets/BraTS_2018/preprocessed/HGG/Brats18_CBICA_AQP_1/Brats18_CBICA_AQP_1_t2.nii.gz
HGG/Brats18_CBICA_AQQ_1/Brats18_CBICA_AQQ_1,/home/feiner/datasets/BraTS_2018/preprocessed/HGG/Brats18_CBICA_AQQ_1/Brats18_CBICA_AQQ_1_seg.nii.gz,/home/feiner/datasets/BraTS_2018/preprocessed/HGG/Brats18_CBICA_AQQ_1/Brats18_CBICA_AQQ_1_brain_mask.nii.gz,/home/feiner/datasets/BraTS_2018/preprocessed/HGG/Brats18_CBICA_AQQ_1/Brats18_CBICA_AQQ_1_flair.nii.gz,/home/feiner/datasets/BraTS_2018/preprocessed/HGG/Brats18_CBICA_AQQ_1/Brats18_CBICA_AQQ_1_t1.nii.gz,/home/feiner/datasets/BraTS_2018/preprocessed/HGG/Brats18_CBICA_AQQ_1/Brats18_CBICA_AQQ_1_t1ce.nii.gz,/home/feiner/datasets/BraTS_2018/preprocessed/HGG/Brats18_CBICA_AQQ_1/Brats18_CBICA_AQQ_1_t2.nii.gz
HGG/Brats18_CBICA_AQR_1/Brats18_CBICA_AQR_1,/home/feiner/datasets/BraTS_2018/preprocessed/HGG/Brats18_CBICA_AQR_1/Brats18_CBICA_AQR_1_seg.nii.gz,/home/feiner/datasets/BraTS_2018/preprocessed/HGG/Brats18_CBICA_AQR_1/Brats18_CBICA_AQR_1_brain_mask.nii.gz,/home/feiner/datasets/BraTS_2018/preprocessed/HGG/Brats18_CBICA_AQR_1/Brats18_CBICA_AQR_1_flair.nii.gz,/home/feiner/datasets/BraTS_2018/preprocessed/HGG/Brats18_CBICA_AQR_1/Brats18_CBICA_AQR_1_t1.nii.gz,/home/feiner/datasets/BraTS_2018/preprocessed/HGG/Brats18_CBICA_AQR_1/Brats18_CBICA_AQR_1_t1ce.nii.gz,/home/feiner/datasets/BraTS_2018/preprocessed/HGG/Brats18_CBICA_AQR_1/Brats18_CBICA_AQR_1_t2.nii.gz
HGG/Brats18_CBICA_AQU_1/Brats18_CBICA_AQU_1,/home/feiner/datasets/BraTS_2018/preprocessed/HGG/Brats18_CBICA_AQU_1/Brats18_CBICA_AQU_1_seg.nii.gz,/home/feiner/datasets/BraTS_2018/preprocessed/HGG/Brats18_CBICA_AQU_1/Brats18_CBICA_AQU_1_brain_mask.nii.gz,/home/feiner/datasets/BraTS_2018/preprocessed/HGG/Brats18_CBICA_AQU_1/Brats18_CBICA_AQU_1_flair.nii.gz,/home/feiner/datasets/BraTS_2018/preprocessed/HGG/Brats18_CBICA_AQU_1/Brats18_CBICA_AQU_1_t1.nii.gz,/home/feiner/datasets/BraTS_2018/preprocessed/HGG/Brats18_CBICA_AQU_1/Brats18_CBICA_AQU_1_t1ce.nii.gz,/home/feiner/datasets/BraTS_2018/preprocessed/HGG/Brats18_CBICA_AQU_1/Brats18_CBICA_AQU_1_t2.nii.gz
HGG/Brats18_CBICA_AQV_1/Brats18_CBICA_AQV_1,/home/feiner/datasets/BraTS_2018/preprocessed/HGG/Brats18_CBICA_AQV_1/Brats18_CBICA_AQV_1_seg.nii.gz,/home/feiner/datasets/BraTS_2018/preprocessed/HGG/Brats18_CBICA_AQV_1/Brats18_CBICA_AQV_1_brain_mask.nii.gz,/home/feiner/datasets/BraTS_2018/preprocessed/HGG/Brats18_CBICA_AQV_1/Brats18_CBICA_AQV_1_flair.nii.gz,/home/feiner/datasets/BraTS_2018/preprocessed/HGG/Brats18_CBICA_AQV_1/Brats18_CBICA_AQV_1_t1.nii.gz,/home/feiner/datasets/BraTS_2018/preprocessed/HGG/Brats18_CBICA_AQV_1/Brats18_CBICA_AQV_1_t1ce.nii.gz,/home/feiner/datasets/BraTS_2018/preprocessed/HGG/Brats18_CBICA_AQV_1/Brats18_CBICA_AQV_1_t2.nii.gz
HGG/Brats18_CBICA_AQY_1/Brats18_CBICA_AQY_1,/home/feiner/datasets/BraTS_2018/preprocessed/HGG/Brats18_CBICA_AQY_1/Brats18_CBICA_AQY_1_seg.nii.gz,/home/feiner/datasets/BraTS_2018/preprocessed/HGG/Brats18_CBICA_AQY_1/Brats18_CBICA_AQY_1_brain_mask.nii.gz,/home/feiner/datasets/BraTS_2018/preprocessed/HGG/Brats18_CBICA_AQY_1/Brats18_CBICA_AQY_1_flair.nii.gz,/home/feiner/datasets/BraTS_2018/preprocessed/HGG/Brats18_CBICA_AQY_1/Brats18_CBICA_AQY_1_t1.nii.gz,/home/feiner/datasets/BraTS_2018/preprocessed/HGG/Brats18_CBICA_AQY_1/Brats18_CBICA_AQY_1_t1ce.nii.gz,/home/feiner/datasets/BraTS_2018/preprocessed/HGG/Brats18_CBICA_AQY_1/Brats18_CBICA_AQY_1_t2.nii.gz
HGG/Brats18_CBICA_ARF_1/Brats18_CBICA_ARF_1,/home/feiner/datasets/BraTS_2018/preprocessed/HGG/Brats18_CBICA_ARF_1/Brats18_CBICA_ARF_1_seg.nii.gz,/home/feiner/datasets/BraTS_2018/preprocessed/HGG/Brats18_CBICA_ARF_1/Brats18_CBICA_ARF_1_brain_mask.nii.gz,/home/feiner/datasets/BraTS_2018/preprocessed/HGG/Brats18_CBICA_ARF_1/Brats18_CBICA_ARF_1_flair.nii.gz,/home/feiner/datasets/BraTS_2018/preprocessed/HGG/Brats18_CBICA_ARF_1/Brats18_CBICA_ARF_1_t1.nii.gz,/home/feiner/datasets/BraTS_2018/preprocessed/HGG/Brats18_CBICA_ARF_1/Brats18_CBICA_ARF_1_t1ce.nii.gz,/home/feiner/datasets/BraTS_2018/preprocessed/HGG/Brats18_CBICA_ARF_1/Brats18_CBICA_ARF_1_t2.nii.gz
HGG/Brats18_CBICA_ARW_1/Brats18_CBICA_ARW_1,/home/feiner/datasets/BraTS_2018/preprocessed/HGG/Brats18_CBICA_ARW_1/Brats18_CBICA_ARW_1_seg.nii.gz,/home/feiner/datasets/BraTS_2018/preprocessed/HGG/Brats18_CBICA_ARW_1/Brats18_CBICA_ARW_1_brain_mask.nii.gz,/home/feiner/datasets/BraTS_2018/preprocessed/HGG/Brats18_CBICA_ARW_1/Brats18_CBICA_ARW_1_flair.nii.gz,/home/feiner/datasets/BraTS_2018/preprocessed/HGG/Brats18_CBICA_ARW_1/Brats18_CBICA_ARW_1_t1.nii.gz,/home/feiner/datasets/BraTS_2018/preprocessed/HGG/Brats18_CBICA_ARW_1/Brats18_CBICA_ARW_1_t1ce.nii.gz,/home/feiner/datasets/BraTS_2018/preprocessed/HGG/Brats18_CBICA_ARW_1/Brats18_CBICA_ARW_1_t2.nii.gz
HGG/Brats18_CBICA_ARZ_1/Brats18_CBICA_ARZ_1,/home/feiner/datasets/BraTS_2018/preprocessed/HGG/Brats18_CBICA_ARZ_1/Brats18_CBICA_ARZ_1_seg.nii.gz,/home/feiner/datasets/BraTS_2018/preprocessed/HGG/Brats18_CBICA_ARZ_1/Brats18_CBICA_ARZ_1_brain_mask.nii.gz,/home/feiner/datasets/BraTS_2018/preprocessed/HGG/Brats18_CBICA_ARZ_1/Brats18_CBICA_ARZ_1_flair.nii.gz,/home/feiner/datasets/BraTS_2018/preprocessed/HGG/Brats18_CBICA_ARZ_1/Brats18_CBICA_ARZ_1_t1.nii.gz,/home/feiner/datasets/BraTS_2018/preprocessed/HGG/Brats18_CBICA_ARZ_1/Brats18_CBICA_ARZ_1_t1ce.nii.gz,/home/feiner/datasets/BraTS_2018/preprocessed/HGG/Brats18_CBICA_ARZ_1/Brats18_CBICA_ARZ_1_t2.nii.gz
HGG/Brats18_CBICA_ASA_1/Brats18_CBICA_ASA_1,/home/feiner/datasets/BraTS_2018/preprocessed/HGG/Brats18_CBICA_ASA_1/Brats18_CBICA_ASA_1_seg.nii.gz,/home/feiner/datasets/BraTS_2018/preprocessed/HGG/Brats18_CBICA_ASA_1/Brats18_CBICA_ASA_1_brain_mask.nii.gz,/home/feiner/datasets/BraTS_2018/preprocessed/HGG/Brats18_CBICA_ASA_1/Brats18_CBICA_ASA_1_flair.nii.gz,/home/feiner/datasets/BraTS_2018/preprocessed/HGG/Brats18_CBICA_ASA_1/Brats18_CBICA_ASA_1_t1.nii.gz,/home/feiner/datasets/BraTS_2018/preprocessed/HGG/Brats18_CBICA_ASA_1/Brats18_CBICA_ASA_1_t1ce.nii.gz,/home/feiner/datasets/BraTS_2018/preprocessed/HGG/Brats18_CBICA_ASA_1/Brats18_CBICA_ASA_1_t2.nii.gz
HGG/Brats18_CBICA_ASE_1/Brats18_CBICA_ASE_1,/home/feiner/datasets/BraTS_2018/preprocessed/HGG/Brats18_CBICA_ASE_1/Brats18_CBICA_ASE_1_seg.nii.gz,/home/feiner/datasets/BraTS_2018/preprocessed/HGG/Brats18_CBICA_ASE_1/Brats18_CBICA_ASE_1_brain_mask.nii.gz,/home/feiner/datasets/BraTS_2018/preprocessed/HGG/Brats18_CBICA_ASE_1/Brats18_CBICA_ASE_1_flair.nii.gz,/home/feiner/datasets/BraTS_2018/preprocessed/HGG/Brats18_CBICA_ASE_1/Brats18_CBICA_ASE_1_t1.nii.gz,/home/feiner/datasets/BraTS_2018/preprocessed/HGG/Brats18_CBICA_ASE_1/Brats18_CBICA_ASE_1_t1ce.nii.gz,/home/feiner/datasets/BraTS_2018/preprocessed/HGG/Brats18_CBICA_ASE_1/Brats18_CBICA_ASE_1_t2.nii.gz
HGG/Brats18_CBICA_ASH_1/Brats18_CBICA_ASH_1,/home/feiner/datasets/BraTS_2018/preprocessed/HGG/Brats18_CBICA_ASH_1/Brats18_CBICA_ASH_1_seg.nii.gz,/home/feiner/datasets/BraTS_2018/preprocessed/HGG/Brats18_CBICA_ASH_1/Brats18_CBICA_ASH_1_brain_mask.nii.gz,/home/feiner/datasets/BraTS_2018/preprocessed/HGG/Brats18_CBICA_ASH_1/Brats18_CBICA_ASH_1_flair.nii.gz,/home/feiner/datasets/BraTS_2018/preprocessed/HGG/Brats18_CBICA_ASH_1/Brats18_CBICA_ASH_1_t1.nii.gz,/home/feiner/datasets/BraTS_2018/preprocessed/HGG/Brats18_CBICA_ASH_1/Brats18_CBICA_ASH_1_t1ce.nii.gz,/home/feiner/datasets/BraTS_2018/preprocessed/HGG/Brats18_CBICA_ASH_1/Brats18_CBICA_ASH_1_t2.nii.gz
HGG/Brats18_CBICA_ASO_1/Brats18_CBICA_ASO_1,/home/feiner/datasets/BraTS_2018/preprocessed/HGG/Brats18_CBICA_ASO_1/Brats18_CBICA_ASO_1_seg.nii.gz,/home/feiner/datasets/BraTS_2018/preprocessed/HGG/Brats18_CBICA_ASO_1/Brats18_CBICA_ASO_1_brain_mask.nii.gz,/home/feiner/datasets/BraTS_2018/preprocessed/HGG/Brats18_CBICA_ASO_1/Brats18_CBICA_ASO_1_flair.nii.gz,/home/feiner/datasets/BraTS_2018/preprocessed/HGG/Brats18_CBICA_ASO_1/Brats18_CBICA_ASO_1_t1.nii.gz,/home/feiner/datasets/BraTS_2018/preprocessed/HGG/Brats18_CBICA_ASO_1/Brats18_CBICA_ASO_1_t1ce.nii.gz,/home/feiner/datasets/BraTS_2018/preprocessed/HGG/Brats18_CBICA_ASO_1/Brats18_CBICA_ASO_1_t2.nii.gz
HGG/Brats18_CBICA_ASU_1/Brats18_CBICA_ASU_1,/home/feiner/datasets/BraTS_2018/preprocessed/HGG/Brats18_CBICA_ASU_1/Brats18_CBICA_ASU_1_seg.nii.gz,/home/feiner/datasets/BraTS_2018/preprocessed/HGG/Brats18_CBICA_ASU_1/Brats18_CBICA_ASU_1_brain_mask.nii.gz,/home/feiner/datasets/BraTS_2018/preprocessed/HGG/Brats18_CBICA_ASU_1/Brats18_CBICA_ASU_1_flair.nii.gz,/home/feiner/datasets/BraTS_2018/preprocessed/HGG/Brats18_CBICA_ASU_1/Brats18_CBICA_ASU_1_t1.nii.gz,/home/feiner/datasets/BraTS_2018/preprocessed/HGG/Brats18_CBICA_ASU_1/Brats18_CBICA_ASU_1_t1ce.nii.gz,/home/feiner/datasets/BraTS_2018/preprocessed/HGG/Brats18_CBICA_ASU_1/Brats18_CBICA_ASU_1_t2.nii.gz
HGG/Brats18_CBICA_ATD_1/Brats18_CBICA_ATD_1,/home/feiner/datasets/BraTS_2018/preprocessed/HGG/Brats18_CBICA_ATD_1/Brats18_CBICA_ATD_1_seg.nii.gz,/home/feiner/datasets/BraTS_2018/preprocessed/HGG/Brats18_CBICA_ATD_1/Brats18_CBICA_ATD_1_brain_mask.nii.gz,/home/feiner/datasets/BraTS_2018/preprocessed/HGG/Brats18_CBICA_ATD_1/Brats18_CBICA_ATD_1_flair.nii.gz,/home/feiner/datasets/BraTS_2018/preprocessed/HGG/Brats18_CBICA_ATD_1/Brats18_CBICA_ATD_1_t1.nii.gz,/home/feiner/datasets/BraTS_2018/preprocessed/HGG/Brats18_CBICA_ATD_1/Brats18_CBICA_ATD_1_t1ce.nii.gz,/home/feiner/datasets/BraTS_2018/preprocessed/HGG/Brats18_CBICA_ATD_1/Brats18_CBICA_ATD_1_t2.nii.gz
HGG/Brats18_CBICA_ATF_1/Brats18_CBICA_ATF_1,/home/feiner/datasets/BraTS_2018/preprocessed/HGG/Brats18_CBICA_ATF_1/Brats18_CBICA_ATF_1_seg.nii.gz,/home/feiner/datasets/BraTS_2018/preprocessed/HGG/Brats18_CBICA_ATF_1/Brats18_CBICA_ATF_1_brain_mask.nii.gz,/home/feiner/datasets/BraTS_2018/preprocessed/HGG/Brats18_CBICA_ATF_1/Brats18_CBICA_ATF_1_flair.nii.gz,/home/feiner/datasets/BraTS_2018/preprocessed/HGG/Brats18_CBICA_ATF_1/Brats18_CBICA_ATF_1_t1.nii.gz,/home/feiner/datasets/BraTS_2018/preprocessed/HGG/Brats18_CBICA_ATF_1/Brats18_CBICA_ATF_1_t1ce.nii.gz,/home/feiner/datasets/BraTS_2018/preprocessed/HGG/Brats18_CBICA_ATF_1/Brats18_CBICA_ATF_1_t2.nii.gz
HGG/Brats18_CBICA_ATV_1/Brats18_CBICA_ATV_1,/home/feiner/datasets/BraTS_2018/preprocessed/HGG/Brats18_CBICA_ATV_1/Brats18_CBICA_ATV_1_seg.nii.gz,/home/feiner/datasets/BraTS_2018/preprocessed/HGG/Brats18_CBICA_ATV_1/Brats18_CBICA_ATV_1_brain_mask.nii.gz,/home/feiner/datasets/BraTS_2018/preprocessed/HGG/Brats18_CBICA_ATV_1/Brats18_CBICA_ATV_1_flair.nii.gz,/home/feiner/datasets/BraTS_2018/preprocessed/HGG/Brats18_CBICA_ATV_1/Brats18_CBICA_ATV_1_t1.nii.gz,/home/feiner/datasets/BraTS_2018/preprocessed/HGG/Brats18_CBICA_ATV_1/Brats18_CBICA_ATV_1_t1ce.nii.gz,/home/feiner/datasets/BraTS_2018/preprocessed/HGG/Brats18_CBICA_ATV_1/Brats18_CBICA_ATV_1_t2.nii.gz
HGG/Brats18_CBICA_ATX_1/Brats18_CBICA_ATX_1,/home/feiner/datasets/BraTS_2018/preprocessed/HGG/Brats18_CBICA_ATX_1/Brats18_CBICA_ATX_1_seg.nii.gz,/home/feiner/datasets/BraTS_2018/preprocessed/HGG/Brats18_CBICA_ATX_1/Brats18_CBICA_ATX_1_brain_mask.nii.gz,/home/feiner/datasets/BraTS_2018/preprocessed/HGG/Brats18_CBICA_ATX_1/Brats18_CBICA_ATX_1_flair.nii.gz,/home/feiner/datasets/BraTS_2018/preprocessed/HGG/Brats18_CBICA_ATX_1/Brats18_CBICA_ATX_1_t1.nii.gz,/home/feiner/datasets/BraTS_2018/preprocessed/HGG/Brats18_CBICA_ATX_1/Brats18_CBICA_ATX_1_t1ce.nii.gz,/home/feiner/datasets/BraTS_2018/preprocessed/HGG/Brats18_CBICA_ATX_1/Brats18_CBICA_ATX_1_t2.nii.gz
HGG/Brats18_CBICA_AUN_1/Brats18_CBICA_AUN_1,/home/feiner/datasets/BraTS_2018/preprocessed/HGG/Brats18_CBICA_AUN_1/Brats18_CBICA_AUN_1_seg.nii.gz,/home/feiner/datasets/BraTS_2018/preprocessed/HGG/Brats18_CBICA_AUN_1/Brats18_CBICA_AUN_1_brain_mask.nii.gz,/home/feiner/datasets/BraTS_2018/preprocessed/HGG/Brats18_CBICA_AUN_1/Brats18_CBICA_AUN_1_flair.nii.gz,/home/feiner/datasets/BraTS_2018/preprocessed/HGG/Brats18_CBICA_AUN_1/Brats18_CBICA_AUN_1_t1.nii.gz,/home/feiner/datasets/BraTS_2018/preprocessed/HGG/Brats18_CBICA_AUN_1/Brats18_CBICA_AUN_1_t1ce.nii.gz,/home/feiner/datasets/BraTS_2018/preprocessed/HGG/Brats18_CBICA_AUN_1/Brats18_CBICA_AUN_1_t2.nii.gz
HGG/Brats18_CBICA_AVG_1/Brats18_CBICA_AVG_1,/home/feiner/datasets/BraTS_2018/preprocessed/HGG/Brats18_CBICA_AVG_1/Brats18_CBICA_AVG_1_seg.nii.gz,/home/feiner/datasets/BraTS_2018/preprocessed/HGG/Brats18_CBICA_AVG_1/Brats18_CBICA_AVG_1_brain_mask.nii.gz,/home/feiner/datasets/BraTS_2018/preprocessed/HGG/Brats18_CBICA_AVG_1/Brats18_CBICA_AVG_1_flair.nii.gz,/home/feiner/datasets/BraTS_2018/preprocessed/HGG/Brats18_CBICA_AVG_1/Brats18_CBICA_AVG_1_t1.nii.gz,/home/feiner/datasets/BraTS_2018/preprocessed/HGG/Brats18_CBICA_AVG_1/Brats18_CBICA_AVG_1_t1ce.nii.gz,/home/feiner/datasets/BraTS_2018/preprocessed/HGG/Brats18_CBICA_AVG_1/Brats18_CBICA_AVG_1_t2.nii.gz
HGG/Brats18_CBICA_AWG_1/Brats18_CBICA_AWG_1,/home/feiner/datasets/BraTS_2018/preprocessed/HGG/Brats18_CBICA_AWG_1/Brats18_CBICA_AWG_1_seg.nii.gz,/home/feiner/datasets/BraTS_2018/preprocessed/HGG/Brats18_CBICA_AWG_1/Brats18_CBICA_AWG_1_brain_mask.nii.gz,/home/feiner/datasets/BraTS_2018/preprocessed/HGG/Brats18_CBICA_AWG_1/Brats18_CBICA_AWG_1_flair.nii.gz,/home/feiner/datasets/BraTS_2018/preprocessed/HGG/Brats18_CBICA_AWG_1/Brats18_CBICA_AWG_1_t1.nii.gz,/home/feiner/datasets/BraTS_2018/preprocessed/HGG/Brats18_CBICA_AWG_1/Brats18_CBICA_AWG_1_t1ce.nii.gz,/home/feiner/datasets/BraTS_2018/preprocessed/HGG/Brats18_CBICA_AWG_1/Brats18_CBICA_AWG_1_t2.nii.gz
HGG/Brats18_CBICA_AWI_1/Brats18_CBICA_AWI_1,/home/feiner/datasets/BraTS_2018/preprocessed/HGG/Brats18_CBICA_AWI_1/Brats18_CBICA_AWI_1_seg.nii.gz,/home/feiner/datasets/BraTS_2018/preprocessed/HGG/Brats18_CBICA_AWI_1/Brats18_CBICA_AWI_1_brain_mask.nii.gz,/home/feiner/datasets/BraTS_2018/preprocessed/HGG/Brats18_CBICA_AWI_1/Brats18_CBICA_AWI_1_flair.nii.gz,/home/feiner/datasets/BraTS_2018/preprocessed/HGG/Brats18_CBICA_AWI_1/Brats18_CBICA_AWI_1_t1.nii.gz,/home/feiner/datasets/BraTS_2018/preprocessed/HGG/Brats18_CBICA_AWI_1/Brats18_CBICA_AWI_1_t1ce.nii.gz,/home/feiner/datasets/BraTS_2018/preprocessed/HGG/Brats18_CBICA_AWI_1/Brats18_CBICA_AWI_1_t2.nii.gz
HGG/Brats18_CBICA_AXJ_1/Brats18_CBICA_AXJ_1,/home/feiner/datasets/BraTS_2018/preprocessed/HGG/Brats18_CBICA_AXJ_1/Brats18_CBICA_AXJ_1_seg.nii.gz,/home/feiner/datasets/BraTS_2018/preprocessed/HGG/Brats18_CBICA_AXJ_1/Brats18_CBICA_AXJ_1_brain_mask.nii.gz,/home/feiner/datasets/BraTS_2018/preprocessed/HGG/Brats18_CBICA_AXJ_1/Brats18_CBICA_AXJ_1_flair.nii.gz,/home/feiner/datasets/BraTS_2018/preprocessed/HGG/Brats18_CBICA_AXJ_1/Brats18_CBICA_AXJ_1_t1.nii.gz,/home/feiner/datasets/BraTS_2018/preprocessed/HGG/Brats18_CBICA_AXJ_1/Brats18_CBICA_AXJ_1_t1ce.nii.gz,/home/feiner/datasets/BraTS_2018/preprocessed/HGG/Brats18_CBICA_AXJ_1/Brats18_CBICA_AXJ_1_t2.nii.gz
HGG/Brats18_CBICA_AXL_1/Brats18_CBICA_AXL_1,/home/feiner/datasets/BraTS_2018/preprocessed/HGG/Brats18_CBICA_AXL_1/Brats18_CBICA_AXL_1_seg.nii.gz,/home/feiner/datasets/BraTS_2018/preprocessed/HGG/Brats18_CBICA_AXL_1/Brats18_CBICA_AXL_1_brain_mask.nii.gz,/home/feiner/datasets/BraTS_2018/preprocessed/HGG/Brats18_CBICA_AXL_1/Brats18_CBICA_AXL_1_flair.nii.gz,/home/feiner/datasets/BraTS_2018/preprocessed/HGG/Brats18_CBICA_AXL_1/Brats18_CBICA_AXL_1_t1.nii.gz,/home/feiner/datasets/BraTS_2018/preprocessed/HGG/Brats18_CBICA_AXL_1/Brats18_CBICA_AXL_1_t1ce.nii.gz,/home/feiner/datasets/BraTS_2018/preprocessed/HGG/Brats18_CBICA_AXL_1/Brats18_CBICA_AXL_1_t2.nii.gz
HGG/Brats18_CBICA_AXM_1/Brats18_CBICA_AXM_1,/home/feiner/datasets/BraTS_2018/preprocessed/HGG/Brats18_CBICA_AXM_1/Brats18_CBICA_AXM_1_seg.nii.gz,/home/feiner/datasets/BraTS_2018/preprocessed/HGG/Brats18_CBICA_AXM_1/Brats18_CBICA_AXM_1_brain_mask.nii.gz,/home/feiner/datasets/BraTS_2018/preprocessed/HGG/Brats18_CBICA_AXM_1/Brats18_CBICA_AXM_1_flair.nii.gz,/home/feiner/datasets/BraTS_2018/preprocessed/HGG/Brats18_CBICA_AXM_1/Brats18_CBICA_AXM_1_t1.nii.gz,/home/feiner/datasets/BraTS_2018/preprocessed/HGG/Brats18_CBICA_AXM_1/Brats18_CBICA_AXM_1_t1ce.nii.gz,/home/feiner/datasets/BraTS_2018/preprocessed/HGG/Brats18_CBICA_AXM_1/Brats18_CBICA_AXM_1_t2.nii.gz
HGG/Brats18_CBICA_AXN_1/Brats18_CBICA_AXN_1,/home/feiner/datasets/BraTS_2018/preprocessed/HGG/Brats18_CBICA_AXN_1/Brats18_CBICA_AXN_1_seg.nii.gz,/home/feiner/datasets/BraTS_2018/preprocessed/HGG/Brats18_CBICA_AXN_1/Brats18_CBICA_AXN_1_brain_mask.nii.gz,/home/feiner/datasets/BraTS_2018/preprocessed/HGG/Brats18_CBICA_AXN_1/Brats18_CBICA_AXN_1_flair.nii.gz,/home/feiner/datasets/BraTS_2018/preprocessed/HGG/Brats18_CBICA_AXN_1/Brats18_CBICA_AXN_1_t1.nii.gz,/home/feiner/datasets/BraTS_2018/preprocessed/HGG/Brats18_CBICA_AXN_1/Brats18_CBICA_AXN_1_t1ce.nii.gz,/home/feiner/datasets/BraTS_2018/preprocessed/HGG/Brats18_CBICA_AXN_1/Brats18_CBICA_AXN_1_t2.nii.gz
HGG/Brats18_CBICA_AXO_1/Brats18_CBICA_AXO_1,/home/feiner/datasets/BraTS_2018/preprocessed/HGG/Brats18_CBICA_AXO_1/Brats18_CBICA_AXO_1_seg.nii.gz,/home/feiner/datasets/BraTS_2018/preprocessed/HGG/Brats18_CBICA_AXO_1/Brats18_CBICA_AXO_1_brain_mask.nii.gz,/home/feiner/datasets/BraTS_2018/preprocessed/HGG/Brats18_CBICA_AXO_1/Brats18_CBICA_AXO_1_flair.nii.gz,/home/feiner/datasets/BraTS_2018/preprocessed/HGG/Brats18_CBICA_AXO_1/Brats18_CBICA_AXO_1_t1.nii.gz,/home/feiner/datasets/BraTS_2018/preprocessed/HGG/Brats18_CBICA_AXO_1/Brats18_CBICA_AXO_1_t1ce.nii.gz,/home/feiner/datasets/BraTS_2018/preprocessed/HGG/Brats18_CBICA_AXO_1/Brats18_CBICA_AXO_1_t2.nii.gz
HGG/Brats18_CBICA_AXQ_1/Brats18_CBICA_AXQ_1,/home/feiner/datasets/BraTS_2018/preprocessed/HGG/Brats18_CBICA_AXQ_1/Brats18_CBICA_AXQ_1_seg.nii.gz,/home/feiner/datasets/BraTS_2018/preprocessed/HGG/Brats18_CBICA_AXQ_1/Brats18_CBICA_AXQ_1_brain_mask.nii.gz,/home/feiner/datasets/BraTS_2018/preprocessed/HGG/Brats18_CBICA_AXQ_1/Brats18_CBICA_AXQ_1_flair.nii.gz,/home/feiner/datasets/BraTS_2018/preprocessed/HGG/Brats18_CBICA_AXQ_1/Brats18_CBICA_AXQ_1_t1.nii.gz,/home/feiner/datasets/BraTS_2018/preprocessed/HGG/Brats18_CBICA_AXQ_1/Brats18_CBICA_AXQ_1_t1ce.nii.gz,/home/feiner/datasets/BraTS_2018/preprocessed/HGG/Brats18_CBICA_AXQ_1/Brats18_CBICA_AXQ_1_t2.nii.gz
HGG/Brats18_CBICA_AYI_1/Brats18_CBICA_AYI_1,/home/feiner/datasets/BraTS_2018/preprocessed/HGG/Brats18_CBICA_AYI_1/Brats18_CBICA_AYI_1_seg.nii.gz,/home/feiner/datasets/BraTS_2018/preprocessed/HGG/Brats18_CBICA_AYI_1/Brats18_CBICA_AYI_1_brain_mask.nii.gz,/home/feiner/datasets/BraTS_2018/preprocessed/HGG/Brats18_CBICA_AYI_1/Brats18_CBICA_AYI_1_flair.nii.gz,/home/feiner/datasets/BraTS_2018/preprocessed/HGG/Brats18_CBICA_AYI_1/Brats18_CBICA_AYI_1_t1.nii.gz,/home/feiner/datasets/BraTS_2018/preprocessed/HGG/Brats18_CBICA_AYI_1/Brats18_CBICA_AYI_1_t1ce.nii.gz,/home/feiner/datasets/BraTS_2018/preprocessed/HGG/Brats18_CBICA_AYI_1/Brats18_CBICA_AYI_1_t2.nii.gz
HGG/Brats18_CBICA_AYU_1/Brats18_CBICA_AYU_1,/home/feiner/datasets/BraTS_2018/preprocessed/HGG/Brats18_CBICA_AYU_1/Brats18_CBICA_AYU_1_seg.nii.gz,/home/feiner/datasets/BraTS_2018/preprocessed/HGG/Brats18_CBICA_AYU_1/Brats18_CBICA_AYU_1_brain_mask.nii.gz,/home/feiner/datasets/BraTS_2018/preprocessed/HGG/Brats18_CBICA_AYU_1/Brats18_CBICA_AYU_1_flair.nii.gz,/home/feiner/datasets/BraTS_2018/preprocessed/HGG/Brats18_CBICA_AYU_1/Brats18_CBICA_AYU_1_t1.nii.gz,/home/feiner/datasets/BraTS_2018/preprocessed/HGG/Brats18_CBICA_AYU_1/Brats18_CBICA_AYU_1_t1ce.nii.gz,/home/feiner/datasets/BraTS_2018/preprocessed/HGG/Brats18_CBICA_AYU_1/Brats18_CBICA_AYU_1_t2.nii.gz
HGG/Brats18_CBICA_AYW_1/Brats18_CBICA_AYW_1,/home/feiner/datasets/BraTS_2018/preprocessed/HGG/Brats18_CBICA_AYW_1/Brats18_CBICA_AYW_1_seg.nii.gz,/home/feiner/datasets/BraTS_2018/preprocessed/HGG/Brats18_CBICA_AYW_1/Brats18_CBICA_AYW_1_brain_mask.nii.gz,/home/feiner/datasets/BraTS_2018/preprocessed/HGG/Brats18_CBICA_AYW_1/Brats18_CBICA_AYW_1_flair.nii.gz,/home/feiner/datasets/BraTS_2018/preprocessed/HGG/Brats18_CBICA_AYW_1/Brats18_CBICA_AYW_1_t1.nii.gz,/home/feiner/datasets/BraTS_2018/preprocessed/HGG/Brats18_CBICA_AYW_1/Brats18_CBICA_AYW_1_t1ce.nii.gz,/home/feiner/datasets/BraTS_2018/preprocessed/HGG/Brats18_CBICA_AYW_1/Brats18_CBICA_AYW_1_t2.nii.gz
HGG/Brats18_CBICA_AZH_1/Brats18_CBICA_AZH_1,/home/feiner/datasets/BraTS_2018/preprocessed/HGG/Brats18_CBICA_AZH_1/Brats18_CBICA_AZH_1_seg.nii.gz,/home/feiner/datasets/BraTS_2018/preprocessed/HGG/Brats18_CBICA_AZH_1/Brats18_CBICA_AZH_1_brain_mask.nii.gz,/home/feiner/datasets/BraTS_2018/preprocessed/HGG/Brats18_CBICA_AZH_1/Brats18_CBICA_AZH_1_flair.nii.gz,/home/feiner/datasets/BraTS_2018/preprocessed/HGG/Brats18_CBICA_AZH_1/Brats18_CBICA_AZH_1_t1.nii.gz,/home/feiner/datasets/BraTS_2018/preprocessed/HGG/Brats18_CBICA_AZH_1/Brats18_CBICA_AZH_1_t1ce.nii.gz,/home/feiner/datasets/BraTS_2018/preprocessed/HGG/Brats18_CBICA_AZH_1/Brats18_CBICA_AZH_1_t2.nii.gz
HGG/Brats18_CBICA_BFB_1/Brats18_CBICA_BFB_1,/home/feiner/datasets/BraTS_2018/preprocessed/HGG/Brats18_CBICA_BFB_1/Brats18_CBICA_BFB_1_seg.nii.gz,/home/feiner/datasets/BraTS_2018/preprocessed/HGG/Brats18_CBICA_BFB_1/Brats18_CBICA_BFB_1_brain_mask.nii.gz,/home/feiner/datasets/BraTS_2018/preprocessed/HGG/Brats18_CBICA_BFB_1/Brats18_CBICA_BFB_1_flair.nii.gz,/home/feiner/datasets/BraTS_2018/preprocessed/HGG/Brats18_CBICA_BFB_1/Brats18_CBICA_BFB_1_t1.nii.gz,/home/feiner/datasets/BraTS_2018/preprocessed/HGG/Brats18_CBICA_BFB_1/Brats18_CBICA_BFB_1_t1ce.nii.gz,/home/feiner/datasets/BraTS_2018/preprocessed/HGG/Brats18_CBICA_BFB_1/Brats18_CBICA_BFB_1_t2.nii.gz
HGG/Brats18_CBICA_BFP_1/Brats18_CBICA_BFP_1,/home/feiner/datasets/BraTS_2018/preprocessed/HGG/Brats18_CBICA_BFP_1/Brats18_CBICA_BFP_1_seg.nii.gz,/home/feiner/datasets/BraTS_2018/preprocessed/HGG/Brats18_CBICA_BFP_1/Brats18_CBICA_BFP_1_brain_mask.nii.gz,/home/feiner/datasets/BraTS_2018/preprocessed/HGG/Brats18_CBICA_BFP_1/Brats18_CBICA_BFP_1_flair.nii.gz,/home/feiner/datasets/BraTS_2018/preprocessed/HGG/Brats18_CBICA_BFP_1/Brats18_CBICA_BFP_1_t1.nii.gz,/home/feiner/datasets/BraTS_2018/preprocessed/HGG/Brats18_CBICA_BFP_1/Brats18_CBICA_BFP_1_t1ce.nii.gz,/home/feiner/datasets/BraTS_2018/preprocessed/HGG/Brats18_CBICA_BFP_1/Brats18_CBICA_BFP_1_t2.nii.gz
HGG/Brats18_CBICA_BHK_1/Brats18_CBICA_BHK_1,/home/feiner/datasets/BraTS_2018/preprocessed/HGG/Brats18_CBICA_BHK_1/Brats18_CBICA_BHK_1_seg.nii.gz,/home/feiner/datasets/BraTS_2018/preprocessed/HGG/Brats18_CBICA_BHK_1/Brats18_CBICA_BHK_1_brain_mask.nii.gz,/home/feiner/datasets/BraTS_2018/preprocessed/HGG/Brats18_CBICA_BHK_1/Brats18_CBICA_BHK_1_flair.nii.gz,/home/feiner/datasets/BraTS_2018/preprocessed/HGG/Brats18_CBICA_BHK_1/Brats18_CBICA_BHK_1_t1.nii.gz,/home/feiner/datasets/BraTS_2018/preprocessed/HGG/Brats18_CBICA_BHK_1/Brats18_CBICA_BHK_1_t1ce.nii.gz,/home/feiner/datasets/BraTS_2018/preprocessed/HGG/Brats18_CBICA_BHK_1/Brats18_CBICA_BHK_1_t2.nii.gz
HGG/Brats18_CBICA_BHM_1/Brats18_CBICA_BHM_1,/home/feiner/datasets/BraTS_2018/preprocessed/HGG/Brats18_CBICA_BHM_1/Brats18_CBICA_BHM_1_seg.nii.gz,/home/feiner/datasets/BraTS_2018/preprocessed/HGG/Brats18_CBICA_BHM_1/Brats18_CBICA_BHM_1_brain_mask.nii.gz,/home/feiner/datasets/BraTS_2018/preprocessed/HGG/Brats18_CBICA_BHM_1/Brats18_CBICA_BHM_1_flair.nii.gz,/home/feiner/datasets/BraTS_2018/preprocessed/HGG/Brats18_CBICA_BHM_1/Brats18_CBICA_BHM_1_t1.nii.gz,/home/feiner/datasets/BraTS_2018/preprocessed/HGG/Brats18_CBICA_BHM_1/Brats18_CBICA_BHM_1_t1ce.nii.gz,/home/feiner/datasets/BraTS_2018/preprocessed/HGG/Brats18_CBICA_BHM_1/Brats18_CBICA_BHM_1_t2.nii.gz
HGG/Brats18_TCIA01_150_1/Brats18_TCIA01_150_1,/home/feiner/datasets/BraTS_2018/preprocessed/HGG/Brats18_TCIA01_150_1/Brats18_TCIA01_150_1_seg.nii.gz,/home/feiner/datasets/BraTS_2018/preprocessed/HGG/Brats18_TCIA01_150_1/Brats18_TCIA01_150_1_brain_mask.nii.gz,/home/feiner/datasets/BraTS_2018/preprocessed/HGG/Brats18_TCIA01_150_1/Brats18_TCIA01_150_1_flair.nii.gz,/home/feiner/datasets/BraTS_2018/preprocessed/HGG/Brats18_TCIA01_150_1/Brats18_TCIA01_150_1_t1.nii.gz,/home/feiner/datasets/BraTS_2018/preprocessed/HGG/Brats18_TCIA01_150_1/Brats18_TCIA01_150_1_t1ce.nii.gz,/home/feiner/datasets/BraTS_2018/preprocessed/HGG/Brats18_TCIA01_150_1/Brats18_TCIA01_150_1_t2.nii.gz
HGG/Brats18_TCIA01_186_1/Brats18_TCIA01_186_1,/home/feiner/datasets/BraTS_2018/preprocessed/HGG/Brats18_TCIA01_186_1/Brats18_TCIA01_186_1_seg.nii.gz,/home/feiner/datasets/BraTS_2018/preprocessed/HGG/Brats18_TCIA01_186_1/Brats18_TCIA01_186_1_brain_mask.nii.gz,/home/feiner/datasets/BraTS_2018/preprocessed/HGG/Brats18_TCIA01_186_1/Brats18_TCIA01_186_1_flair.nii.gz,/home/feiner/datasets/BraTS_2018/preprocessed/HGG/Brats18_TCIA01_186_1/Brats18_TCIA01_186_1_t1.nii.gz,/home/feiner/datasets/BraTS_2018/preprocessed/HGG/Brats18_TCIA01_186_1/Brats18_TCIA01_186_1_t1ce.nii.gz,/home/feiner/datasets/BraTS_2018/preprocessed/HGG/Brats18_TCIA01_186_1/Brats18_TCIA01_186_1_t2.nii.gz
HGG/Brats18_TCIA01_201_1/Brats18_TCIA01_201_1,/home/feiner/datasets/BraTS_2018/preprocessed/HGG/Brats18_TCIA01_201_1/Brats18_TCIA01_201_1_seg.nii.gz,/home/feiner/datasets/BraTS_2018/preprocessed/HGG/Brats18_TCIA01_201_1/Brats18_TCIA01_201_1_brain_mask.nii.gz,/home/feiner/datasets/BraTS_2018/preprocessed/HGG/Brats18_TCIA01_201_1/Brats18_TCIA01_201_1_flair.nii.gz,/home/feiner/datasets/BraTS_2018/preprocessed/HGG/Brats18_TCIA01_201_1/Brats18_TCIA01_201_1_t1.nii.gz,/home/feiner/datasets/BraTS_2018/preprocessed/HGG/Brats18_TCIA01_201_1/Brats18_TCIA01_201_1_t1ce.nii.gz,/home/feiner/datasets/BraTS_2018/preprocessed/HGG/Brats18_TCIA01_201_1/Brats18_TCIA01_201_1_t2.nii.gz
HGG/Brats18_TCIA01_203_1/Brats18_TCIA01_203_1,/home/feiner/datasets/BraTS_2018/preprocessed/HGG/Brats18_TCIA01_203_1/Brats18_TCIA01_203_1_seg.nii.gz,/home/feiner/datasets/BraTS_2018/preprocessed/HGG/Brats18_TCIA01_203_1/Brats18_TCIA01_203_1_brain_mask.nii.gz,/home/feiner/datasets/BraTS_2018/preprocessed/HGG/Brats18_TCIA01_203_1/Brats18_TCIA01_203_1_flair.nii.gz,/home/feiner/datasets/BraTS_2018/preprocessed/HGG/Brats18_TCIA01_203_1/Brats18_TCIA01_203_1_t1.nii.gz,/home/feiner/datasets/BraTS_2018/preprocessed/HGG/Brats18_TCIA01_203_1/Brats18_TCIA01_203_1_t1ce.nii.gz,/home/feiner/datasets/BraTS_2018/preprocessed/HGG/Brats18_TCIA01_203_1/Brats18_TCIA01_203_1_t2.nii.gz
HGG/Brats18_TCIA01_221_1/Brats18_TCIA01_221_1,/home/feiner/datasets/BraTS_2018/preprocessed/HGG/Brats18_TCIA01_221_1/Brats18_TCIA01_221_1_seg.nii.gz,/home/feiner/datasets/BraTS_2018/preprocessed/HGG/Brats18_TCIA01_221_1/Brats18_TCIA01_221_1_brain_mask.nii.gz,/home/feiner/datasets/BraTS_2018/preprocessed/HGG/Brats18_TCIA01_221_1/Brats18_TCIA01_221_1_flair.nii.gz,/home/feiner/datasets/BraTS_2018/preprocessed/HGG/Brats18_TCIA01_221_1/Brats18_TCIA01_221_1_t1.nii.gz,/home/feiner/datasets/BraTS_2018/preprocessed/HGG/Brats18_TCIA01_221_1/Brats18_TCIA01_221_1_t1ce.nii.gz,/home/feiner/datasets/BraTS_2018/preprocessed/HGG/Brats18_TCIA01_221_1/Brats18_TCIA01_221_1_t2.nii.gz
HGG/Brats18_TCIA01_231_1/Brats18_TCIA01_231_1,/home/feiner/datasets/BraTS_2018/preprocessed/HGG/Brats18_TCIA01_231_1/Brats18_TCIA01_231_1_seg.nii.gz,/home/feiner/datasets/BraTS_2018/preprocessed/HGG/Brats18_TCIA01_231_1/Brats18_TCIA01_231_1_brain_mask.nii.gz,/home/feiner/datasets/BraTS_2018/preprocessed/HGG/Brats18_TCIA01_231_1/Brats18_TCIA01_231_1_flair.nii.gz,/home/feiner/datasets/BraTS_2018/preprocessed/HGG/Brats18_TCIA01_231_1/Brats18_TCIA01_231_1_t1.nii.gz,/home/feiner/datasets/BraTS_2018/preprocessed/HGG/Brats18_TCIA01_231_1/Brats18_TCIA01_231_1_t1ce.nii.gz,/home/feiner/datasets/BraTS_2018/preprocessed/HGG/Brats18_TCIA01_231_1/Brats18_TCIA01_231_1_t2.nii.gz
HGG/Brats18_TCIA01_235_1/Brats18_TCIA01_235_1,/home/feiner/datasets/BraTS_2018/preprocessed/HGG/Brats18_TCIA01_235_1/Brats18_TCIA01_235_1_seg.nii.gz,/home/feiner/datasets/BraTS_2018/preprocessed/HGG/Brats18_TCIA01_235_1/Brats18_TCIA01_235_1_brain_mask.nii.gz,/home/feiner/datasets/BraTS_2018/preprocessed/HGG/Brats18_TCIA01_235_1/Brats18_TCIA01_235_1_flair.nii.gz,/home/feiner/datasets/BraTS_2018/preprocessed/HGG/Brats18_TCIA01_235_1/Brats18_TCIA01_235_1_t1.nii.gz,/home/feiner/datasets/BraTS_2018/preprocessed/HGG/Brats18_TCIA01_235_1/Brats18_TCIA01_235_1_t1ce.nii.gz,/home/feiner/datasets/BraTS_2018/preprocessed/HGG/Brats18_TCIA01_235_1/Brats18_TCIA01_235_1_t2.nii.gz
HGG/Brats18_TCIA01_378_1/Brats18_TCIA01_378_1,/home/feiner/datasets/BraTS_2018/preprocessed/HGG/Brats18_TCIA01_378_1/Brats18_TCIA01_378_1_seg.nii.gz,/home/feiner/datasets/BraTS_2018/preprocessed/HGG/Brats18_TCIA01_378_1/Brats18_TCIA01_378_1_brain_mask.nii.gz,/home/feiner/datasets/BraTS_2018/preprocessed/HGG/Brats18_TCIA01_378_1/Brats18_TCIA01_378_1_flair.nii.gz,/home/feiner/datasets/BraTS_2018/preprocessed/HGG/Brats18_TCIA01_378_1/Brats18_TCIA01_378_1_t1.nii.gz,/home/feiner/datasets/BraTS_2018/preprocessed/HGG/Brats18_TCIA01_378_1/Brats18_TCIA01_378_1_t1ce.nii.gz,/home/feiner/datasets/BraTS_2018/preprocessed/HGG/Brats18_TCIA01_378_1/Brats18_TCIA01_378_1_t2.nii.gz
HGG/Brats18_TCIA01_401_1/Brats18_TCIA01_401_1,/home/feiner/datasets/BraTS_2018/preprocessed/HGG/Brats18_TCIA01_401_1/Brats18_TCIA01_401_1_seg.nii.gz,/home/feiner/datasets/BraTS_2018/preprocessed/HGG/Brats18_TCIA01_401_1/Brats18_TCIA01_401_1_brain_mask.nii.gz,/home/feiner/datasets/BraTS_2018/preprocessed/HGG/Brats18_TCIA01_401_1/Brats18_TCIA01_401_1_flair.nii.gz,/home/feiner/datasets/BraTS_2018/preprocessed/HGG/Brats18_TCIA01_401_1/Brats18_TCIA01_401_1_t1.nii.gz,/home/feiner/datasets/BraTS_2018/preprocessed/HGG/Brats18_TCIA01_401_1/Brats18_TCIA01_401_1_t1ce.nii.gz,/home/feiner/datasets/BraTS_2018/preprocessed/HGG/Brats18_TCIA01_401_1/Brats18_TCIA01_401_1_t2.nii.gz
HGG/Brats18_TCIA01_411_1/Brats18_TCIA01_411_1,/home/feiner/datasets/BraTS_2018/preprocessed/HGG/Brats18_TCIA01_411_1/Brats18_TCIA01_411_1_seg.nii.gz,/home/feiner/datasets/BraTS_2018/preprocessed/HGG/Brats18_TCIA01_411_1/Brats18_TCIA01_411_1_brain_mask.nii.gz,/home/feiner/datasets/BraTS_2018/preprocessed/HGG/Brats18_TCIA01_411_1/Brats18_TCIA01_411_1_flair.nii.gz,/home/feiner/datasets/BraTS_2018/preprocessed/HGG/Brats18_TCIA01_411_1/Brats18_TCIA01_411_1_t1.nii.gz,/home/feiner/datasets/BraTS_2018/preprocessed/HGG/Brats18_TCIA01_411_1/Brats18_TCIA01_411_1_t1ce.nii.gz,/home/feiner/datasets/BraTS_2018/preprocessed/HGG/Brats18_TCIA01_411_1/Brats18_TCIA01_411_1_t2.nii.gz
HGG/Brats18_TCIA01_412_1/Brats18_TCIA01_412_1,/home/feiner/datasets/BraTS_2018/preprocessed/HGG/Brats18_TCIA01_412_1/Brats18_TCIA01_412_1_seg.nii.gz,/home/feiner/datasets/BraTS_2018/preprocessed/HGG/Brats18_TCIA01_412_1/Brats18_TCIA01_412_1_brain_mask.nii.gz,/home/feiner/datasets/BraTS_2018/preprocessed/HGG/Brats18_TCIA01_412_1/Brats18_TCIA01_412_1_flair.nii.gz,/home/feiner/datasets/BraTS_2018/preprocessed/HGG/Brats18_TCIA01_412_1/Brats18_TCIA01_412_1_t1.nii.gz,/home/feiner/datasets/BraTS_2018/preprocessed/HGG/Brats18_TCIA01_412_1/Brats18_TCIA01_412_1_t1ce.nii.gz,/home/feiner/datasets/BraTS_2018/preprocessed/HGG/Brats18_TCIA01_412_1/Brats18_TCIA01_412_1_t2.nii.gz
HGG/Brats18_TCIA01_425_1/Brats18_TCIA01_425_1,/home/feiner/datasets/BraTS_2018/preprocessed/HGG/Brats18_TCIA01_425_1/Brats18_TCIA01_425_1_seg.nii.gz,/home/feiner/datasets/BraTS_2018/preprocessed/HGG/Brats18_TCIA01_425_1/Brats18_TCIA01_425_1_brain_mask.nii.gz,/home/feiner/datasets/BraTS_2018/preprocessed/HGG/Brats18_TCIA01_425_1/Brats18_TCIA01_425_1_flair.nii.gz,/home/feiner/datasets/BraTS_2018/preprocessed/HGG/Brats18_TCIA01_425_1/Brats18_TCIA01_425_1_t1.nii.gz,/home/feiner/datasets/BraTS_2018/preprocessed/HGG/Brats18_TCIA01_425_1/Brats18_TCIA01_425_1_t1ce.nii.gz,/home/feiner/datasets/BraTS_2018/preprocessed/HGG/Brats18_TCIA01_425_1/Brats18_TCIA01_425_1_t2.nii.gz
HGG/Brats18_TCIA01_448_1/Brats18_TCIA01_448_1,/home/feiner/datasets/BraTS_2018/preprocessed/HGG/Brats18_TCIA01_448_1/Brats18_TCIA01_448_1_seg.nii.gz,/home/feiner/datasets/BraTS_2018/preprocessed/HGG/Brats18_TCIA01_448_1/Brats18_TCIA01_448_1_brain_mask.nii.gz,/home/feiner/datasets/BraTS_2018/preprocessed/HGG/Brats18_TCIA01_448_1/Brats18_TCIA01_448_1_flair.nii.gz,/home/feiner/datasets/BraTS_2018/preprocessed/HGG/Brats18_TCIA01_448_1/Brats18_TCIA01_448_1_t1.nii.gz,/home/feiner/datasets/BraTS_2018/preprocessed/HGG/Brats18_TCIA01_448_1/Brats18_TCIA01_448_1_t1ce.nii.gz,/home/feiner/datasets/BraTS_2018/preprocessed/HGG/Brats18_TCIA01_448_1/Brats18_TCIA01_448_1_t2.nii.gz
HGG/Brats18_TCIA01_460_1/Brats18_TCIA01_460_1,/home/feiner/datasets/BraTS_2018/preprocessed/HGG/Brats18_TCIA01_460_1/Brats18_TCIA01_460_1_seg.nii.gz,/home/feiner/datasets/BraTS_2018/preprocessed/HGG/Brats18_TCIA01_460_1/Brats18_TCIA01_460_1_brain_mask.nii.gz,/home/feiner/datasets/BraTS_2018/preprocessed/HGG/Brats18_TCIA01_460_1/Brats18_TCIA01_460_1_flair.nii.gz,/home/feiner/datasets/BraTS_2018/preprocessed/HGG/Brats18_TCIA01_460_1/Brats18_TCIA01_460_1_t1.nii.gz,/home/feiner/datasets/BraTS_2018/preprocessed/HGG/Brats18_TCIA01_460_1/Brats18_TCIA01_460_1_t1ce.nii.gz,/home/feiner/datasets/BraTS_2018/preprocessed/HGG/Brats18_TCIA01_460_1/Brats18_TCIA01_460_1_t2.nii.gz
HGG/Brats18_TCIA01_499_1/Brats18_TCIA01_499_1,/home/feiner/datasets/BraTS_2018/preprocessed/HGG/Brats18_TCIA01_499_1/Brats18_TCIA01_499_1_seg.nii.gz,/home/feiner/datasets/BraTS_2018/preprocessed/HGG/Brats18_TCIA01_499_1/Brats18_TCIA01_499_1_brain_mask.nii.gz,/home/feiner/datasets/BraTS_2018/preprocessed/HGG/Brats18_TCIA01_499_1/Brats18_TCIA01_499_1_flair.nii.gz,/home/feiner/datasets/BraTS_2018/preprocessed/HGG/Brats18_TCIA01_499_1/Brats18_TCIA01_499_1_t1.nii.gz,/home/feiner/datasets/BraTS_2018/preprocessed/HGG/Brats18_TCIA01_499_1/Brats18_TCIA01_499_1_t1ce.nii.gz,/home/feiner/datasets/BraTS_2018/preprocessed/HGG/Brats18_TCIA01_499_1/Brats18_TCIA01_499_1_t2.nii.gz
HGG/Brats18_TCIA02_151_1/Brats18_TCIA02_151_1,/home/feiner/datasets/BraTS_2018/preprocessed/HGG/Brats18_TCIA02_151_1/Brats18_TCIA02_151_1_seg.nii.gz,/home/feiner/datasets/BraTS_2018/preprocessed/HGG/Brats18_TCIA02_151_1/Brats18_TCIA02_151_1_brain_mask.nii.gz,/home/feiner/datasets/BraTS_2018/preprocessed/HGG/Brats18_TCIA02_151_1/Brats18_TCIA02_151_1_flair.nii.gz,/home/feiner/datasets/BraTS_2018/preprocessed/HGG/Brats18_TCIA02_151_1/Brats18_TCIA02_151_1_t1.nii.gz,/home/feiner/datasets/BraTS_2018/preprocessed/HGG/Brats18_TCIA02_151_1/Brats18_TCIA02_151_1_t1ce.nii.gz,/home/feiner/datasets/BraTS_2018/preprocessed/HGG/Brats18_TCIA02_151_1/Brats18_TCIA02_151_1_t2.nii.gz
HGG/Brats18_TCIA02_168_1/Brats18_TCIA02_168_1,/home/feiner/datasets/BraTS_2018/preprocessed/HGG/Brats18_TCIA02_168_1/Brats18_TCIA02_168_1_seg.nii.gz,/home/feiner/datasets/BraTS_2018/preprocessed/HGG/Brats18_TCIA02_168_1/Brats18_TCIA02_168_1_brain_mask.nii.gz,/home/feiner/datasets/BraTS_2018/preprocessed/HGG/Brats18_TCIA02_168_1/Brats18_TCIA02_168_1_flair.nii.gz,/home/feiner/datasets/BraTS_2018/preprocessed/HGG/Brats18_TCIA02_168_1/Brats18_TCIA02_168_1_t1.nii.gz,/home/feiner/datasets/BraTS_2018/preprocessed/HGG/Brats18_TCIA02_168_1/Brats18_TCIA02_168_1_t1ce.nii.gz,/home/feiner/datasets/BraTS_2018/preprocessed/HGG/Brats18_TCIA02_168_1/Brats18_TCIA02_168_1_t2.nii.gz
HGG/Brats18_TCIA02_171_1/Brats18_TCIA02_171_1,/home/feiner/datasets/BraTS_2018/preprocessed/HGG/Brats18_TCIA02_171_1/Brats18_TCIA02_171_1_seg.nii.gz,/home/feiner/datasets/BraTS_2018/preprocessed/HGG/Brats18_TCIA02_171_1/Brats18_TCIA02_171_1_brain_mask.nii.gz,/home/feiner/datasets/BraTS_2018/preprocessed/HGG/Brats18_TCIA02_171_1/Brats18_TCIA02_171_1_flair.nii.gz,/home/feiner/datasets/BraTS_2018/preprocessed/HGG/Brats18_TCIA02_171_1/Brats18_TCIA02_171_1_t1.nii.gz,/home/feiner/datasets/BraTS_2018/preprocessed/HGG/Brats18_TCIA02_171_1/Brats18_TCIA02_171_1_t1ce.nii.gz,/home/feiner/datasets/BraTS_2018/preprocessed/HGG/Brats18_TCIA02_171_1/Brats18_TCIA02_171_1_t2.nii.gz
HGG/Brats18_TCIA02_222_1/Brats18_TCIA02_222_1,/home/feiner/datasets/BraTS_2018/preprocessed/HGG/Brats18_TCIA02_222_1/Brats18_TCIA02_222_1_seg.nii.gz,/home/feiner/datasets/BraTS_2018/preprocessed/HGG/Brats18_TCIA02_222_1/Brats18_TCIA02_222_1_brain_mask.nii.gz,/home/feiner/datasets/BraTS_2018/preprocessed/HGG/Brats18_TCIA02_222_1/Brats18_TCIA02_222_1_flair.nii.gz,/home/feiner/datasets/BraTS_2018/preprocessed/HGG/Brats18_TCIA02_222_1/Brats18_TCIA02_222_1_t1.nii.gz,/home/feiner/datasets/BraTS_2018/preprocessed/HGG/Brats18_TCIA02_222_1/Brats18_TCIA02_222_1_t1ce.nii.gz,/home/feiner/datasets/BraTS_2018/preprocessed/HGG/Brats18_TCIA02_222_1/Brats18_TCIA02_222_1_t2.nii.gz
HGG/Brats18_TCIA02_226_1/Brats18_TCIA02_226_1,/home/feiner/datasets/BraTS_2018/preprocessed/HGG/Brats18_TCIA02_226_1/Brats18_TCIA02_226_1_seg.nii.gz,/home/feiner/datasets/BraTS_2018/preprocessed/HGG/Brats18_TCIA02_226_1/Brats18_TCIA02_226_1_brain_mask.nii.gz,/home/feiner/datasets/BraTS_2018/preprocessed/HGG/Brats18_TCIA02_226_1/Brats18_TCIA02_226_1_flair.nii.gz,/home/feiner/datasets/BraTS_2018/preprocessed/HGG/Brats18_TCIA02_226_1/Brats18_TCIA02_226_1_t1.nii.gz,/home/feiner/datasets/BraTS_2018/preprocessed/HGG/Brats18_TCIA02_226_1/Brats18_TCIA02_226_1_t1ce.nii.gz,/home/feiner/datasets/BraTS_2018/preprocessed/HGG/Brats18_TCIA02_226_1/Brats18_TCIA02_226_1_t2.nii.gz
HGG/Brats18_TCIA02_274_1/Brats18_TCIA02_274_1,/home/feiner/datasets/BraTS_2018/preprocessed/HGG/Brats18_TCIA02_274_1/Brats18_TCIA02_274_1_seg.nii.gz,/home/feiner/datasets/BraTS_2018/preprocessed/HGG/Brats18_TCIA02_274_1/Brats18_TCIA02_274_1_brain_mask.nii.gz,/home/feiner/datasets/BraTS_2018/preprocessed/HGG/Brats18_TCIA02_274_1/Brats18_TCIA02_274_1_flair.nii.gz,/home/feiner/datasets/BraTS_2018/preprocessed/HGG/Brats18_TCIA02_274_1/Brats18_TCIA02_274_1_t1.nii.gz,/home/feiner/datasets/BraTS_2018/preprocessed/HGG/Brats18_TCIA02_274_1/Brats18_TCIA02_274_1_t1ce.nii.gz,/home/feiner/datasets/BraTS_2018/preprocessed/HGG/Brats18_TCIA02_274_1/Brats18_TCIA02_274_1_t2.nii.gz
HGG/Brats18_TCIA02_300_1/Brats18_TCIA02_300_1,/home/feiner/datasets/BraTS_2018/preprocessed/HGG/Brats18_TCIA02_300_1/Brats18_TCIA02_300_1_seg.nii.gz,/home/feiner/datasets/BraTS_2018/preprocessed/HGG/Brats18_TCIA02_300_1/Brats18_TCIA02_300_1_brain_mask.nii.gz,/home/feiner/datasets/BraTS_2018/preprocessed/HGG/Brats18_TCIA02_300_1/Brats18_TCIA02_300_1_flair.nii.gz,/home/feiner/datasets/BraTS_2018/preprocessed/HGG/Brats18_TCIA02_300_1/Brats18_TCIA02_300_1_t1.nii.gz,/home/feiner/datasets/BraTS_2018/preprocessed/HGG/Brats18_TCIA02_300_1/Brats18_TCIA02_300_1_t1ce.nii.gz,/home/feiner/datasets/BraTS_2018/preprocessed/HGG/Brats18_TCIA02_300_1/Brats18_TCIA02_300_1_t2.nii.gz
HGG/Brats18_TCIA02_309_1/Brats18_TCIA02_309_1,/home/feiner/datasets/BraTS_2018/preprocessed/HGG/Brats18_TCIA02_309_1/Brats18_TCIA02_309_1_seg.nii.gz,/home/feiner/datasets/BraTS_2018/preprocessed/HGG/Brats18_TCIA02_309_1/Brats18_TCIA02_309_1_brain_mask.nii.gz,/home/feiner/datasets/BraTS_2018/preprocessed/HGG/Brats18_TCIA02_309_1/Brats18_TCIA02_309_1_flair.nii.gz,/home/feiner/datasets/BraTS_2018/preprocessed/HGG/Brats18_TCIA02_309_1/Brats18_TCIA02_309_1_t1.nii.gz,/home/feiner/datasets/BraTS_2018/preprocessed/HGG/Brats18_TCIA02_309_1/Brats18_TCIA02_309_1_t1ce.nii.gz,/home/feiner/datasets/BraTS_2018/preprocessed/HGG/Brats18_TCIA02_309_1/Brats18_TCIA02_309_1_t2.nii.gz
HGG/Brats18_TCIA02_321_1/Brats18_TCIA02_321_1,/home/feiner/datasets/BraTS_2018/preprocessed/HGG/Brats18_TCIA02_321_1/Brats18_TCIA02_321_1_seg.nii.gz,/home/feiner/datasets/BraTS_2018/preprocessed/HGG/Brats18_TCIA02_321_1/Brats18_TCIA02_321_1_brain_mask.nii.gz,/home/feiner/datasets/BraTS_2018/preprocessed/HGG/Brats18_TCIA02_321_1/Brats18_TCIA02_321_1_flair.nii.gz,/home/feiner/datasets/BraTS_2018/preprocessed/HGG/Brats18_TCIA02_321_1/Brats18_TCIA02_321_1_t1.nii.gz,/home/feiner/datasets/BraTS_2018/preprocessed/HGG/Brats18_TCIA02_321_1/Brats18_TCIA02_321_1_t1ce.nii.gz,/home/feiner/datasets/BraTS_2018/preprocessed/HGG/Brats18_TCIA02_321_1/Brats18_TCIA02_321_1_t2.nii.gz
HGG/Brats18_TCIA02_322_1/Brats18_TCIA02_322_1,/home/feiner/datasets/BraTS_2018/preprocessed/HGG/Brats18_TCIA02_322_1/Brats18_TCIA02_322_1_seg.nii.gz,/home/feiner/datasets/BraTS_2018/preprocessed/HGG/Brats18_TCIA02_322_1/Brats18_TCIA02_322_1_brain_mask.nii.gz,/home/feiner/datasets/BraTS_2018/preprocessed/HGG/Brats18_TCIA02_322_1/Brats18_TCIA02_322_1_flair.nii.gz,/home/feiner/datasets/BraTS_2018/preprocessed/HGG/Brats18_TCIA02_322_1/Brats18_TCIA02_322_1_t1.nii.gz,/home/feiner/datasets/BraTS_2018/preprocessed/HGG/Brats18_TCIA02_322_1/Brats18_TCIA02_322_1_t1ce.nii.gz,/home/feiner/datasets/BraTS_2018/preprocessed/HGG/Brats18_TCIA02_322_1/Brats18_TCIA02_322_1_t2.nii.gz
HGG/Brats18_TCIA02_331_1/Brats18_TCIA02_331_1,/home/feiner/datasets/BraTS_2018/preprocessed/HGG/Brats18_TCIA02_331_1/Brats18_TCIA02_331_1_seg.nii.gz,/home/feiner/datasets/BraTS_2018/preprocessed/HGG/Brats18_TCIA02_331_1/Brats18_TCIA02_331_1_brain_mask.nii.gz,/home/feiner/datasets/BraTS_2018/preprocessed/HGG/Brats18_TCIA02_331_1/Brats18_TCIA02_331_1_flair.nii.gz,/home/feiner/datasets/BraTS_2018/preprocessed/HGG/Brats18_TCIA02_331_1/Brats18_TCIA02_331_1_t1.nii.gz,/home/feiner/datasets/BraTS_2018/preprocessed/HGG/Brats18_TCIA02_331_1/Brats18_TCIA02_331_1_t1ce.nii.gz,/home/feiner/datasets/BraTS_2018/preprocessed/HGG/Brats18_TCIA02_331_1/Brats18_TCIA02_331_1_t2.nii.gz
HGG/Brats18_TCIA02_368_1/Brats18_TCIA02_368_1,/home/feiner/datasets/BraTS_2018/preprocessed/HGG/Brats18_TCIA02_368_1/Brats18_TCIA02_368_1_seg.nii.gz,/home/feiner/datasets/BraTS_2018/preprocessed/HGG/Brats18_TCIA02_368_1/Brats18_TCIA02_368_1_brain_mask.nii.gz,/home/feiner/datasets/BraTS_2018/preprocessed/HGG/Brats18_TCIA02_368_1/Brats18_TCIA02_368_1_flair.nii.gz,/home/feiner/datasets/BraTS_2018/preprocessed/HGG/Brats18_TCIA02_368_1/Brats18_TCIA02_368_1_t1.nii.gz,/home/feiner/datasets/BraTS_2018/preprocessed/HGG/Brats18_TCIA02_368_1/Brats18_TCIA02_368_1_t1ce.nii.gz,/home/feiner/datasets/BraTS_2018/preprocessed/HGG/Brats18_TCIA02_368_1/Brats18_TCIA02_368_1_t2.nii.gz
HGG/Brats18_TCIA02_370_1/Brats18_TCIA02_370_1,/home/feiner/datasets/BraTS_2018/preprocessed/HGG/Brats18_TCIA02_370_1/Brats18_TCIA02_370_1_seg.nii.gz,/home/feiner/datasets/BraTS_2018/preprocessed/HGG/Brats18_TCIA02_370_1/Brats18_TCIA02_370_1_brain_mask.nii.gz,/home/feiner/datasets/BraTS_2018/preprocessed/HGG/Brats18_TCIA02_370_1/Brats18_TCIA02_370_1_flair.nii.gz,/home/feiner/datasets/BraTS_2018/preprocessed/HGG/Brats18_TCIA02_370_1/Brats18_TCIA02_370_1_t1.nii.gz,/home/feiner/datasets/BraTS_2018/preprocessed/HGG/Brats18_TCIA02_370_1/Brats18_TCIA02_370_1_t1ce.nii.gz,/home/feiner/datasets/BraTS_2018/preprocessed/HGG/Brats18_TCIA02_370_1/Brats18_TCIA02_370_1_t2.nii.gz
HGG/Brats18_TCIA02_374_1/Brats18_TCIA02_374_1,/home/feiner/datasets/BraTS_2018/preprocessed/HGG/Brats18_TCIA02_374_1/Brats18_TCIA02_374_1_seg.nii.gz,/home/feiner/datasets/BraTS_2018/preprocessed/HGG/Brats18_TCIA02_374_1/Brats18_TCIA02_374_1_brain_mask.nii.gz,/home/feiner/datasets/BraTS_2018/preprocessed/HGG/Brats18_TCIA02_374_1/Brats18_TCIA02_374_1_flair.nii.gz,/home/feiner/datasets/BraTS_2018/preprocessed/HGG/Brats18_TCIA02_374_1/Brats18_TCIA02_374_1_t1.nii.gz,/home/feiner/datasets/BraTS_2018/preprocessed/HGG/Brats18_TCIA02_374_1/Brats18_TCIA02_374_1_t1ce.nii.gz,/home/feiner/datasets/BraTS_2018/preprocessed/HGG/Brats18_TCIA02_374_1/Brats18_TCIA02_374_1_t2.nii.gz
HGG/Brats18_TCIA02_430_1/Brats18_TCIA02_430_1,/home/feiner/datasets/BraTS_2018/preprocessed/HGG/Brats18_TCIA02_430_1/Brats18_TCIA02_430_1_seg.nii.gz,/home/feiner/datasets/BraTS_2018/preprocessed/HGG/Brats18_TCIA02_430_1/Brats18_TCIA02_430_1_brain_mask.nii.gz,/home/feiner/datasets/BraTS_2018/preprocessed/HGG/Brats18_TCIA02_430_1/Brats18_TCIA02_430_1_flair.nii.gz,/home/feiner/datasets/BraTS_2018/preprocessed/HGG/Brats18_TCIA02_430_1/Brats18_TCIA02_430_1_t1.nii.gz,/home/feiner/datasets/BraTS_2018/preprocessed/HGG/Brats18_TCIA02_430_1/Brats18_TCIA02_430_1_t1ce.nii.gz,/home/feiner/datasets/BraTS_2018/preprocessed/HGG/Brats18_TCIA02_430_1/Brats18_TCIA02_430_1_t2.nii.gz
HGG/Brats18_TCIA02_471_1/Brats18_TCIA02_471_1,/home/feiner/datasets/BraTS_2018/preprocessed/HGG/Brats18_TCIA02_471_1/Brats18_TCIA02_471_1_seg.nii.gz,/home/feiner/datasets/BraTS_2018/preprocessed/HGG/Brats18_TCIA02_471_1/Brats18_TCIA02_471_1_brain_mask.nii.gz,/home/feiner/datasets/BraTS_2018/preprocessed/HGG/Brats18_TCIA02_471_1/Brats18_TCIA02_471_1_flair.nii.gz,/home/feiner/datasets/BraTS_2018/preprocessed/HGG/Brats18_TCIA02_471_1/Brats18_TCIA02_471_1_t1.nii.gz,/home/feiner/datasets/BraTS_2018/preprocessed/HGG/Brats18_TCIA02_471_1/Brats18_TCIA02_471_1_t1ce.nii.gz,/home/feiner/datasets/BraTS_2018/preprocessed/HGG/Brats18_TCIA02_471_1/Brats18_TCIA02_471_1_t2.nii.gz
HGG/Brats18_TCIA02_473_1/Brats18_TCIA02_473_1,/home/feiner/datasets/BraTS_2018/preprocessed/HGG/Brats18_TCIA02_473_1/Brats18_TCIA02_473_1_seg.nii.gz,/home/feiner/datasets/BraTS_2018/preprocessed/HGG/Brats18_TCIA02_473_1/Brats18_TCIA02_473_1_brain_mask.nii.gz,/home/feiner/datasets/BraTS_2018/preprocessed/HGG/Brats18_TCIA02_473_1/Brats18_TCIA02_473_1_flair.nii.gz,/home/feiner/datasets/BraTS_2018/preprocessed/HGG/Brats18_TCIA02_473_1/Brats18_TCIA02_473_1_t1.nii.gz,/home/feiner/datasets/BraTS_2018/preprocessed/HGG/Brats18_TCIA02_473_1/Brats18_TCIA02_473_1_t1ce.nii.gz,/home/feiner/datasets/BraTS_2018/preprocessed/HGG/Brats18_TCIA02_473_1/Brats18_TCIA02_473_1_t2.nii.gz
HGG/Brats18_TCIA02_491_1/Brats18_TCIA02_491_1,/home/feiner/datasets/BraTS_2018/preprocessed/HGG/Brats18_TCIA02_491_1/Brats18_TCIA02_491_1_seg.nii.gz,/home/feiner/datasets/BraTS_2018/preprocessed/HGG/Brats18_TCIA02_491_1/Brats18_TCIA02_491_1_brain_mask.nii.gz,/home/feiner/datasets/BraTS_2018/preprocessed/HGG/Brats18_TCIA02_491_1/Brats18_TCIA02_491_1_flair.nii.gz,/home/feiner/datasets/BraTS_2018/preprocessed/HGG/Brats18_TCIA02_491_1/Brats18_TCIA02_491_1_t1.nii.gz,/home/feiner/datasets/BraTS_2018/preprocessed/HGG/Brats18_TCIA02_491_1/Brats18_TCIA02_491_1_t1ce.nii.gz,/home/feiner/datasets/BraTS_2018/preprocessed/HGG/Brats18_TCIA02_491_1/Brats18_TCIA02_491_1_t2.nii.gz
HGG/Brats18_TCIA02_605_1/Brats18_TCIA02_605_1,/home/feiner/datasets/BraTS_2018/preprocessed/HGG/Brats18_TCIA02_605_1/Brats18_TCIA02_605_1_seg.nii.gz,/home/feiner/datasets/BraTS_2018/preprocessed/HGG/Brats18_TCIA02_605_1/Brats18_TCIA02_605_1_brain_mask.nii.gz,/home/feiner/datasets/BraTS_2018/preprocessed/HGG/Brats18_TCIA02_605_1/Brats18_TCIA02_605_1_flair.nii.gz,/home/feiner/datasets/BraTS_2018/preprocessed/HGG/Brats18_TCIA02_605_1/Brats18_TCIA02_605_1_t1.nii.gz,/home/feiner/datasets/BraTS_2018/preprocessed/HGG/Brats18_TCIA02_605_1/Brats18_TCIA02_605_1_t1ce.nii.gz,/home/feiner/datasets/BraTS_2018/preprocessed/HGG/Brats18_TCIA02_605_1/Brats18_TCIA02_605_1_t2.nii.gz
HGG/Brats18_TCIA02_608_1/Brats18_TCIA02_608_1,/home/feiner/datasets/BraTS_2018/preprocessed/HGG/Brats18_TCIA02_608_1/Brats18_TCIA02_608_1_seg.nii.gz,/home/feiner/datasets/BraTS_2018/preprocessed/HGG/Brats18_TCIA02_608_1/Brats18_TCIA02_608_1_brain_mask.nii.gz,/home/feiner/datasets/BraTS_2018/preprocessed/HGG/Brats18_TCIA02_608_1/Brats18_TCIA02_608_1_flair.nii.gz,/home/feiner/datasets/BraTS_2018/preprocessed/HGG/Brats18_TCIA02_608_1/Brats18_TCIA02_608_1_t1.nii.gz,/home/feiner/datasets/BraTS_2018/preprocessed/HGG/Brats18_TCIA02_608_1/Brats18_TCIA02_608_1_t1ce.nii.gz,/home/feiner/datasets/BraTS_2018/preprocessed/HGG/Brats18_TCIA02_608_1/Brats18_TCIA02_608_1_t2.nii.gz
HGG/Brats18_TCIA03_121_1/Brats18_TCIA03_121_1,/home/feiner/datasets/BraTS_2018/preprocessed/HGG/Brats18_TCIA03_121_1/Brats18_TCIA03_121_1_seg.nii.gz,/home/feiner/datasets/BraTS_2018/preprocessed/HGG/Brats18_TCIA03_121_1/Brats18_TCIA03_121_1_brain_mask.nii.gz,/home/feiner/datasets/BraTS_2018/preprocessed/HGG/Brats18_TCIA03_121_1/Brats18_TCIA03_121_1_flair.nii.gz,/home/feiner/datasets/BraTS_2018/preprocessed/HGG/Brats18_TCIA03_121_1/Brats18_TCIA03_121_1_t1.nii.gz,/home/feiner/datasets/BraTS_2018/preprocessed/HGG/Brats18_TCIA03_121_1/Brats18_TCIA03_121_1_t1ce.nii.gz,/home/feiner/datasets/BraTS_2018/preprocessed/HGG/Brats18_TCIA03_121_1/Brats18_TCIA03_121_1_t2.nii.gz
HGG/Brats18_TCIA03_133_1/Brats18_TCIA03_133_1,/home/feiner/datasets/BraTS_2018/preprocessed/HGG/Brats18_TCIA03_133_1/Brats18_TCIA03_133_1_seg.nii.gz,/home/feiner/datasets/BraTS_2018/preprocessed/HGG/Brats18_TCIA03_133_1/Brats18_TCIA03_133_1_brain_mask.nii.gz,/home/feiner/datasets/BraTS_2018/preprocessed/HGG/Brats18_TCIA03_133_1/Brats18_TCIA03_133_1_flair.nii.gz,/home/feiner/datasets/BraTS_2018/preprocessed/HGG/Brats18_TCIA03_133_1/Brats18_TCIA03_133_1_t1.nii.gz,/home/feiner/datasets/BraTS_2018/preprocessed/HGG/Brats18_TCIA03_133_1/Brats18_TCIA03_133_1_t1ce.nii.gz,/home/feiner/datasets/BraTS_2018/preprocessed/HGG/Brats18_TCIA03_133_1/Brats18_TCIA03_133_1_t2.nii.gz
HGG/Brats18_TCIA03_138_1/Brats18_TCIA03_138_1,/home/feiner/datasets/BraTS_2018/preprocessed/HGG/Brats18_TCIA03_138_1/Brats18_TCIA03_138_1_seg.nii.gz,/home/feiner/datasets/BraTS_2018/preprocessed/HGG/Brats18_TCIA03_138_1/Brats18_TCIA03_138_1_brain_mask.nii.gz,/home/feiner/datasets/BraTS_2018/preprocessed/HGG/Brats18_TCIA03_138_1/Brats18_TCIA03_138_1_flair.nii.gz,/home/feiner/datasets/BraTS_2018/preprocessed/HGG/Brats18_TCIA03_138_1/Brats18_TCIA03_138_1_t1.nii.gz,/home/feiner/datasets/BraTS_2018/preprocessed/HGG/Brats18_TCIA03_138_1/Brats18_TCIA03_138_1_t1ce.nii.gz,/home/feiner/datasets/BraTS_2018/preprocessed/HGG/Brats18_TCIA03_138_1/Brats18_TCIA03_138_1_t2.nii.gz
HGG/Brats18_TCIA03_257_1/Brats18_TCIA03_257_1,/home/feiner/datasets/BraTS_2018/preprocessed/HGG/Brats18_TCIA03_257_1/Brats18_TCIA03_257_1_seg.nii.gz,/home/feiner/datasets/BraTS_2018/preprocessed/HGG/Brats18_TCIA03_257_1/Brats18_TCIA03_257_1_brain_mask.nii.gz,/home/feiner/datasets/BraTS_2018/preprocessed/HGG/Brats18_TCIA03_257_1/Brats18_TCIA03_257_1_flair.nii.gz,/home/feiner/datasets/BraTS_2018/preprocessed/HGG/Brats18_TCIA03_257_1/Brats18_TCIA03_257_1_t1.nii.gz,/home/feiner/datasets/BraTS_2018/preprocessed/HGG/Brats18_TCIA03_257_1/Brats18_TCIA03_257_1_t1ce.nii.gz,/home/feiner/datasets/BraTS_2018/preprocessed/HGG/Brats18_TCIA03_257_1/Brats18_TCIA03_257_1_t2.nii.gz
HGG/Brats18_TCIA03_338_1/Brats18_TCIA03_338_1,/home/feiner/datasets/BraTS_2018/preprocessed/HGG/Brats18_TCIA03_338_1/Brats18_TCIA03_338_1_seg.nii.gz,/home/feiner/datasets/BraTS_2018/preprocessed/HGG/Brats18_TCIA03_338_1/Brats18_TCIA03_338_1_brain_mask.nii.gz,/home/feiner/datasets/BraTS_2018/preprocessed/HGG/Brats18_TCIA03_338_1/Brats18_TCIA03_338_1_flair.nii.gz,/home/feiner/datasets/BraTS_2018/preprocessed/HGG/Brats18_TCIA03_338_1/Brats18_TCIA03_338_1_t1.nii.gz,/home/feiner/datasets/BraTS_2018/preprocessed/HGG/Brats18_TCIA03_338_1/Brats18_TCIA03_338_1_t1ce.nii.gz,/home/feiner/datasets/BraTS_2018/preprocessed/HGG/Brats18_TCIA03_338_1/Brats18_TCIA03_338_1_t2.nii.gz
HGG/Brats18_TCIA03_375_1/Brats18_TCIA03_375_1,/home/feiner/datasets/BraTS_2018/preprocessed/HGG/Brats18_TCIA03_375_1/Brats18_TCIA03_375_1_seg.nii.gz,/home/feiner/datasets/BraTS_2018/preprocessed/HGG/Brats18_TCIA03_375_1/Brats18_TCIA03_375_1_brain_mask.nii.gz,/home/feiner/datasets/BraTS_2018/preprocessed/HGG/Brats18_TCIA03_375_1/Brats18_TCIA03_375_1_flair.nii.gz,/home/feiner/datasets/BraTS_2018/preprocessed/HGG/Brats18_TCIA03_375_1/Brats18_TCIA03_375_1_t1.nii.gz,/home/feiner/datasets/BraTS_2018/preprocessed/HGG/Brats18_TCIA03_375_1/Brats18_TCIA03_375_1_t1ce.nii.gz,/home/feiner/datasets/BraTS_2018/preprocessed/HGG/Brats18_TCIA03_375_1/Brats18_TCIA03_375_1_t2.nii.gz
HGG/Brats18_TCIA03_419_1/Brats18_TCIA03_419_1,/home/feiner/datasets/BraTS_2018/preprocessed/HGG/Brats18_TCIA03_419_1/Brats18_TCIA03_419_1_seg.nii.gz,/home/feiner/datasets/BraTS_2018/preprocessed/HGG/Brats18_TCIA03_419_1/Brats18_TCIA03_419_1_brain_mask.nii.gz,/home/feiner/datasets/BraTS_2018/preprocessed/HGG/Brats18_TCIA03_419_1/Brats18_TCIA03_419_1_flair.nii.gz,/home/feiner/datasets/BraTS_2018/preprocessed/HGG/Brats18_TCIA03_419_1/Brats18_TCIA03_419_1_t1.nii.gz,/home/feiner/datasets/BraTS_2018/preprocessed/HGG/Brats18_TCIA03_419_1/Brats18_TCIA03_419_1_t1ce.nii.gz,/home/feiner/datasets/BraTS_2018/preprocessed/HGG/Brats18_TCIA03_419_1/Brats18_TCIA03_419_1_t2.nii.gz
HGG/Brats18_TCIA03_474_1/Brats18_TCIA03_474_1,/home/feiner/datasets/BraTS_2018/preprocessed/HGG/Brats18_TCIA03_474_1/Brats18_TCIA03_474_1_seg.nii.gz,/home/feiner/datasets/BraTS_2018/preprocessed/HGG/Brats18_TCIA03_474_1/Brats18_TCIA03_474_1_brain_mask.nii.gz,/home/feiner/datasets/BraTS_2018/preprocessed/HGG/Brats18_TCIA03_474_1/Brats18_TCIA03_474_1_flair.nii.gz,/home/feiner/datasets/BraTS_2018/preprocessed/HGG/Brats18_TCIA03_474_1/Brats18_TCIA03_474_1_t1.nii.gz,/home/feiner/datasets/BraTS_2018/preprocessed/HGG/Brats18_TCIA03_474_1/Brats18_TCIA03_474_1_t1ce.nii.gz,/home/feiner/datasets/BraTS_2018/preprocessed/HGG/Brats18_TCIA03_474_1/Brats18_TCIA03_474_1_t2.nii.gz
HGG/Brats18_TCIA04_149_1/Brats18_TCIA04_149_1,/home/feiner/datasets/BraTS_2018/preprocessed/HGG/Brats18_TCIA04_149_1/Brats18_TCIA04_149_1_seg.nii.gz,/home/feiner/datasets/BraTS_2018/preprocessed/HGG/Brats18_TCIA04_149_1/Brats18_TCIA04_149_1_brain_mask.nii.gz,/home/feiner/datasets/BraTS_2018/preprocessed/HGG/Brats18_TCIA04_149_1/Brats18_TCIA04_149_1_flair.nii.gz,/home/feiner/datasets/BraTS_2018/preprocessed/HGG/Brats18_TCIA04_149_1/Brats18_TCIA04_149_1_t1.nii.gz,/home/feiner/datasets/BraTS_2018/preprocessed/HGG/Brats18_TCIA04_149_1/Brats18_TCIA04_149_1_t1ce.nii.gz,/home/feiner/datasets/BraTS_2018/preprocessed/HGG/Brats18_TCIA04_149_1/Brats18_TCIA04_149_1_t2.nii.gz
HGG/Brats18_TCIA04_192_1/Brats18_TCIA04_192_1,/home/feiner/datasets/BraTS_2018/preprocessed/HGG/Brats18_TCIA04_192_1/Brats18_TCIA04_192_1_seg.nii.gz,/home/feiner/datasets/BraTS_2018/preprocessed/HGG/Brats18_TCIA04_192_1/Brats18_TCIA04_192_1_brain_mask.nii.gz,/home/feiner/datasets/BraTS_2018/preprocessed/HGG/Brats18_TCIA04_192_1/Brats18_TCIA04_192_1_flair.nii.gz,/home/feiner/datasets/BraTS_2018/preprocessed/HGG/Brats18_TCIA04_192_1/Brats18_TCIA04_192_1_t1.nii.gz,/home/feiner/datasets/BraTS_2018/preprocessed/HGG/Brats18_TCIA04_192_1/Brats18_TCIA04_192_1_t1ce.nii.gz,/home/feiner/datasets/BraTS_2018/preprocessed/HGG/Brats18_TCIA04_192_1/Brats18_TCIA04_192_1_t2.nii.gz
HGG/Brats18_TCIA04_437_1/Brats18_TCIA04_437_1,/home/feiner/datasets/BraTS_2018/preprocessed/HGG/Brats18_TCIA04_437_1/Brats18_TCIA04_437_1_seg.nii.gz,/home/feiner/datasets/BraTS_2018/preprocessed/HGG/Brats18_TCIA04_437_1/Brats18_TCIA04_437_1_brain_mask.nii.gz,/home/feiner/datasets/BraTS_2018/preprocessed/HGG/Brats18_TCIA04_437_1/Brats18_TCIA04_437_1_flair.nii.gz,/home/feiner/datasets/BraTS_2018/preprocessed/HGG/Brats18_TCIA04_437_1/Brats18_TCIA04_437_1_t1.nii.gz,/home/feiner/datasets/BraTS_2018/preprocessed/HGG/Brats18_TCIA04_437_1/Brats18_TCIA04_437_1_t1ce.nii.gz,/home/feiner/datasets/BraTS_2018/preprocessed/HGG/Brats18_TCIA04_437_1/Brats18_TCIA04_437_1_t2.nii.gz
HGG/Brats18_TCIA04_479_1/Brats18_TCIA04_479_1,/home/feiner/datasets/BraTS_2018/preprocessed/HGG/Brats18_TCIA04_479_1/Brats18_TCIA04_479_1_seg.nii.gz,/home/feiner/datasets/BraTS_2018/preprocessed/HGG/Brats18_TCIA04_479_1/Brats18_TCIA04_479_1_brain_mask.nii.gz,/home/feiner/datasets/BraTS_2018/preprocessed/HGG/Brats18_TCIA04_479_1/Brats18_TCIA04_479_1_flair.nii.gz,/home/feiner/datasets/BraTS_2018/preprocessed/HGG/Brats18_TCIA04_479_1/Brats18_TCIA04_479_1_t1.nii.gz,/home/feiner/datasets/BraTS_2018/preprocessed/HGG/Brats18_TCIA04_479_1/Brats18_TCIA04_479_1_t1ce.nii.gz,/home/feiner/datasets/BraTS_2018/preprocessed/HGG/Brats18_TCIA04_479_1/Brats18_TCIA04_479_1_t2.nii.gz
HGG/Brats18_TCIA05_396_1/Brats18_TCIA05_396_1,/home/feiner/datasets/BraTS_2018/preprocessed/HGG/Brats18_TCIA05_396_1/Brats18_TCIA05_396_1_seg.nii.gz,/home/feiner/datasets/BraTS_2018/preprocessed/HGG/Brats18_TCIA05_396_1/Brats18_TCIA05_396_1_brain_mask.nii.gz,/home/feiner/datasets/BraTS_2018/preprocessed/HGG/Brats18_TCIA05_396_1/Brats18_TCIA05_396_1_flair.nii.gz,/home/feiner/datasets/BraTS_2018/preprocessed/HGG/Brats18_TCIA05_396_1/Brats18_TCIA05_396_1_t1.nii.gz,/home/feiner/datasets/BraTS_2018/preprocessed/HGG/Brats18_TCIA05_396_1/Brats18_TCIA05_396_1_t1ce.nii.gz,/home/feiner/datasets/BraTS_2018/preprocessed/HGG/Brats18_TCIA05_396_1/Brats18_TCIA05_396_1_t2.nii.gz
HGG/Brats18_TCIA05_444_1/Brats18_TCIA05_444_1,/home/feiner/datasets/BraTS_2018/preprocessed/HGG/Brats18_TCIA05_444_1/Brats18_TCIA05_444_1_seg.nii.gz,/home/feiner/datasets/BraTS_2018/preprocessed/HGG/Brats18_TCIA05_444_1/Brats18_TCIA05_444_1_brain_mask.nii.gz,/home/feiner/datasets/BraTS_2018/preprocessed/HGG/Brats18_TCIA05_444_1/Brats18_TCIA05_444_1_flair.nii.gz,/home/feiner/datasets/BraTS_2018/preprocessed/HGG/Brats18_TCIA05_444_1/Brats18_TCIA05_444_1_t1.nii.gz,/home/feiner/datasets/BraTS_2018/preprocessed/HGG/Brats18_TCIA05_444_1/Brats18_TCIA05_444_1_t1ce.nii.gz,/home/feiner/datasets/BraTS_2018/preprocessed/HGG/Brats18_TCIA05_444_1/Brats18_TCIA05_444_1_t2.nii.gz
HGG/Brats18_TCIA06_184_1/Brats18_TCIA06_184_1,/home/feiner/datasets/BraTS_2018/preprocessed/HGG/Brats18_TCIA06_184_1/Brats18_TCIA06_184_1_seg.nii.gz,/home/feiner/datasets/BraTS_2018/preprocessed/HGG/Brats18_TCIA06_184_1/Brats18_TCIA06_184_1_brain_mask.nii.gz,/home/feiner/datasets/BraTS_2018/preprocessed/HGG/Brats18_TCIA06_184_1/Brats18_TCIA06_184_1_flair.nii.gz,/home/feiner/datasets/BraTS_2018/preprocessed/HGG/Brats18_TCIA06_184_1/Brats18_TCIA06_184_1_t1.nii.gz,/home/feiner/datasets/BraTS_2018/preprocessed/HGG/Brats18_TCIA06_184_1/Brats18_TCIA06_184_1_t1ce.nii.gz,/home/feiner/datasets/BraTS_2018/preprocessed/HGG/Brats18_TCIA06_184_1/Brats18_TCIA06_184_1_t2.nii.gz
HGG/Brats18_TCIA06_247_1/Brats18_TCIA06_247_1,/home/feiner/datasets/BraTS_2018/preprocessed/HGG/Brats18_TCIA06_247_1/Brats18_TCIA06_247_1_seg.nii.gz,/home/feiner/datasets/BraTS_2018/preprocessed/HGG/Brats18_TCIA06_247_1/Brats18_TCIA06_247_1_brain_mask.nii.gz,/home/feiner/datasets/BraTS_2018/preprocessed/HGG/Brats18_TCIA06_247_1/Brats18_TCIA06_247_1_flair.nii.gz,/home/feiner/datasets/BraTS_2018/preprocessed/HGG/Brats18_TCIA06_247_1/Brats18_TCIA06_247_1_t1.nii.gz,/home/feiner/datasets/BraTS_2018/preprocessed/HGG/Brats18_TCIA06_247_1/Brats18_TCIA06_247_1_t1ce.nii.gz,/home/feiner/datasets/BraTS_2018/preprocessed/HGG/Brats18_TCIA06_247_1/Brats18_TCIA06_247_1_t2.nii.gz
HGG/Brats18_TCIA06_372_1/Brats18_TCIA06_372_1,/home/feiner/datasets/BraTS_2018/preprocessed/HGG/Brats18_TCIA06_372_1/Brats18_TCIA06_372_1_seg.nii.gz,/home/feiner/datasets/BraTS_2018/preprocessed/HGG/Brats18_TCIA06_372_1/Brats18_TCIA06_372_1_brain_mask.nii.gz,/home/feiner/datasets/BraTS_2018/preprocessed/HGG/Brats18_TCIA06_372_1/Brats18_TCIA06_372_1_flair.nii.gz,/home/feiner/datasets/BraTS_2018/preprocessed/HGG/Brats18_TCIA06_372_1/Brats18_TCIA06_372_1_t1.nii.gz,/home/feiner/datasets/BraTS_2018/preprocessed/HGG/Brats18_TCIA06_372_1/Brats18_TCIA06_372_1_t1ce.nii.gz,/home/feiner/datasets/BraTS_2018/preprocessed/HGG/Brats18_TCIA06_372_1/Brats18_TCIA06_372_1_t2.nii.gz
HGG/Brats18_TCIA06_409_1/Brats18_TCIA06_409_1,/home/feiner/datasets/BraTS_2018/preprocessed/HGG/Brats18_TCIA06_409_1/Brats18_TCIA06_409_1_seg.nii.gz,/home/feiner/datasets/BraTS_2018/preprocessed/HGG/Brats18_TCIA06_409_1/Brats18_TCIA06_409_1_brain_mask.nii.gz,/home/feiner/datasets/BraTS_2018/preprocessed/HGG/Brats18_TCIA06_409_1/Brats18_TCIA06_409_1_flair.nii.gz,/home/feiner/datasets/BraTS_2018/preprocessed/HGG/Brats18_TCIA06_409_1/Brats18_TCIA06_409_1_t1.nii.gz,/home/feiner/datasets/BraTS_2018/preprocessed/HGG/Brats18_TCIA06_409_1/Brats18_TCIA06_409_1_t1ce.nii.gz,/home/feiner/datasets/BraTS_2018/preprocessed/HGG/Brats18_TCIA06_409_1/Brats18_TCIA06_409_1_t2.nii.gz
HGG/Brats18_TCIA08_105_1/Brats18_TCIA08_105_1,/home/feiner/datasets/BraTS_2018/preprocessed/HGG/Brats18_TCIA08_105_1/Brats18_TCIA08_105_1_seg.nii.gz,/home/feiner/datasets/BraTS_2018/preprocessed/HGG/Brats18_TCIA08_105_1/Brats18_TCIA08_105_1_brain_mask.nii.gz,/home/feiner/datasets/BraTS_2018/preprocessed/HGG/Brats18_TCIA08_105_1/Brats18_TCIA08_105_1_flair.nii.gz,/home/feiner/datasets/BraTS_2018/preprocessed/HGG/Brats18_TCIA08_105_1/Brats18_TCIA08_105_1_t1.nii.gz,/home/feiner/datasets/BraTS_2018/preprocessed/HGG/Brats18_TCIA08_105_1/Brats18_TCIA08_105_1_t1ce.nii.gz,/home/feiner/datasets/BraTS_2018/preprocessed/HGG/Brats18_TCIA08_105_1/Brats18_TCIA08_105_1_t2.nii.gz
HGG/Brats18_TCIA08_113_1/Brats18_TCIA08_113_1,/home/feiner/datasets/BraTS_2018/preprocessed/HGG/Brats18_TCIA08_113_1/Brats18_TCIA08_113_1_seg.nii.gz,/home/feiner/datasets/BraTS_2018/preprocessed/HGG/Brats18_TCIA08_113_1/Brats18_TCIA08_113_1_brain_mask.nii.gz,/home/feiner/datasets/BraTS_2018/preprocessed/HGG/Brats18_TCIA08_113_1/Brats18_TCIA08_113_1_flair.nii.gz,/home/feiner/datasets/BraTS_2018/preprocessed/HGG/Brats18_TCIA08_113_1/Brats18_TCIA08_113_1_t1.nii.gz,/home/feiner/datasets/BraTS_2018/preprocessed/HGG/Brats18_TCIA08_113_1/Brats18_TCIA08_113_1_t1ce.nii.gz,/home/feiner/datasets/BraTS_2018/preprocessed/HGG/Brats18_TCIA08_113_1/Brats18_TCIA08_113_1_t2.nii.gz
HGG/Brats18_TCIA08_162_1/Brats18_TCIA08_162_1,/home/feiner/datasets/BraTS_2018/preprocessed/HGG/Brats18_TCIA08_162_1/Brats18_TCIA08_162_1_seg.nii.gz,/home/feiner/datasets/BraTS_2018/preprocessed/HGG/Brats18_TCIA08_162_1/Brats18_TCIA08_162_1_brain_mask.nii.gz,/home/feiner/datasets/BraTS_2018/preprocessed/HGG/Brats18_TCIA08_162_1/Brats18_TCIA08_162_1_flair.nii.gz,/home/feiner/datasets/BraTS_2018/preprocessed/HGG/Brats18_TCIA08_162_1/Brats18_TCIA08_162_1_t1.nii.gz,/home/feiner/datasets/BraTS_2018/preprocessed/HGG/Brats18_TCIA08_162_1/Brats18_TCIA08_162_1_t1ce.nii.gz,/home/feiner/datasets/BraTS_2018/preprocessed/HGG/Brats18_TCIA08_162_1/Brats18_TCIA08_162_1_t2.nii.gz
HGG/Brats18_TCIA08_167_1/Brats18_TCIA08_167_1,/home/feiner/datasets/BraTS_2018/preprocessed/HGG/Brats18_TCIA08_167_1/Brats18_TCIA08_167_1_seg.nii.gz,/home/feiner/datasets/BraTS_2018/preprocessed/HGG/Brats18_TCIA08_167_1/Brats18_TCIA08_167_1_brain_mask.nii.gz,/home/feiner/datasets/BraTS_2018/preprocessed/HGG/Brats18_TCIA08_167_1/Brats18_TCIA08_167_1_flair.nii.gz,/home/feiner/datasets/BraTS_2018/preprocessed/HGG/Brats18_TCIA08_167_1/Brats18_TCIA08_167_1_t1.nii.gz,/home/feiner/datasets/BraTS_2018/preprocessed/HGG/Brats18_TCIA08_167_1/Brats18_TCIA08_167_1_t1ce.nii.gz,/home/feiner/datasets/BraTS_2018/preprocessed/HGG/Brats18_TCIA08_167_1/Brats18_TCIA08_167_1_t2.nii.gz
HGG/Brats18_TCIA08_205_1/Brats18_TCIA08_205_1,/home/feiner/datasets/BraTS_2018/preprocessed/HGG/Brats18_TCIA08_205_1/Brats18_TCIA08_205_1_seg.nii.gz,/home/feiner/datasets/BraTS_2018/preprocessed/HGG/Brats18_TCIA08_205_1/Brats18_TCIA08_205_1_brain_mask.nii.gz,/home/feiner/datasets/BraTS_2018/preprocessed/HGG/Brats18_TCIA08_205_1/Brats18_TCIA08_205_1_flair.nii.gz,/home/feiner/datasets/BraTS_2018/preprocessed/HGG/Brats18_TCIA08_205_1/Brats18_TCIA08_205_1_t1.nii.gz,/home/feiner/datasets/BraTS_2018/preprocessed/HGG/Brats18_TCIA08_205_1/Brats18_TCIA08_205_1_t1ce.nii.gz,/home/feiner/datasets/BraTS_2018/preprocessed/HGG/Brats18_TCIA08_205_1/Brats18_TCIA08_205_1_t2.nii.gz
HGG/Brats18_TCIA08_218_1/Brats18_TCIA08_218_1,/home/feiner/datasets/BraTS_2018/preprocessed/HGG/Brats18_TCIA08_218_1/Brats18_TCIA08_218_1_seg.nii.gz,/home/feiner/datasets/BraTS_2018/preprocessed/HGG/Brats18_TCIA08_218_1/Brats18_TCIA08_218_1_brain_mask.nii.gz,/home/feiner/datasets/BraTS_2018/preprocessed/HGG/Brats18_TCIA08_218_1/Brats18_TCIA08_218_1_flair.nii.gz,/home/feiner/datasets/BraTS_2018/preprocessed/HGG/Brats18_TCIA08_218_1/Brats18_TCIA08_218_1_t1.nii.gz,/home/feiner/datasets/BraTS_2018/preprocessed/HGG/Brats18_TCIA08_218_1/Brats18_TCIA08_218_1_t1ce.nii.gz,/home/feiner/datasets/BraTS_2018/preprocessed/HGG/Brats18_TCIA08_218_1/Brats18_TCIA08_218_1_t2.nii.gz
HGG/Brats18_TCIA08_242_1/Brats18_TCIA08_242_1,/home/feiner/datasets/BraTS_2018/preprocessed/HGG/Brats18_TCIA08_242_1/Brats18_TCIA08_242_1_seg.nii.gz,/home/feiner/datasets/BraTS_2018/preprocessed/HGG/Brats18_TCIA08_242_1/Brats18_TCIA08_242_1_brain_mask.nii.gz,/home/feiner/datasets/BraTS_2018/preprocessed/HGG/Brats18_TCIA08_242_1/Brats18_TCIA08_242_1_flair.nii.gz,/home/feiner/datasets/BraTS_2018/preprocessed/HGG/Brats18_TCIA08_242_1/Brats18_TCIA08_242_1_t1.nii.gz,/home/feiner/datasets/BraTS_2018/preprocessed/HGG/Brats18_TCIA08_242_1/Brats18_TCIA08_242_1_t1ce.nii.gz,/home/feiner/datasets/BraTS_2018/preprocessed/HGG/Brats18_TCIA08_242_1/Brats18_TCIA08_242_1_t2.nii.gz
HGG/Brats18_TCIA08_280_1/Brats18_TCIA08_280_1,/home/feiner/datasets/BraTS_2018/preprocessed/HGG/Brats18_TCIA08_280_1/Brats18_TCIA08_280_1_seg.nii.gz,/home/feiner/datasets/BraTS_2018/preprocessed/HGG/Brats18_TCIA08_280_1/Brats18_TCIA08_280_1_brain_mask.nii.gz,/home/feiner/datasets/BraTS_2018/preprocessed/HGG/Brats18_TCIA08_280_1/Brats18_TCIA08_280_1_flair.nii.gz,/home/feiner/datasets/BraTS_2018/preprocessed/HGG/Brats18_TCIA08_280_1/Brats18_TCIA08_280_1_t1.nii.gz,/home/feiner/datasets/BraTS_2018/preprocessed/HGG/Brats18_TCIA08_280_1/Brats18_TCIA08_280_1_t1ce.nii.gz,/home/feiner/datasets/BraTS_2018/preprocessed/HGG/Brats18_TCIA08_280_1/Brats18_TCIA08_280_1_t2.nii.gz
HGG/Brats18_TCIA08_319_1/Brats18_TCIA08_319_1,/home/feiner/datasets/BraTS_2018/preprocessed/HGG/Brats18_TCIA08_319_1/Brats18_TCIA08_319_1_seg.nii.gz,/home/feiner/datasets/BraTS_2018/preprocessed/HGG/Brats18_TCIA08_319_1/Brats18_TCIA08_319_1_brain_mask.nii.gz,/home/feiner/datasets/BraTS_2018/preprocessed/HGG/Brats18_TCIA08_319_1/Brats18_TCIA08_319_1_flair.nii.gz,/home/feiner/datasets/BraTS_2018/preprocessed/HGG/Brats18_TCIA08_319_1/Brats18_TCIA08_319_1_t1.nii.gz,/home/feiner/datasets/BraTS_2018/preprocessed/HGG/Brats18_TCIA08_319_1/Brats18_TCIA08_319_1_t1ce.nii.gz,/home/feiner/datasets/BraTS_2018/preprocessed/HGG/Brats18_TCIA08_319_1/Brats18_TCIA08_319_1_t2.nii.gz
LGG/Brats18_2013_0_1/Brats18_2013_0_1,/home/feiner/datasets/BraTS_2018/preprocessed/LGG/Brats18_2013_0_1/Brats18_2013_0_1_seg.nii.gz,/home/feiner/datasets/BraTS_2018/preprocessed/LGG/Brats18_2013_0_1/Brats18_2013_0_1_brain_mask.nii.gz,/home/feiner/datasets/BraTS_2018/preprocessed/LGG/Brats18_2013_0_1/Brats18_2013_0_1_flair.nii.gz,/home/feiner/datasets/BraTS_2018/preprocessed/LGG/Brats18_2013_0_1/Brats18_2013_0_1_t1.nii.gz,/home/feiner/datasets/BraTS_2018/preprocessed/LGG/Brats18_2013_0_1/Brats18_2013_0_1_t1ce.nii.gz,/home/feiner/datasets/BraTS_2018/preprocessed/LGG/Brats18_2013_0_1/Brats18_2013_0_1_t2.nii.gz
LGG/Brats18_2013_15_1/Brats18_2013_15_1,/home/feiner/datasets/BraTS_2018/preprocessed/LGG/Brats18_2013_15_1/Brats18_2013_15_1_seg.nii.gz,/home/feiner/datasets/BraTS_2018/preprocessed/LGG/Brats18_2013_15_1/Brats18_2013_15_1_brain_mask.nii.gz,/home/feiner/datasets/BraTS_2018/preprocessed/LGG/Brats18_2013_15_1/Brats18_2013_15_1_flair.nii.gz,/home/feiner/datasets/BraTS_2018/preprocessed/LGG/Brats18_2013_15_1/Brats18_2013_15_1_t1.nii.gz,/home/feiner/datasets/BraTS_2018/preprocessed/LGG/Brats18_2013_15_1/Brats18_2013_15_1_t1ce.nii.gz,/home/feiner/datasets/BraTS_2018/preprocessed/LGG/Brats18_2013_15_1/Brats18_2013_15_1_t2.nii.gz
LGG/Brats18_2013_16_1/Brats18_2013_16_1,/home/feiner/datasets/BraTS_2018/preprocessed/LGG/Brats18_2013_16_1/Brats18_2013_16_1_seg.nii.gz,/home/feiner/datasets/BraTS_2018/preprocessed/LGG/Brats18_2013_16_1/Brats18_2013_16_1_brain_mask.nii.gz,/home/feiner/datasets/BraTS_2018/preprocessed/LGG/Brats18_2013_16_1/Brats18_2013_16_1_flair.nii.gz,/home/feiner/datasets/BraTS_2018/preprocessed/LGG/Brats18_2013_16_1/Brats18_2013_16_1_t1.nii.gz,/home/feiner/datasets/BraTS_2018/preprocessed/LGG/Brats18_2013_16_1/Brats18_2013_16_1_t1ce.nii.gz,/home/feiner/datasets/BraTS_2018/preprocessed/LGG/Brats18_2013_16_1/Brats18_2013_16_1_t2.nii.gz
LGG/Brats18_2013_28_1/Brats18_2013_28_1,/home/feiner/datasets/BraTS_2018/preprocessed/LGG/Brats18_2013_28_1/Brats18_2013_28_1_seg.nii.gz,/home/feiner/datasets/BraTS_2018/preprocessed/LGG/Brats18_2013_28_1/Brats18_2013_28_1_brain_mask.nii.gz,/home/feiner/datasets/BraTS_2018/preprocessed/LGG/Brats18_2013_28_1/Brats18_2013_28_1_flair.nii.gz,/home/feiner/datasets/BraTS_2018/preprocessed/LGG/Brats18_2013_28_1/Brats18_2013_28_1_t1.nii.gz,/home/feiner/datasets/BraTS_2018/preprocessed/LGG/Brats18_2013_28_1/Brats18_2013_28_1_t1ce.nii.gz,/home/feiner/datasets/BraTS_2018/preprocessed/LGG/Brats18_2013_28_1/Brats18_2013_28_1_t2.nii.gz
LGG/Brats18_2013_6_1/Brats18_2013_6_1,/home/feiner/datasets/BraTS_2018/preprocessed/LGG/Brats18_2013_6_1/Brats18_2013_6_1_seg.nii.gz,/home/feiner/datasets/BraTS_2018/preprocessed/LGG/Brats18_2013_6_1/Brats18_2013_6_1_brain_mask.nii.gz,/home/feiner/datasets/BraTS_2018/preprocessed/LGG/Brats18_2013_6_1/Brats18_2013_6_1_flair.nii.gz,/home/feiner/datasets/BraTS_2018/preprocessed/LGG/Brats18_2013_6_1/Brats18_2013_6_1_t1.nii.gz,/home/feiner/datasets/BraTS_2018/preprocessed/LGG/Brats18_2013_6_1/Brats18_2013_6_1_t1ce.nii.gz,/home/feiner/datasets/BraTS_2018/preprocessed/LGG/Brats18_2013_6_1/Brats18_2013_6_1_t2.nii.gz
LGG/Brats18_2013_9_1/Brats18_2013_9_1,/home/feiner/datasets/BraTS_2018/preprocessed/LGG/Brats18_2013_9_1/Brats18_2013_9_1_seg.nii.gz,/home/feiner/datasets/BraTS_2018/preprocessed/LGG/Brats18_2013_9_1/Brats18_2013_9_1_brain_mask.nii.gz,/home/feiner/datasets/BraTS_2018/preprocessed/LGG/Brats18_2013_9_1/Brats18_2013_9_1_flair.nii.gz,/home/feiner/datasets/BraTS_2018/preprocessed/LGG/Brats18_2013_9_1/Brats18_2013_9_1_t1.nii.gz,/home/feiner/datasets/BraTS_2018/preprocessed/LGG/Brats18_2013_9_1/Brats18_2013_9_1_t1ce.nii.gz,/home/feiner/datasets/BraTS_2018/preprocessed/LGG/Brats18_2013_9_1/Brats18_2013_9_1_t2.nii.gz
LGG/Brats18_TCIA09_254_1/Brats18_TCIA09_254_1,/home/feiner/datasets/BraTS_2018/preprocessed/LGG/Brats18_TCIA09_254_1/Brats18_TCIA09_254_1_seg.nii.gz,/home/feiner/datasets/BraTS_2018/preprocessed/LGG/Brats18_TCIA09_254_1/Brats18_TCIA09_254_1_brain_mask.nii.gz,/home/feiner/datasets/BraTS_2018/preprocessed/LGG/Brats18_TCIA09_254_1/Brats18_TCIA09_254_1_flair.nii.gz,/home/feiner/datasets/BraTS_2018/preprocessed/LGG/Brats18_TCIA09_254_1/Brats18_TCIA09_254_1_t1.nii.gz,/home/feiner/datasets/BraTS_2018/preprocessed/LGG/Brats18_TCIA09_254_1/Brats18_TCIA09_254_1_t1ce.nii.gz,/home/feiner/datasets/BraTS_2018/preprocessed/LGG/Brats18_TCIA09_254_1/Brats18_TCIA09_254_1_t2.nii.gz
LGG/Brats18_TCIA09_255_1/Brats18_TCIA09_255_1,/home/feiner/datasets/BraTS_2018/preprocessed/LGG/Brats18_TCIA09_255_1/Brats18_TCIA09_255_1_seg.nii.gz,/home/feiner/datasets/BraTS_2018/preprocessed/LGG/Brats18_TCIA09_255_1/Brats18_TCIA09_255_1_brain_mask.nii.gz,/home/feiner/datasets/BraTS_2018/preprocessed/LGG/Brats18_TCIA09_255_1/Brats18_TCIA09_255_1_flair.nii.gz,/home/feiner/datasets/BraTS_2018/preprocessed/LGG/Brats18_TCIA09_255_1/Brats18_TCIA09_255_1_t1.nii.gz,/home/feiner/datasets/BraTS_2018/preprocessed/LGG/Brats18_TCIA09_255_1/Brats18_TCIA09_255_1_t1ce.nii.gz,/home/feiner/datasets/BraTS_2018/preprocessed/LGG/Brats18_TCIA09_255_1/Brats18_TCIA09_255_1_t2.nii.gz
LGG/Brats18_TCIA09_312_1/Brats18_TCIA09_312_1,/home/feiner/datasets/BraTS_2018/preprocessed/LGG/Brats18_TCIA09_312_1/Brats18_TCIA09_312_1_seg.nii.gz,/home/feiner/datasets/BraTS_2018/preprocessed/LGG/Brats18_TCIA09_312_1/Brats18_TCIA09_312_1_brain_mask.nii.gz,/home/feiner/datasets/BraTS_2018/preprocessed/LGG/Brats18_TCIA09_312_1/Brats18_TCIA09_312_1_flair.nii.gz,/home/feiner/datasets/BraTS_2018/preprocessed/LGG/Brats18_TCIA09_312_1/Brats18_TCIA09_312_1_t1.nii.gz,/home/feiner/datasets/BraTS_2018/preprocessed/LGG/Brats18_TCIA09_312_1/Brats18_TCIA09_312_1_t1ce.nii.gz,/home/feiner/datasets/BraTS_2018/preprocessed/LGG/Brats18_TCIA09_312_1/Brats18_TCIA09_312_1_t2.nii.gz
LGG/Brats18_TCIA09_402_1/Brats18_TCIA09_402_1,/home/feiner/datasets/BraTS_2018/preprocessed/LGG/Brats18_TCIA09_402_1/Brats18_TCIA09_402_1_seg.nii.gz,/home/feiner/datasets/BraTS_2018/preprocessed/LGG/Brats18_TCIA09_402_1/Brats18_TCIA09_402_1_brain_mask.nii.gz,/home/feiner/datasets/BraTS_2018/preprocessed/LGG/Brats18_TCIA09_402_1/Brats18_TCIA09_402_1_flair.nii.gz,/home/feiner/datasets/BraTS_2018/preprocessed/LGG/Brats18_TCIA09_402_1/Brats18_TCIA09_402_1_t1.nii.gz,/home/feiner/datasets/BraTS_2018/preprocessed/LGG/Brats18_TCIA09_402_1/Brats18_TCIA09_402_1_t1ce.nii.gz,/home/feiner/datasets/BraTS_2018/preprocessed/LGG/Brats18_TCIA09_402_1/Brats18_TCIA09_402_1_t2.nii.gz
LGG/Brats18_TCIA09_428_1/Brats18_TCIA09_428_1,/home/feiner/datasets/BraTS_2018/preprocessed/LGG/Brats18_TCIA09_428_1/Brats18_TCIA09_428_1_seg.nii.gz,/home/feiner/datasets/BraTS_2018/preprocessed/LGG/Brats18_TCIA09_428_1/Brats18_TCIA09_428_1_brain_mask.nii.gz,/home/feiner/datasets/BraTS_2018/preprocessed/LGG/Brats18_TCIA09_428_1/Brats18_TCIA09_428_1_flair.nii.gz,/home/feiner/datasets/BraTS_2018/preprocessed/LGG/Brats18_TCIA09_428_1/Brats18_TCIA09_428_1_t1.nii.gz,/home/feiner/datasets/BraTS_2018/preprocessed/LGG/Brats18_TCIA09_428_1/Brats18_TCIA09_428_1_t1ce.nii.gz,/home/feiner/datasets/BraTS_2018/preprocessed/LGG/Brats18_TCIA09_428_1/Brats18_TCIA09_428_1_t2.nii.gz
LGG/Brats18_TCIA09_451_1/Brats18_TCIA09_451_1,/home/feiner/datasets/BraTS_2018/preprocessed/LGG/Brats18_TCIA09_451_1/Brats18_TCIA09_451_1_seg.nii.gz,/home/feiner/datasets/BraTS_2018/preprocessed/LGG/Brats18_TCIA09_451_1/Brats18_TCIA09_451_1_brain_mask.nii.gz,/home/feiner/datasets/BraTS_2018/preprocessed/LGG/Brats18_TCIA09_451_1/Brats18_TCIA09_451_1_flair.nii.gz,/home/feiner/datasets/BraTS_2018/preprocessed/LGG/Brats18_TCIA09_451_1/Brats18_TCIA09_451_1_t1.nii.gz,/home/feiner/datasets/BraTS_2018/preprocessed/LGG/Brats18_TCIA09_451_1/Brats18_TCIA09_451_1_t1ce.nii.gz,/home/feiner/datasets/BraTS_2018/preprocessed/LGG/Brats18_TCIA09_451_1/Brats18_TCIA09_451_1_t2.nii.gz
LGG/Brats18_TCIA09_462_1/Brats18_TCIA09_462_1,/home/feiner/datasets/BraTS_2018/preprocessed/LGG/Brats18_TCIA09_462_1/Brats18_TCIA09_462_1_seg.nii.gz,/home/feiner/datasets/BraTS_2018/preprocessed/LGG/Brats18_TCIA09_462_1/Brats18_TCIA09_462_1_brain_mask.nii.gz,/home/feiner/datasets/BraTS_2018/preprocessed/LGG/Brats18_TCIA09_462_1/Brats18_TCIA09_462_1_flair.nii.gz,/home/feiner/datasets/BraTS_2018/preprocessed/LGG/Brats18_TCIA09_462_1/Brats18_TCIA09_462_1_t1.nii.gz,/home/feiner/datasets/BraTS_2018/preprocessed/LGG/Brats18_TCIA09_462_1/Brats18_TCIA09_462_1_t1ce.nii.gz,/home/feiner/datasets/BraTS_2018/preprocessed/LGG/Brats18_TCIA09_462_1/Brats18_TCIA09_462_1_t2.nii.gz
LGG/Brats18_TCIA09_620_1/Brats18_TCIA09_620_1,/home/feiner/datasets/BraTS_2018/preprocessed/LGG/Brats18_TCIA09_620_1/Brats18_TCIA09_620_1_seg.nii.gz,/home/feiner/datasets/BraTS_2018/preprocessed/LGG/Brats18_TCIA09_620_1/Brats18_TCIA09_620_1_brain_mask.nii.gz,/home/feiner/datasets/BraTS_2018/preprocessed/LGG/Brats18_TCIA09_620_1/Brats18_TCIA09_620_1_flair.nii.gz,/home/feiner/datasets/BraTS_2018/preprocessed/LGG/Brats18_TCIA09_620_1/Brats18_TCIA09_620_1_t1.nii.gz,/home/feiner/datasets/BraTS_2018/preprocessed/LGG/Brats18_TCIA09_620_1/Brats18_TCIA09_620_1_t1ce.nii.gz,/home/feiner/datasets/BraTS_2018/preprocessed/LGG/Brats18_TCIA09_620_1/Brats18_TCIA09_620_1_t2.nii.gz
LGG/Brats18_TCIA10_109_1/Brats18_TCIA10_109_1,/home/feiner/datasets/BraTS_2018/preprocessed/LGG/Brats18_TCIA10_109_1/Brats18_TCIA10_109_1_seg.nii.gz,/home/feiner/datasets/BraTS_2018/preprocessed/LGG/Brats18_TCIA10_109_1/Brats18_TCIA10_109_1_brain_mask.nii.gz,/home/feiner/datasets/BraTS_2018/preprocessed/LGG/Brats18_TCIA10_109_1/Brats18_TCIA10_109_1_flair.nii.gz,/home/feiner/datasets/BraTS_2018/preprocessed/LGG/Brats18_TCIA10_109_1/Brats18_TCIA10_109_1_t1.nii.gz,/home/feiner/datasets/BraTS_2018/preprocessed/LGG/Brats18_TCIA10_109_1/Brats18_TCIA10_109_1_t1ce.nii.gz,/home/feiner/datasets/BraTS_2018/preprocessed/LGG/Brats18_TCIA10_109_1/Brats18_TCIA10_109_1_t2.nii.gz
LGG/Brats18_TCIA10_266_1/Brats18_TCIA10_266_1,/home/feiner/datasets/BraTS_2018/preprocessed/LGG/Brats18_TCIA10_266_1/Brats18_TCIA10_266_1_seg.nii.gz,/home/feiner/datasets/BraTS_2018/preprocessed/LGG/Brats18_TCIA10_266_1/Brats18_TCIA10_266_1_brain_mask.nii.gz,/home/feiner/datasets/BraTS_2018/preprocessed/LGG/Brats18_TCIA10_266_1/Brats18_TCIA10_266_1_flair.nii.gz,/home/feiner/datasets/BraTS_2018/preprocessed/LGG/Brats18_TCIA10_266_1/Brats18_TCIA10_266_1_t1.nii.gz,/home/feiner/datasets/BraTS_2018/preprocessed/LGG/Brats18_TCIA10_266_1/Brats18_TCIA10_266_1_t1ce.nii.gz,/home/feiner/datasets/BraTS_2018/preprocessed/LGG/Brats18_TCIA10_266_1/Brats18_TCIA10_266_1_t2.nii.gz
LGG/Brats18_TCIA10_282_1/Brats18_TCIA10_282_1,/home/feiner/datasets/BraTS_2018/preprocessed/LGG/Brats18_TCIA10_282_1/Brats18_TCIA10_282_1_seg.nii.gz,/home/feiner/datasets/BraTS_2018/preprocessed/LGG/Brats18_TCIA10_282_1/Brats18_TCIA10_282_1_brain_mask.nii.gz,/home/feiner/datasets/BraTS_2018/preprocessed/LGG/Brats18_TCIA10_282_1/Brats18_TCIA10_282_1_flair.nii.gz,/home/feiner/datasets/BraTS_2018/preprocessed/LGG/Brats18_TCIA10_282_1/Brats18_TCIA10_282_1_t1.nii.gz,/home/feiner/datasets/BraTS_2018/preprocessed/LGG/Brats18_TCIA10_282_1/Brats18_TCIA10_282_1_t1ce.nii.gz,/home/feiner/datasets/BraTS_2018/preprocessed/LGG/Brats18_TCIA10_282_1/Brats18_TCIA10_282_1_t2.nii.gz
LGG/Brats18_TCIA10_307_1/Brats18_TCIA10_307_1,/home/feiner/datasets/BraTS_2018/preprocessed/LGG/Brats18_TCIA10_307_1/Brats18_TCIA10_307_1_seg.nii.gz,/home/feiner/datasets/BraTS_2018/preprocessed/LGG/Brats18_TCIA10_307_1/Brats18_TCIA10_307_1_brain_mask.nii.gz,/home/feiner/datasets/BraTS_2018/preprocessed/LGG/Brats18_TCIA10_307_1/Brats18_TCIA10_307_1_flair.nii.gz,/home/feiner/datasets/BraTS_2018/preprocessed/LGG/Brats18_TCIA10_307_1/Brats18_TCIA10_307_1_t1.nii.gz,/home/feiner/datasets/BraTS_2018/preprocessed/LGG/Brats18_TCIA10_307_1/Brats18_TCIA10_307_1_t1ce.nii.gz,/home/feiner/datasets/BraTS_2018/preprocessed/LGG/Brats18_TCIA10_307_1/Brats18_TCIA10_307_1_t2.nii.gz
LGG/Brats18_TCIA10_310_1/Brats18_TCIA10_310_1,/home/feiner/datasets/BraTS_2018/preprocessed/LGG/Brats18_TCIA10_310_1/Brats18_TCIA10_310_1_seg.nii.gz,/home/feiner/datasets/BraTS_2018/preprocessed/LGG/Brats18_TCIA10_310_1/Brats18_TCIA10_310_1_brain_mask.nii.gz,/home/feiner/datasets/BraTS_2018/preprocessed/LGG/Brats18_TCIA10_310_1/Brats18_TCIA10_310_1_flair.nii.gz,/home/feiner/datasets/BraTS_2018/preprocessed/LGG/Brats18_TCIA10_310_1/Brats18_TCIA10_310_1_t1.nii.gz,/home/feiner/datasets/BraTS_2018/preprocessed/LGG/Brats18_TCIA10_310_1/Brats18_TCIA10_310_1_t1ce.nii.gz,/home/feiner/datasets/BraTS_2018/preprocessed/LGG/Brats18_TCIA10_310_1/Brats18_TCIA10_310_1_t2.nii.gz
LGG/Brats18_TCIA10_330_1/Brats18_TCIA10_330_1,/home/feiner/datasets/BraTS_2018/preprocessed/LGG/Brats18_TCIA10_330_1/Brats18_TCIA10_330_1_seg.nii.gz,/home/feiner/datasets/BraTS_2018/preprocessed/LGG/Brats18_TCIA10_330_1/Brats18_TCIA10_330_1_brain_mask.nii.gz,/home/feiner/datasets/BraTS_2018/preprocessed/LGG/Brats18_TCIA10_330_1/Brats18_TCIA10_330_1_flair.nii.gz,/home/feiner/datasets/BraTS_2018/preprocessed/LGG/Brats18_TCIA10_330_1/Brats18_TCIA10_330_1_t1.nii.gz,/home/feiner/datasets/BraTS_2018/preprocessed/LGG/Brats18_TCIA10_330_1/Brats18_TCIA10_330_1_t1ce.nii.gz,/home/feiner/datasets/BraTS_2018/preprocessed/LGG/Brats18_TCIA10_330_1/Brats18_TCIA10_330_1_t2.nii.gz
LGG/Brats18_TCIA10_351_1/Brats18_TCIA10_351_1,/home/feiner/datasets/BraTS_2018/preprocessed/LGG/Brats18_TCIA10_351_1/Brats18_TCIA10_351_1_seg.nii.gz,/home/feiner/datasets/BraTS_2018/preprocessed/LGG/Brats18_TCIA10_351_1/Brats18_TCIA10_351_1_brain_mask.nii.gz,/home/feiner/datasets/BraTS_2018/preprocessed/LGG/Brats18_TCIA10_351_1/Brats18_TCIA10_351_1_flair.nii.gz,/home/feiner/datasets/BraTS_2018/preprocessed/LGG/Brats18_TCIA10_351_1/Brats18_TCIA10_351_1_t1.nii.gz,/home/feiner/datasets/BraTS_2018/preprocessed/LGG/Brats18_TCIA10_351_1/Brats18_TCIA10_351_1_t1ce.nii.gz,/home/feiner/datasets/BraTS_2018/preprocessed/LGG/Brats18_TCIA10_351_1/Brats18_TCIA10_351_1_t2.nii.gz
LGG/Brats18_TCIA10_393_1/Brats18_TCIA10_393_1,/home/feiner/datasets/BraTS_2018/preprocessed/LGG/Brats18_TCIA10_393_1/Brats18_TCIA10_393_1_seg.nii.gz,/home/feiner/datasets/BraTS_2018/preprocessed/LGG/Brats18_TCIA10_393_1/Brats18_TCIA10_393_1_brain_mask.nii.gz,/home/feiner/datasets/BraTS_2018/preprocessed/LGG/Brats18_TCIA10_393_1/Brats18_TCIA10_393_1_flair.nii.gz,/home/feiner/datasets/BraTS_2018/preprocessed/LGG/Brats18_TCIA10_393_1/Brats18_TCIA10_393_1_t1.nii.gz,/home/feiner/datasets/BraTS_2018/preprocessed/LGG/Brats18_TCIA10_393_1/Brats18_TCIA10_393_1_t1ce.nii.gz,/home/feiner/datasets/BraTS_2018/preprocessed/LGG/Brats18_TCIA10_393_1/Brats18_TCIA10_393_1_t2.nii.gz
LGG/Brats18_TCIA10_410_1/Brats18_TCIA10_410_1,/home/feiner/datasets/BraTS_2018/preprocessed/LGG/Brats18_TCIA10_410_1/Brats18_TCIA10_410_1_seg.nii.gz,/home/feiner/datasets/BraTS_2018/preprocessed/LGG/Brats18_TCIA10_410_1/Brats18_TCIA10_410_1_brain_mask.nii.gz,/home/feiner/datasets/BraTS_2018/preprocessed/LGG/Brats18_TCIA10_410_1/Brats18_TCIA10_410_1_flair.nii.gz,/home/feiner/datasets/BraTS_2018/preprocessed/LGG/Brats18_TCIA10_410_1/Brats18_TCIA10_410_1_t1.nii.gz,/home/feiner/datasets/BraTS_2018/preprocessed/LGG/Brats18_TCIA10_410_1/Brats18_TCIA10_410_1_t1ce.nii.gz,/home/feiner/datasets/BraTS_2018/preprocessed/LGG/Brats18_TCIA10_410_1/Brats18_TCIA10_410_1_t2.nii.gz
LGG/Brats18_TCIA10_413_1/Brats18_TCIA10_413_1,/home/feiner/datasets/BraTS_2018/preprocessed/LGG/Brats18_TCIA10_413_1/Brats18_TCIA10_413_1_seg.nii.gz,/home/feiner/datasets/BraTS_2018/preprocessed/LGG/Brats18_TCIA10_413_1/Brats18_TCIA10_413_1_brain_mask.nii.gz,/home/feiner/datasets/BraTS_2018/preprocessed/LGG/Brats18_TCIA10_413_1/Brats18_TCIA10_413_1_flair.nii.gz,/home/feiner/datasets/BraTS_2018/preprocessed/LGG/Brats18_TCIA10_413_1/Brats18_TCIA10_413_1_t1.nii.gz,/home/feiner/datasets/BraTS_2018/preprocessed/LGG/Brats18_TCIA10_413_1/Brats18_TCIA10_413_1_t1ce.nii.gz,/home/feiner/datasets/BraTS_2018/preprocessed/LGG/Brats18_TCIA10_413_1/Brats18_TCIA10_413_1_t2.nii.gz
LGG/Brats18_TCIA10_442_1/Brats18_TCIA10_442_1,/home/feiner/datasets/BraTS_2018/preprocessed/LGG/Brats18_TCIA10_442_1/Brats18_TCIA10_442_1_seg.nii.gz,/home/feiner/datasets/BraTS_2018/preprocessed/LGG/Brats18_TCIA10_442_1/Brats18_TCIA10_442_1_brain_mask.nii.gz,/home/feiner/datasets/BraTS_2018/preprocessed/LGG/Brats18_TCIA10_442_1/Brats18_TCIA10_442_1_flair.nii.gz,/home/feiner/datasets/BraTS_2018/preprocessed/LGG/Brats18_TCIA10_442_1/Brats18_TCIA10_442_1_t1.nii.gz,/home/feiner/datasets/BraTS_2018/preprocessed/LGG/Brats18_TCIA10_442_1/Brats18_TCIA10_442_1_t1ce.nii.gz,/home/feiner/datasets/BraTS_2018/preprocessed/LGG/Brats18_TCIA10_442_1/Brats18_TCIA10_442_1_t2.nii.gz
LGG/Brats18_TCIA10_449_1/Brats18_TCIA10_449_1,/home/feiner/datasets/BraTS_2018/preprocessed/LGG/Brats18_TCIA10_449_1/Brats18_TCIA10_449_1_seg.nii.gz,/home/feiner/datasets/BraTS_2018/preprocessed/LGG/Brats18_TCIA10_449_1/Brats18_TCIA10_449_1_brain_mask.nii.gz,/home/feiner/datasets/BraTS_2018/preprocessed/LGG/Brats18_TCIA10_449_1/Brats18_TCIA10_449_1_flair.nii.gz,/home/feiner/datasets/BraTS_2018/preprocessed/LGG/Brats18_TCIA10_449_1/Brats18_TCIA10_449_1_t1.nii.gz,/home/feiner/datasets/BraTS_2018/preprocessed/LGG/Brats18_TCIA10_449_1/Brats18_TCIA10_449_1_t1ce.nii.gz,/home/feiner/datasets/BraTS_2018/preprocessed/LGG/Brats18_TCIA10_449_1/Brats18_TCIA10_449_1_t2.nii.gz
LGG/Brats18_TCIA10_490_1/Brats18_TCIA10_490_1,/home/feiner/datasets/BraTS_2018/preprocessed/LGG/Brats18_TCIA10_490_1/Brats18_TCIA10_490_1_seg.nii.gz,/home/feiner/datasets/BraTS_2018/preprocessed/LGG/Brats18_TCIA10_490_1/Brats18_TCIA10_490_1_brain_mask.nii.gz,/home/feiner/datasets/BraTS_2018/preprocessed/LGG/Brats18_TCIA10_490_1/Brats18_TCIA10_490_1_flair.nii.gz,/home/feiner/datasets/BraTS_2018/preprocessed/LGG/Brats18_TCIA10_490_1/Brats18_TCIA10_490_1_t1.nii.gz,/home/feiner/datasets/BraTS_2018/preprocessed/LGG/Brats18_TCIA10_490_1/Brats18_TCIA10_490_1_t1ce.nii.gz,/home/feiner/datasets/BraTS_2018/preprocessed/LGG/Brats18_TCIA10_490_1/Brats18_TCIA10_490_1_t2.nii.gz
LGG/Brats18_TCIA10_625_1/Brats18_TCIA10_625_1,/home/feiner/datasets/BraTS_2018/preprocessed/LGG/Brats18_TCIA10_625_1/Brats18_TCIA10_625_1_seg.nii.gz,/home/feiner/datasets/BraTS_2018/preprocessed/LGG/Brats18_TCIA10_625_1/Brats18_TCIA10_625_1_brain_mask.nii.gz,/home/feiner/datasets/BraTS_2018/preprocessed/LGG/Brats18_TCIA10_625_1/Brats18_TCIA10_625_1_flair.nii.gz,/home/feiner/datasets/BraTS_2018/preprocessed/LGG/Brats18_TCIA10_625_1/Brats18_TCIA10_625_1_t1.nii.gz,/home/feiner/datasets/BraTS_2018/preprocessed/LGG/Brats18_TCIA10_625_1/Brats18_TCIA10_625_1_t1ce.nii.gz,/home/feiner/datasets/BraTS_2018/preprocessed/LGG/Brats18_TCIA10_625_1/Brats18_TCIA10_625_1_t2.nii.gz
LGG/Brats18_TCIA10_628_1/Brats18_TCIA10_628_1,/home/feiner/datasets/BraTS_2018/preprocessed/LGG/Brats18_TCIA10_628_1/Brats18_TCIA10_628_1_seg.nii.gz,/home/feiner/datasets/BraTS_2018/preprocessed/LGG/Brats18_TCIA10_628_1/Brats18_TCIA10_628_1_brain_mask.nii.gz,/home/feiner/datasets/BraTS_2018/preprocessed/LGG/Brats18_TCIA10_628_1/Brats18_TCIA10_628_1_flair.nii.gz,/home/feiner/datasets/BraTS_2018/preprocessed/LGG/Brats18_TCIA10_628_1/Brats18_TCIA10_628_1_t1.nii.gz,/home/feiner/datasets/BraTS_2018/preprocessed/LGG/Brats18_TCIA10_628_1/Brats18_TCIA10_628_1_t1ce.nii.gz,/home/feiner/datasets/BraTS_2018/preprocessed/LGG/Brats18_TCIA10_628_1/Brats18_TCIA10_628_1_t2.nii.gz
LGG/Brats18_TCIA10_632_1/Brats18_TCIA10_632_1,/home/feiner/datasets/BraTS_2018/preprocessed/LGG/Brats18_TCIA10_632_1/Brats18_TCIA10_632_1_seg.nii.gz,/home/feiner/datasets/BraTS_2018/preprocessed/LGG/Brats18_TCIA10_632_1/Brats18_TCIA10_632_1_brain_mask.nii.gz,/home/feiner/datasets/BraTS_2018/preprocessed/LGG/Brats18_TCIA10_632_1/Brats18_TCIA10_632_1_flair.nii.gz,/home/feiner/datasets/BraTS_2018/preprocessed/LGG/Brats18_TCIA10_632_1/Brats18_TCIA10_632_1_t1.nii.gz,/home/feiner/datasets/BraTS_2018/preprocessed/LGG/Brats18_TCIA10_632_1/Brats18_TCIA10_632_1_t1ce.nii.gz,/home/feiner/datasets/BraTS_2018/preprocessed/LGG/Brats18_TCIA10_632_1/Brats18_TCIA10_632_1_t2.nii.gz
LGG/Brats18_TCIA10_637_1/Brats18_TCIA10_637_1,/home/feiner/datasets/BraTS_2018/preprocessed/LGG/Brats18_TCIA10_637_1/Brats18_TCIA10_637_1_seg.nii.gz,/home/feiner/datasets/BraTS_2018/preprocessed/LGG/Brats18_TCIA10_637_1/Brats18_TCIA10_637_1_brain_mask.nii.gz,/home/feiner/datasets/BraTS_2018/preprocessed/LGG/Brats18_TCIA10_637_1/Brats18_TCIA10_637_1_flair.nii.gz,/home/feiner/datasets/BraTS_2018/preprocessed/LGG/Brats18_TCIA10_637_1/Brats18_TCIA10_637_1_t1.nii.gz,/home/feiner/datasets/BraTS_2018/preprocessed/LGG/Brats18_TCIA10_637_1/Brats18_TCIA10_637_1_t1ce.nii.gz,/home/feiner/datasets/BraTS_2018/preprocessed/LGG/Brats18_TCIA10_637_1/Brats18_TCIA10_637_1_t2.nii.gz
LGG/Brats18_TCIA10_639_1/Brats18_TCIA10_639_1,/home/feiner/datasets/BraTS_2018/preprocessed/LGG/Brats18_TCIA10_639_1/Brats18_TCIA10_639_1_seg.nii.gz,/home/feiner/datasets/BraTS_2018/preprocessed/LGG/Brats18_TCIA10_639_1/Brats18_TCIA10_639_1_brain_mask.nii.gz,/home/feiner/datasets/BraTS_2018/preprocessed/LGG/Brats18_TCIA10_639_1/Brats18_TCIA10_639_1_flair.nii.gz,/home/feiner/datasets/BraTS_2018/preprocessed/LGG/Brats18_TCIA10_639_1/Brats18_TCIA10_639_1_t1.nii.gz,/home/feiner/datasets/BraTS_2018/preprocessed/LGG/Brats18_TCIA10_639_1/Brats18_TCIA10_639_1_t1ce.nii.gz,/home/feiner/datasets/BraTS_2018/preprocessed/LGG/Brats18_TCIA10_639_1/Brats18_TCIA10_639_1_t2.nii.gz
LGG/Brats18_TCIA10_640_1/Brats18_TCIA10_640_1,/home/feiner/datasets/BraTS_2018/preprocessed/LGG/Brats18_TCIA10_640_1/Brats18_TCIA10_640_1_seg.nii.gz,/home/feiner/datasets/BraTS_2018/preprocessed/LGG/Brats18_TCIA10_640_1/Brats18_TCIA10_640_1_brain_mask.nii.gz,/home/feiner/datasets/BraTS_2018/preprocessed/LGG/Brats18_TCIA10_640_1/Brats18_TCIA10_640_1_flair.nii.gz,/home/feiner/datasets/BraTS_2018/preprocessed/LGG/Brats18_TCIA10_640_1/Brats18_TCIA10_640_1_t1.nii.gz,/home/feiner/datasets/BraTS_2018/preprocessed/LGG/Brats18_TCIA10_640_1/Brats18_TCIA10_640_1_t1ce.nii.gz,/home/feiner/datasets/BraTS_2018/preprocessed/LGG/Brats18_TCIA10_640_1/Brats18_TCIA10_640_1_t2.nii.gz
LGG/Brats18_TCIA10_644_1/Brats18_TCIA10_644_1,/home/feiner/datasets/BraTS_2018/preprocessed/LGG/Brats18_TCIA10_644_1/Brats18_TCIA10_644_1_seg.nii.gz,/home/feiner/datasets/BraTS_2018/preprocessed/LGG/Brats18_TCIA10_644_1/Brats18_TCIA10_644_1_brain_mask.nii.gz,/home/feiner/datasets/BraTS_2018/preprocessed/LGG/Brats18_TCIA10_644_1/Brats18_TCIA10_644_1_flair.nii.gz,/home/feiner/datasets/BraTS_2018/preprocessed/LGG/Brats18_TCIA10_644_1/Brats18_TCIA10_644_1_t1.nii.gz,/home/feiner/datasets/BraTS_2018/preprocessed/LGG/Brats18_TCIA10_644_1/Brats18_TCIA10_644_1_t1ce.nii.gz,/home/feiner/datasets/BraTS_2018/preprocessed/LGG/Brats18_TCIA10_644_1/Brats18_TCIA10_644_1_t2.nii.gz
LGG/Brats18_TCIA12_298_1/Brats18_TCIA12_298_1,/home/feiner/datasets/BraTS_2018/preprocessed/LGG/Brats18_TCIA12_298_1/Brats18_TCIA12_298_1_seg.nii.gz,/home/feiner/datasets/BraTS_2018/preprocessed/LGG/Brats18_TCIA12_298_1/Brats18_TCIA12_298_1_brain_mask.nii.gz,/home/feiner/datasets/BraTS_2018/preprocessed/LGG/Brats18_TCIA12_298_1/Brats18_TCIA12_298_1_flair.nii.gz,/home/feiner/datasets/BraTS_2018/preprocessed/LGG/Brats18_TCIA12_298_1/Brats18_TCIA12_298_1_t1.nii.gz,/home/feiner/datasets/BraTS_2018/preprocessed/LGG/Brats18_TCIA12_298_1/Brats18_TCIA12_298_1_t1ce.nii.gz,/home/feiner/datasets/BraTS_2018/preprocessed/LGG/Brats18_TCIA12_298_1/Brats18_TCIA12_298_1_t2.nii.gz
LGG/Brats18_TCIA12_466_1/Brats18_TCIA12_466_1,/home/feiner/datasets/BraTS_2018/preprocessed/LGG/Brats18_TCIA12_466_1/Brats18_TCIA12_466_1_seg.nii.gz,/home/feiner/datasets/BraTS_2018/preprocessed/LGG/Brats18_TCIA12_466_1/Brats18_TCIA12_466_1_brain_mask.nii.gz,/home/feiner/datasets/BraTS_2018/preprocessed/LGG/Brats18_TCIA12_466_1/Brats18_TCIA12_466_1_flair.nii.gz,/home/feiner/datasets/BraTS_2018/preprocessed/LGG/Brats18_TCIA12_466_1/Brats18_TCIA12_466_1_t1.nii.gz,/home/feiner/datasets/BraTS_2018/preprocessed/LGG/Brats18_TCIA12_466_1/Brats18_TCIA12_466_1_t1ce.nii.gz,/home/feiner/datasets/BraTS_2018/preprocessed/LGG/Brats18_TCIA12_466_1/Brats18_TCIA12_466_1_t2.nii.gz
LGG/Brats18_TCIA12_470_1/Brats18_TCIA12_470_1,/home/feiner/datasets/BraTS_2018/preprocessed/LGG/Brats18_TCIA12_470_1/Brats18_TCIA12_470_1_seg.nii.gz,/home/feiner/datasets/BraTS_2018/preprocessed/LGG/Brats18_TCIA12_470_1/Brats18_TCIA12_470_1_brain_mask.nii.gz,/home/feiner/datasets/BraTS_2018/preprocessed/LGG/Brats18_TCIA12_470_1/Brats18_TCIA12_470_1_flair.nii.gz,/home/feiner/datasets/BraTS_2018/preprocessed/LGG/Brats18_TCIA12_470_1/Brats18_TCIA12_470_1_t1.nii.gz,/home/feiner/datasets/BraTS_2018/preprocessed/LGG/Brats18_TCIA12_470_1/Brats18_TCIA12_470_1_t1ce.nii.gz,/home/feiner/datasets/BraTS_2018/preprocessed/LGG/Brats18_TCIA12_470_1/Brats18_TCIA12_470_1_t2.nii.gz
LGG/Brats18_TCIA12_480_1/Brats18_TCIA12_480_1,/home/feiner/datasets/BraTS_2018/preprocessed/LGG/Brats18_TCIA12_480_1/Brats18_TCIA12_480_1_seg.nii.gz,/home/feiner/datasets/BraTS_2018/preprocessed/LGG/Brats18_TCIA12_480_1/Brats18_TCIA12_480_1_brain_mask.nii.gz,/home/feiner/datasets/BraTS_2018/preprocessed/LGG/Brats18_TCIA12_480_1/Brats18_TCIA12_480_1_flair.nii.gz,/home/feiner/datasets/BraTS_2018/preprocessed/LGG/Brats18_TCIA12_480_1/Brats18_TCIA12_480_1_t1.nii.gz,/home/feiner/datasets/BraTS_2018/preprocessed/LGG/Brats18_TCIA12_480_1/Brats18_TCIA12_480_1_t1ce.nii.gz,/home/feiner/datasets/BraTS_2018/preprocessed/LGG/Brats18_TCIA12_480_1/Brats18_TCIA12_480_1_t2.nii.gz
LGG/Brats18_TCIA13_615_1/Brats18_TCIA13_615_1,/home/feiner/datasets/BraTS_2018/preprocessed/LGG/Brats18_TCIA13_615_1/Brats18_TCIA13_615_1_seg.nii.gz,/home/feiner/datasets/BraTS_2018/preprocessed/LGG/Brats18_TCIA13_615_1/Brats18_TCIA13_615_1_brain_mask.nii.gz,/home/feiner/datasets/BraTS_2018/preprocessed/LGG/Brats18_TCIA13_615_1/Brats18_TCIA13_615_1_flair.nii.gz,/home/feiner/datasets/BraTS_2018/preprocessed/LGG/Brats18_TCIA13_615_1/Brats18_TCIA13_615_1_t1.nii.gz,/home/feiner/datasets/BraTS_2018/preprocessed/LGG/Brats18_TCIA13_615_1/Brats18_TCIA13_615_1_t1ce.nii.gz,/home/feiner/datasets/BraTS_2018/preprocessed/LGG/Brats18_TCIA13_615_1/Brats18_TCIA13_615_1_t2.nii.gz
LGG/Brats18_TCIA13_618_1/Brats18_TCIA13_618_1,/home/feiner/datasets/BraTS_2018/preprocessed/LGG/Brats18_TCIA13_618_1/Brats18_TCIA13_618_1_seg.nii.gz,/home/feiner/datasets/BraTS_2018/preprocessed/LGG/Brats18_TCIA13_618_1/Brats18_TCIA13_618_1_brain_mask.nii.gz,/home/feiner/datasets/BraTS_2018/preprocessed/LGG/Brats18_TCIA13_618_1/Brats18_TCIA13_618_1_flair.nii.gz,/home/feiner/datasets/BraTS_2018/preprocessed/LGG/Brats18_TCIA13_618_1/Brats18_TCIA13_618_1_t1.nii.gz,/home/feiner/datasets/BraTS_2018/preprocessed/LGG/Brats18_TCIA13_618_1/Brats18_TCIA13_618_1_t1ce.nii.gz,/home/feiner/datasets/BraTS_2018/preprocessed/LGG/Brats18_TCIA13_618_1/Brats18_TCIA13_618_1_t2.nii.gz
LGG/Brats18_TCIA13_623_1/Brats18_TCIA13_623_1,/home/feiner/datasets/BraTS_2018/preprocessed/LGG/Brats18_TCIA13_623_1/Brats18_TCIA13_623_1_seg.nii.gz,/home/feiner/datasets/BraTS_2018/preprocessed/LGG/Brats18_TCIA13_623_1/Brats18_TCIA13_623_1_brain_mask.nii.gz,/home/feiner/datasets/BraTS_2018/preprocessed/LGG/Brats18_TCIA13_623_1/Brats18_TCIA13_623_1_flair.nii.gz,/home/feiner/datasets/BraTS_2018/preprocessed/LGG/Brats18_TCIA13_623_1/Brats18_TCIA13_623_1_t1.nii.gz,/home/feiner/datasets/BraTS_2018/preprocessed/LGG/Brats18_TCIA13_623_1/Brats18_TCIA13_623_1_t1ce.nii.gz,/home/feiner/datasets/BraTS_2018/preprocessed/LGG/Brats18_TCIA13_623_1/Brats18_TCIA13_623_1_t2.nii.gz
LGG/Brats18_TCIA13_633_1/Brats18_TCIA13_633_1,/home/feiner/datasets/BraTS_2018/preprocessed/LGG/Brats18_TCIA13_633_1/Brats18_TCIA13_633_1_seg.nii.gz,/home/feiner/datasets/BraTS_2018/preprocessed/LGG/Brats18_TCIA13_633_1/Brats18_TCIA13_633_1_brain_mask.nii.gz,/home/feiner/datasets/BraTS_2018/preprocessed/LGG/Brats18_TCIA13_633_1/Brats18_TCIA13_633_1_flair.nii.gz,/home/feiner/datasets/BraTS_2018/preprocessed/LGG/Brats18_TCIA13_633_1/Brats18_TCIA13_633_1_t1.nii.gz,/home/feiner/datasets/BraTS_2018/preprocessed/LGG/Brats18_TCIA13_633_1/Brats18_TCIA13_633_1_t1ce.nii.gz,/home/feiner/datasets/BraTS_2018/preprocessed/LGG/Brats18_TCIA13_633_1/Brats18_TCIA13_633_1_t2.nii.gz
LGG/Brats18_TCIA13_645_1/Brats18_TCIA13_645_1,/home/feiner/datasets/BraTS_2018/preprocessed/LGG/Brats18_TCIA13_645_1/Brats18_TCIA13_645_1_seg.nii.gz,/home/feiner/datasets/BraTS_2018/preprocessed/LGG/Brats18_TCIA13_645_1/Brats18_TCIA13_645_1_brain_mask.nii.gz,/home/feiner/datasets/BraTS_2018/preprocessed/LGG/Brats18_TCIA13_645_1/Brats18_TCIA13_645_1_flair.nii.gz,/home/feiner/datasets/BraTS_2018/preprocessed/LGG/Brats18_TCIA13_645_1/Brats18_TCIA13_645_1_t1.nii.gz,/home/feiner/datasets/BraTS_2018/preprocessed/LGG/Brats18_TCIA13_645_1/Brats18_TCIA13_645_1_t1ce.nii.gz,/home/feiner/datasets/BraTS_2018/preprocessed/LGG/Brats18_TCIA13_645_1/Brats18_TCIA13_645_1_t2.nii.gz
